       x        z     xcen     zcen    i    j inwind converge       v_x       v_y       v_z       vol       rho        ne       t_e       t_r        h1       he2        c4        n5        o6  dmo_dt_x  dmo_dt_y  dmo_dt_z        ip        xi      ntot      nrad    nioniz 
0.00e+00 0.00e+00 3.63e+08 3.63e+08    0    0     -2        0  0.00e+00  0.00e+00  2.19e+06  0.00e+00  0.00e+00  0.00e+00  0.00e+00  0.00e+00  0.00e+00  0.00e+00  0.00e+00  0.00e+00  0.00e+00  0.00e+00  0.00e+00  0.00e+00  0.00e+00  0.00e+00  0.00e+00  0.00e+00  0.00e+00 
0.00e+00 7.25e+08 3.63e+08 8.37e+08    0    1     -1        0  0.00e+00  0.00e+00  2.19e+06  0.00e+00  0.00e+00  0.00e+00  0.00e+00  0.00e+00  0.00e+00  0.00e+00  0.00e+00  0.00e+00  0.00e+00  0.00e+00  0.00e+00  0.00e+00  0.00e+00  0.00e+00  0.00e+00  0.00e+00  0.00e+00 
0.00e+00 9.48e+08 3.63e+08 1.09e+09    0    2     -1        0  0.00e+00  0.00e+00  2.19e+06  0.00e+00  0.00e+00  0.00e+00  0.00e+00  0.00e+00  0.00e+00  0.00e+00  0.00e+00  0.00e+00  0.00e+00  0.00e+00  0.00e+00  0.00e+00  0.00e+00  0.00e+00  0.00e+00  0.00e+00  0.00e+00 
0.00e+00 1.24e+09 3.63e+08 1.43e+09    0    3     -1        0  0.00e+00  0.00e+00  2.19e+06  0.00e+00  0.00e+00  0.00e+00  0.00e+00  0.00e+00  0.00e+00  0.00e+00  0.00e+00  0.00e+00  0.00e+00  0.00e+00  0.00e+00  0.00e+00  0.00e+00  0.00e+00  0.00e+00  0.00e+00  0.00e+00 
0.00e+00 1.62e+09 3.63e+08 1.87e+09    0    4     -1        0  0.00e+00  0.00e+00  2.19e+06  0.00e+00  0.00e+00  0.00e+00  0.00e+00  0.00e+00  0.00e+00  0.00e+00  0.00e+00  0.00e+00  0.00e+00  0.00e+00  0.00e+00  0.00e+00  0.00e+00  0.00e+00  0.00e+00  0.00e+00  0.00e+00 
0.00e+00 2.12e+09 3.63e+08 2.44e+09    0    5     -1        0  0.00e+00  0.00e+00  2.19e+06  0.00e+00  0.00e+00  0.00e+00  0.00e+00  0.00e+00  0.00e+00  0.00e+00  0.00e+00  0.00e+00  0.00e+00  0.00e+00  0.00e+00  0.00e+00  0.00e+00  0.00e+00  0.00e+00  0.00e+00  0.00e+00 
0.00e+00 2.77e+09 3.63e+08 3.19e+09    0    6     -1        0  0.00e+00  0.00e+00  2.19e+06  0.00e+00  0.00e+00  0.00e+00  0.00e+00  0.00e+00  0.00e+00  0.00e+00  0.00e+00  0.00e+00  0.00e+00  0.00e+00  0.00e+00  0.00e+00  0.00e+00  0.00e+00  0.00e+00  0.00e+00  0.00e+00 
0.00e+00 3.62e+09 3.63e+08 4.17e+09    0    7     -1        0  0.00e+00  0.00e+00  2.19e+06  0.00e+00  0.00e+00  0.00e+00  0.00e+00  0.00e+00  0.00e+00  0.00e+00  0.00e+00  0.00e+00  0.00e+00  0.00e+00  0.00e+00  0.00e+00  0.00e+00  0.00e+00  0.00e+00  0.00e+00  0.00e+00 
0.00e+00 4.73e+09 3.63e+08 5.45e+09    0    8     -1        0  0.00e+00  0.00e+00  2.20e+06  0.00e+00  0.00e+00  0.00e+00  0.00e+00  0.00e+00  0.00e+00  0.00e+00  0.00e+00  0.00e+00  0.00e+00  0.00e+00  0.00e+00  0.00e+00  0.00e+00  0.00e+00  0.00e+00  0.00e+00  0.00e+00 
0.00e+00 6.18e+09 3.63e+08 7.12e+09    0    9     -1        0  0.00e+00  0.00e+00  2.20e+06  0.00e+00  0.00e+00  0.00e+00  0.00e+00  0.00e+00  0.00e+00  0.00e+00  0.00e+00  0.00e+00  0.00e+00  0.00e+00  0.00e+00  0.00e+00  0.00e+00  0.00e+00  0.00e+00  0.00e+00  0.00e+00 
0.00e+00 8.07e+09 3.63e+08 9.31e+09    0   10     -1        0  0.00e+00  0.00e+00  2.23e+06  0.00e+00  0.00e+00  0.00e+00  0.00e+00  0.00e+00  0.00e+00  0.00e+00  0.00e+00  0.00e+00  0.00e+00  0.00e+00  0.00e+00  0.00e+00  0.00e+00  0.00e+00  0.00e+00  0.00e+00  0.00e+00 
0.00e+00 1.05e+10 3.63e+08 1.22e+10    0   11     -1        0  0.00e+00  0.00e+00  2.29e+06  0.00e+00  0.00e+00  0.00e+00  0.00e+00  0.00e+00  0.00e+00  0.00e+00  0.00e+00  0.00e+00  0.00e+00  0.00e+00  0.00e+00  0.00e+00  0.00e+00  0.00e+00  0.00e+00  0.00e+00  0.00e+00 
0.00e+00 1.38e+10 3.63e+08 1.59e+10    0   12     -1        0  0.00e+00  0.00e+00  2.47e+06  0.00e+00  0.00e+00  0.00e+00  0.00e+00  0.00e+00  0.00e+00  0.00e+00  0.00e+00  0.00e+00  0.00e+00  0.00e+00  0.00e+00  0.00e+00  0.00e+00  0.00e+00  0.00e+00  0.00e+00  0.00e+00 
0.00e+00 1.80e+10 3.63e+08 2.08e+10    0   13     -1        0  0.00e+00  0.00e+00  2.95e+06  0.00e+00  0.00e+00  0.00e+00  0.00e+00  0.00e+00  0.00e+00  0.00e+00  0.00e+00  0.00e+00  0.00e+00  0.00e+00  0.00e+00  0.00e+00  0.00e+00  0.00e+00  0.00e+00  0.00e+00  0.00e+00 
0.00e+00 2.36e+10 3.63e+08 2.72e+10    0   14     -1        0  0.00e+00  0.00e+00  4.12e+06  0.00e+00  0.00e+00  0.00e+00  0.00e+00  0.00e+00  0.00e+00  0.00e+00  0.00e+00  0.00e+00  0.00e+00  0.00e+00  0.00e+00  0.00e+00  0.00e+00  0.00e+00  0.00e+00  0.00e+00  0.00e+00 
0.00e+00 3.08e+10 3.63e+08 3.55e+10    0   15     -1        0  0.00e+00  0.00e+00  6.84e+06  0.00e+00  0.00e+00  0.00e+00  0.00e+00  0.00e+00  0.00e+00  0.00e+00  0.00e+00  0.00e+00  0.00e+00  0.00e+00  0.00e+00  0.00e+00  0.00e+00  0.00e+00  0.00e+00  0.00e+00  0.00e+00 
0.00e+00 4.02e+10 3.63e+08 4.64e+10    0   16     -1        0  0.00e+00  0.00e+00  1.27e+07  0.00e+00  0.00e+00  0.00e+00  0.00e+00  0.00e+00  0.00e+00  0.00e+00  0.00e+00  0.00e+00  0.00e+00  0.00e+00  0.00e+00  0.00e+00  0.00e+00  0.00e+00  0.00e+00  0.00e+00  0.00e+00 
0.00e+00 5.26e+10 3.63e+08 6.07e+10    0   17     -1        0  0.00e+00  0.00e+00  2.41e+07  0.00e+00  0.00e+00  0.00e+00  0.00e+00  0.00e+00  0.00e+00  0.00e+00  0.00e+00  0.00e+00  0.00e+00  0.00e+00  0.00e+00  0.00e+00  0.00e+00  0.00e+00  0.00e+00  0.00e+00  0.00e+00 
0.00e+00 6.87e+10 3.63e+08 7.93e+10    0   18     -1        0  0.00e+00  0.00e+00  4.44e+07  0.00e+00  0.00e+00  0.00e+00  0.00e+00  0.00e+00  0.00e+00  0.00e+00  0.00e+00  0.00e+00  0.00e+00  0.00e+00  0.00e+00  0.00e+00  0.00e+00  0.00e+00  0.00e+00  0.00e+00  0.00e+00 
0.00e+00 8.98e+10 3.63e+08 1.04e+11    0   19     -1        0  0.00e+00  0.00e+00  7.75e+07  0.00e+00  0.00e+00  0.00e+00  0.00e+00  0.00e+00  0.00e+00  0.00e+00  0.00e+00  0.00e+00  0.00e+00  0.00e+00  0.00e+00  0.00e+00  0.00e+00  0.00e+00  0.00e+00  0.00e+00  0.00e+00 
0.00e+00 1.17e+11 3.63e+08 1.35e+11    0   20     -1        0  0.00e+00  0.00e+00  1.26e+08  0.00e+00  0.00e+00  0.00e+00  0.00e+00  0.00e+00  0.00e+00  0.00e+00  0.00e+00  0.00e+00  0.00e+00  0.00e+00  0.00e+00  0.00e+00  0.00e+00  0.00e+00  0.00e+00  0.00e+00  0.00e+00 
0.00e+00 1.53e+11 3.63e+08 1.77e+11    0   21     -1        0  0.00e+00  0.00e+00  1.91e+08  0.00e+00  0.00e+00  0.00e+00  0.00e+00  0.00e+00  0.00e+00  0.00e+00  0.00e+00  0.00e+00  0.00e+00  0.00e+00  0.00e+00  0.00e+00  0.00e+00  0.00e+00  0.00e+00  0.00e+00  0.00e+00 
0.00e+00 2.01e+11 3.63e+08 2.31e+11    0   22     -1        0  0.00e+00  0.00e+00  2.72e+08  0.00e+00  0.00e+00  0.00e+00  0.00e+00  0.00e+00  0.00e+00  0.00e+00  0.00e+00  0.00e+00  0.00e+00  0.00e+00  0.00e+00  0.00e+00  0.00e+00  0.00e+00  0.00e+00  0.00e+00  0.00e+00 
0.00e+00 2.62e+11 3.63e+08 3.02e+11    0   23     -1        0  0.00e+00  0.00e+00  3.62e+08  0.00e+00  0.00e+00  0.00e+00  0.00e+00  0.00e+00  0.00e+00  0.00e+00  0.00e+00  0.00e+00  0.00e+00  0.00e+00  0.00e+00  0.00e+00  0.00e+00  0.00e+00  0.00e+00  0.00e+00  0.00e+00 
0.00e+00 3.43e+11 3.63e+08 3.95e+11    0   24     -1        0  0.00e+00  0.00e+00  4.57e+08  0.00e+00  0.00e+00  0.00e+00  0.00e+00  0.00e+00  0.00e+00  0.00e+00  0.00e+00  0.00e+00  0.00e+00  0.00e+00  0.00e+00  0.00e+00  0.00e+00  0.00e+00  0.00e+00  0.00e+00  0.00e+00 
0.00e+00 4.48e+11 3.63e+08 5.17e+11    0   25     -1        0  0.00e+00  0.00e+00  5.52e+08  0.00e+00  0.00e+00  0.00e+00  0.00e+00  0.00e+00  0.00e+00  0.00e+00  0.00e+00  0.00e+00  0.00e+00  0.00e+00  0.00e+00  0.00e+00  0.00e+00  0.00e+00  0.00e+00  0.00e+00  0.00e+00 
0.00e+00 5.85e+11 3.63e+08 6.75e+11    0   26     -1        0  0.00e+00  0.00e+00  6.41e+08  0.00e+00  0.00e+00  0.00e+00  0.00e+00  0.00e+00  0.00e+00  0.00e+00  0.00e+00  0.00e+00  0.00e+00  0.00e+00  0.00e+00  0.00e+00  0.00e+00  0.00e+00  0.00e+00  0.00e+00  0.00e+00 
0.00e+00 7.65e+11 3.63e+08 8.83e+11    0   27     -1        0  0.00e+00  0.00e+00  7.21e+08  0.00e+00  0.00e+00  0.00e+00  0.00e+00  0.00e+00  0.00e+00  0.00e+00  0.00e+00  0.00e+00  0.00e+00  0.00e+00  0.00e+00  0.00e+00  0.00e+00  0.00e+00  0.00e+00  0.00e+00  0.00e+00 
0.00e+00 1.00e+12 3.63e+08 1.15e+12    0   28     -1        0  0.00e+00  0.00e+00  7.90e+08  0.00e+00  0.00e+00  0.00e+00  0.00e+00  0.00e+00  0.00e+00  0.00e+00  0.00e+00  0.00e+00  0.00e+00  0.00e+00  0.00e+00  0.00e+00  0.00e+00  0.00e+00  0.00e+00  0.00e+00  0.00e+00 
0.00e+00 1.31e+12 3.63e+08 1.51e+12    0   29     -1        0  0.00e+00  0.00e+00  8.49e+08  0.00e+00  0.00e+00  0.00e+00  0.00e+00  0.00e+00  0.00e+00  0.00e+00  0.00e+00  0.00e+00  0.00e+00  0.00e+00  0.00e+00  0.00e+00  0.00e+00  0.00e+00  0.00e+00  0.00e+00  0.00e+00 
7.25e+08 0.00e+00 8.37e+08 3.63e+08    1    0      1        0  1.92e+06  3.83e+08  1.06e+06  1.56e+26  0.00e+00  8.45e-18  6.52e+04  8.53e+04  0.00e+00  0.00e+00  0.00e+00  0.00e+00  0.00e+00  0.00e+00  0.00e+00  0.00e+00       inf       inf  8.22e+05  0.00e+00  7.53e+05 
7.25e+08 7.25e+08 8.37e+08 8.37e+08    1    1     -1        0  1.19e+06  3.83e+08  1.84e+06  0.00e+00  0.00e+00  0.00e+00  0.00e+00  0.00e+00  0.00e+00  0.00e+00  0.00e+00  0.00e+00  0.00e+00  0.00e+00  0.00e+00  0.00e+00  0.00e+00  0.00e+00  0.00e+00  0.00e+00  0.00e+00 
7.25e+08 9.48e+08 8.37e+08 1.09e+09    1    2     -1        0  1.04e+06  3.83e+08  1.93e+06  0.00e+00  0.00e+00  0.00e+00  0.00e+00  0.00e+00  0.00e+00  0.00e+00  0.00e+00  0.00e+00  0.00e+00  0.00e+00  0.00e+00  0.00e+00  0.00e+00  0.00e+00  0.00e+00  0.00e+00  0.00e+00 
7.25e+08 1.24e+09 8.37e+08 1.43e+09    1    3     -1        0  8.88e+05  3.83e+08  2.00e+06  0.00e+00  0.00e+00  0.00e+00  0.00e+00  0.00e+00  0.00e+00  0.00e+00  0.00e+00  0.00e+00  0.00e+00  0.00e+00  0.00e+00  0.00e+00  0.00e+00  0.00e+00  0.00e+00  0.00e+00  0.00e+00 
7.25e+08 1.62e+09 8.37e+08 1.87e+09    1    4     -1        0  7.41e+05  3.83e+08  2.06e+06  0.00e+00  0.00e+00  0.00e+00  0.00e+00  0.00e+00  0.00e+00  0.00e+00  0.00e+00  0.00e+00  0.00e+00  0.00e+00  0.00e+00  0.00e+00  0.00e+00  0.00e+00  0.00e+00  0.00e+00  0.00e+00 
7.25e+08 2.12e+09 8.37e+08 2.44e+09    1    5     -1        0  6.07e+05  3.83e+08  2.11e+06  0.00e+00  0.00e+00  0.00e+00  0.00e+00  0.00e+00  0.00e+00  0.00e+00  0.00e+00  0.00e+00  0.00e+00  0.00e+00  0.00e+00  0.00e+00  0.00e+00  0.00e+00  0.00e+00  0.00e+00  0.00e+00 
7.25e+08 2.77e+09 8.37e+08 3.19e+09    1    6     -1        0  4.90e+05  3.83e+08  2.14e+06  0.00e+00  0.00e+00  0.00e+00  0.00e+00  0.00e+00  0.00e+00  0.00e+00  0.00e+00  0.00e+00  0.00e+00  0.00e+00  0.00e+00  0.00e+00  0.00e+00  0.00e+00  0.00e+00  0.00e+00  0.00e+00 
7.25e+08 3.62e+09 8.37e+08 4.17e+09    1    7     -1        0  3.90e+05  3.83e+08  2.16e+06  0.00e+00  0.00e+00  0.00e+00  0.00e+00  0.00e+00  0.00e+00  0.00e+00  0.00e+00  0.00e+00  0.00e+00  0.00e+00  0.00e+00  0.00e+00  0.00e+00  0.00e+00  0.00e+00  0.00e+00  0.00e+00 
7.25e+08 4.73e+09 8.37e+08 5.45e+09    1    8     -1        0  3.08e+05  3.83e+08  2.17e+06  0.00e+00  0.00e+00  0.00e+00  0.00e+00  0.00e+00  0.00e+00  0.00e+00  0.00e+00  0.00e+00  0.00e+00  0.00e+00  0.00e+00  0.00e+00  0.00e+00  0.00e+00  0.00e+00  0.00e+00  0.00e+00 
7.25e+08 6.18e+09 8.37e+08 7.12e+09    1    9     -1        0  2.42e+05  3.83e+08  2.19e+06  0.00e+00  0.00e+00  0.00e+00  0.00e+00  0.00e+00  0.00e+00  0.00e+00  0.00e+00  0.00e+00  0.00e+00  0.00e+00  0.00e+00  0.00e+00  0.00e+00  0.00e+00  0.00e+00  0.00e+00  0.00e+00 
7.25e+08 8.07e+09 8.37e+08 9.31e+09    1   10     -1        0  1.90e+05  3.83e+08  2.22e+06  0.00e+00  0.00e+00  0.00e+00  0.00e+00  0.00e+00  0.00e+00  0.00e+00  0.00e+00  0.00e+00  0.00e+00  0.00e+00  0.00e+00  0.00e+00  0.00e+00  0.00e+00  0.00e+00  0.00e+00  0.00e+00 
7.25e+08 1.05e+10 8.37e+08 1.22e+10    1   11     -1        0  1.52e+05  3.83e+08  2.29e+06  0.00e+00  0.00e+00  0.00e+00  0.00e+00  0.00e+00  0.00e+00  0.00e+00  0.00e+00  0.00e+00  0.00e+00  0.00e+00  0.00e+00  0.00e+00  0.00e+00  0.00e+00  0.00e+00  0.00e+00  0.00e+00 
7.25e+08 1.38e+10 8.37e+08 1.59e+10    1   12     -1        0  1.26e+05  3.83e+08  2.47e+06  0.00e+00  0.00e+00  0.00e+00  0.00e+00  0.00e+00  0.00e+00  0.00e+00  0.00e+00  0.00e+00  0.00e+00  0.00e+00  0.00e+00  0.00e+00  0.00e+00  0.00e+00  0.00e+00  0.00e+00  0.00e+00 
7.25e+08 1.80e+10 8.37e+08 2.08e+10    1   13     -1        0  1.16e+05  3.83e+08  2.95e+06  0.00e+00  0.00e+00  0.00e+00  0.00e+00  0.00e+00  0.00e+00  0.00e+00  0.00e+00  0.00e+00  0.00e+00  0.00e+00  0.00e+00  0.00e+00  0.00e+00  0.00e+00  0.00e+00  0.00e+00  0.00e+00 
7.25e+08 2.36e+10 8.37e+08 2.72e+10    1   14     -1        0  1.25e+05  3.83e+08  4.13e+06  0.00e+00  0.00e+00  0.00e+00  0.00e+00  0.00e+00  0.00e+00  0.00e+00  0.00e+00  0.00e+00  0.00e+00  0.00e+00  0.00e+00  0.00e+00  0.00e+00  0.00e+00  0.00e+00  0.00e+00  0.00e+00 
7.25e+08 3.08e+10 8.37e+08 3.55e+10    1   15     -1        0  1.59e+05  3.83e+08  6.84e+06  0.00e+00  0.00e+00  0.00e+00  0.00e+00  0.00e+00  0.00e+00  0.00e+00  0.00e+00  0.00e+00  0.00e+00  0.00e+00  0.00e+00  0.00e+00  0.00e+00  0.00e+00  0.00e+00  0.00e+00  0.00e+00 
7.25e+08 4.02e+10 8.37e+08 4.64e+10    1   16     -1        0  2.26e+05  3.83e+08  1.27e+07  0.00e+00  0.00e+00  0.00e+00  0.00e+00  0.00e+00  0.00e+00  0.00e+00  0.00e+00  0.00e+00  0.00e+00  0.00e+00  0.00e+00  0.00e+00  0.00e+00  0.00e+00  0.00e+00  0.00e+00  0.00e+00 
7.25e+08 5.26e+10 8.37e+08 6.07e+10    1   17     -1        0  3.29e+05  3.83e+08  2.41e+07  0.00e+00  0.00e+00  0.00e+00  0.00e+00  0.00e+00  0.00e+00  0.00e+00  0.00e+00  0.00e+00  0.00e+00  0.00e+00  0.00e+00  0.00e+00  0.00e+00  0.00e+00  0.00e+00  0.00e+00  0.00e+00 
7.25e+08 6.87e+10 8.37e+08 7.93e+10    1   18     -1        0  4.66e+05  3.83e+08  4.44e+07  0.00e+00  0.00e+00  0.00e+00  0.00e+00  0.00e+00  0.00e+00  0.00e+00  0.00e+00  0.00e+00  0.00e+00  0.00e+00  0.00e+00  0.00e+00  0.00e+00  0.00e+00  0.00e+00  0.00e+00  0.00e+00 
7.25e+08 8.98e+10 8.37e+08 1.04e+11    1   19     -1        0  6.23e+05  3.83e+08  7.75e+07  0.00e+00  0.00e+00  0.00e+00  0.00e+00  0.00e+00  0.00e+00  0.00e+00  0.00e+00  0.00e+00  0.00e+00  0.00e+00  0.00e+00  0.00e+00  0.00e+00  0.00e+00  0.00e+00  0.00e+00  0.00e+00 
7.25e+08 1.17e+11 8.37e+08 1.35e+11    1   20     -1        0  7.77e+05  3.83e+08  1.26e+08  0.00e+00  0.00e+00  0.00e+00  0.00e+00  0.00e+00  0.00e+00  0.00e+00  0.00e+00  0.00e+00  0.00e+00  0.00e+00  0.00e+00  0.00e+00  0.00e+00  0.00e+00  0.00e+00  0.00e+00  0.00e+00 
7.25e+08 1.53e+11 8.37e+08 1.77e+11    1   21     -1        0  9.02e+05  3.83e+08  1.91e+08  0.00e+00  0.00e+00  0.00e+00  0.00e+00  0.00e+00  0.00e+00  0.00e+00  0.00e+00  0.00e+00  0.00e+00  0.00e+00  0.00e+00  0.00e+00  0.00e+00  0.00e+00  0.00e+00  0.00e+00  0.00e+00 
7.25e+08 2.01e+11 8.37e+08 2.31e+11    1   22     -1        0  9.80e+05  3.83e+08  2.72e+08  0.00e+00  0.00e+00  0.00e+00  0.00e+00  0.00e+00  0.00e+00  0.00e+00  0.00e+00  0.00e+00  0.00e+00  0.00e+00  0.00e+00  0.00e+00  0.00e+00  0.00e+00  0.00e+00  0.00e+00  0.00e+00 
7.25e+08 2.62e+11 8.37e+08 3.02e+11    1   23     -1        0  1.00e+06  3.83e+08  3.62e+08  0.00e+00  0.00e+00  0.00e+00  0.00e+00  0.00e+00  0.00e+00  0.00e+00  0.00e+00  0.00e+00  0.00e+00  0.00e+00  0.00e+00  0.00e+00  0.00e+00  0.00e+00  0.00e+00  0.00e+00  0.00e+00 
7.25e+08 3.43e+11 8.37e+08 3.95e+11    1   24     -1        0  9.67e+05  3.83e+08  4.57e+08  0.00e+00  0.00e+00  0.00e+00  0.00e+00  0.00e+00  0.00e+00  0.00e+00  0.00e+00  0.00e+00  0.00e+00  0.00e+00  0.00e+00  0.00e+00  0.00e+00  0.00e+00  0.00e+00  0.00e+00  0.00e+00 
7.25e+08 4.48e+11 8.37e+08 5.17e+11    1   25     -1        0  8.93e+05  3.83e+08  5.52e+08  0.00e+00  0.00e+00  0.00e+00  0.00e+00  0.00e+00  0.00e+00  0.00e+00  0.00e+00  0.00e+00  0.00e+00  0.00e+00  0.00e+00  0.00e+00  0.00e+00  0.00e+00  0.00e+00  0.00e+00  0.00e+00 
7.25e+08 5.85e+11 8.37e+08 6.75e+11    1   26     -1        0  7.93e+05  3.83e+08  6.41e+08  0.00e+00  0.00e+00  0.00e+00  0.00e+00  0.00e+00  0.00e+00  0.00e+00  0.00e+00  0.00e+00  0.00e+00  0.00e+00  0.00e+00  0.00e+00  0.00e+00  0.00e+00  0.00e+00  0.00e+00  0.00e+00 
7.25e+08 7.65e+11 8.37e+08 8.83e+11    1   27     -1        0  6.83e+05  3.83e+08  7.21e+08  0.00e+00  0.00e+00  0.00e+00  0.00e+00  0.00e+00  0.00e+00  0.00e+00  0.00e+00  0.00e+00  0.00e+00  0.00e+00  0.00e+00  0.00e+00  0.00e+00  0.00e+00  0.00e+00  0.00e+00  0.00e+00 
7.25e+08 1.00e+12 8.37e+08 1.15e+12    1   28     -1        0  5.73e+05  3.83e+08  7.90e+08  0.00e+00  0.00e+00  0.00e+00  0.00e+00  0.00e+00  0.00e+00  0.00e+00  0.00e+00  0.00e+00  0.00e+00  0.00e+00  0.00e+00  0.00e+00  0.00e+00  0.00e+00  0.00e+00  0.00e+00  0.00e+00 
7.25e+08 1.31e+12 8.37e+08 1.51e+12    1   29     -1        0  4.71e+05  3.83e+08  8.49e+08  0.00e+00  0.00e+00  0.00e+00  0.00e+00  0.00e+00  0.00e+00  0.00e+00  0.00e+00  0.00e+00  0.00e+00  0.00e+00  0.00e+00  0.00e+00  0.00e+00  0.00e+00  0.00e+00  0.00e+00  0.00e+00 
9.48e+08 0.00e+00 1.09e+09 3.63e+08    2    0      1        0  2.75e+06  3.35e+08  1.16e+06  8.38e+26  0.00e+00  8.45e-18  6.81e+04  8.61e+04  0.00e+00  0.00e+00  0.00e+00  0.00e+00  0.00e+00  0.00e+00  0.00e+00  0.00e+00       inf       inf  2.04e+06  0.00e+00  1.88e+06 
9.48e+08 7.25e+08 1.09e+09 8.37e+08    2    1     -1        0  1.41e+06  2.93e+08  1.68e+06  0.00e+00  0.00e+00  0.00e+00  0.00e+00  0.00e+00  0.00e+00  0.00e+00  0.00e+00  0.00e+00  0.00e+00  0.00e+00  0.00e+00  0.00e+00  0.00e+00  0.00e+00  0.00e+00  0.00e+00  0.00e+00 
9.48e+08 9.48e+08 1.09e+09 1.09e+09    2    2     -1        0  1.26e+06  2.93e+08  1.79e+06  0.00e+00  0.00e+00  0.00e+00  0.00e+00  0.00e+00  0.00e+00  0.00e+00  0.00e+00  0.00e+00  0.00e+00  0.00e+00  0.00e+00  0.00e+00  0.00e+00  0.00e+00  0.00e+00  0.00e+00  0.00e+00 
9.48e+08 1.24e+09 1.09e+09 1.43e+09    2    3     -1        0  1.10e+06  2.93e+08  1.90e+06  0.00e+00  0.00e+00  0.00e+00  0.00e+00  0.00e+00  0.00e+00  0.00e+00  0.00e+00  0.00e+00  0.00e+00  0.00e+00  0.00e+00  0.00e+00  0.00e+00  0.00e+00  0.00e+00  0.00e+00  0.00e+00 
9.48e+08 1.62e+09 1.09e+09 1.87e+09    2    4     -1        0  9.32e+05  2.93e+08  1.98e+06  0.00e+00  0.00e+00  0.00e+00  0.00e+00  0.00e+00  0.00e+00  0.00e+00  0.00e+00  0.00e+00  0.00e+00  0.00e+00  0.00e+00  0.00e+00  0.00e+00  0.00e+00  0.00e+00  0.00e+00  0.00e+00 
9.48e+08 2.12e+09 1.09e+09 2.44e+09    2    5     -1        0  7.73e+05  2.93e+08  2.05e+06  0.00e+00  0.00e+00  0.00e+00  0.00e+00  0.00e+00  0.00e+00  0.00e+00  0.00e+00  0.00e+00  0.00e+00  0.00e+00  0.00e+00  0.00e+00  0.00e+00  0.00e+00  0.00e+00  0.00e+00  0.00e+00 
9.48e+08 2.77e+09 1.09e+09 3.19e+09    2    6     -1        0  6.29e+05  2.93e+08  2.10e+06  0.00e+00  0.00e+00  0.00e+00  0.00e+00  0.00e+00  0.00e+00  0.00e+00  0.00e+00  0.00e+00  0.00e+00  0.00e+00  0.00e+00  0.00e+00  0.00e+00  0.00e+00  0.00e+00  0.00e+00  0.00e+00 
9.48e+08 3.62e+09 1.09e+09 4.17e+09    2    7     -1        0  5.04e+05  2.93e+08  2.13e+06  0.00e+00  0.00e+00  0.00e+00  0.00e+00  0.00e+00  0.00e+00  0.00e+00  0.00e+00  0.00e+00  0.00e+00  0.00e+00  0.00e+00  0.00e+00  0.00e+00  0.00e+00  0.00e+00  0.00e+00  0.00e+00 
9.48e+08 4.73e+09 1.09e+09 5.45e+09    2    8     -1        0  4.00e+05  2.93e+08  2.16e+06  0.00e+00  0.00e+00  0.00e+00  0.00e+00  0.00e+00  0.00e+00  0.00e+00  0.00e+00  0.00e+00  0.00e+00  0.00e+00  0.00e+00  0.00e+00  0.00e+00  0.00e+00  0.00e+00  0.00e+00  0.00e+00 
9.48e+08 6.18e+09 1.09e+09 7.12e+09    2    9     -1        0  3.15e+05  2.93e+08  2.18e+06  0.00e+00  0.00e+00  0.00e+00  0.00e+00  0.00e+00  0.00e+00  0.00e+00  0.00e+00  0.00e+00  0.00e+00  0.00e+00  0.00e+00  0.00e+00  0.00e+00  0.00e+00  0.00e+00  0.00e+00  0.00e+00 
9.48e+08 8.07e+09 1.09e+09 9.31e+09    2   10     -1        0  2.48e+05  2.93e+08  2.21e+06  0.00e+00  0.00e+00  0.00e+00  0.00e+00  0.00e+00  0.00e+00  0.00e+00  0.00e+00  0.00e+00  0.00e+00  0.00e+00  0.00e+00  0.00e+00  0.00e+00  0.00e+00  0.00e+00  0.00e+00  0.00e+00 
9.48e+08 1.05e+10 1.09e+09 1.22e+10    2   11     -1        0  1.98e+05  2.93e+08  2.29e+06  0.00e+00  0.00e+00  0.00e+00  0.00e+00  0.00e+00  0.00e+00  0.00e+00  0.00e+00  0.00e+00  0.00e+00  0.00e+00  0.00e+00  0.00e+00  0.00e+00  0.00e+00  0.00e+00  0.00e+00  0.00e+00 
9.48e+08 1.38e+10 1.09e+09 1.59e+10    2   12     -1        0  1.65e+05  2.93e+08  2.47e+06  0.00e+00  0.00e+00  0.00e+00  0.00e+00  0.00e+00  0.00e+00  0.00e+00  0.00e+00  0.00e+00  0.00e+00  0.00e+00  0.00e+00  0.00e+00  0.00e+00  0.00e+00  0.00e+00  0.00e+00  0.00e+00 
9.48e+08 1.80e+10 1.09e+09 2.08e+10    2   13     -1        0  1.52e+05  2.93e+08  2.95e+06  0.00e+00  0.00e+00  0.00e+00  0.00e+00  0.00e+00  0.00e+00  0.00e+00  0.00e+00  0.00e+00  0.00e+00  0.00e+00  0.00e+00  0.00e+00  0.00e+00  0.00e+00  0.00e+00  0.00e+00  0.00e+00 
9.48e+08 2.36e+10 1.09e+09 2.72e+10    2   14     -1        0  1.63e+05  2.93e+08  4.13e+06  0.00e+00  0.00e+00  0.00e+00  0.00e+00  0.00e+00  0.00e+00  0.00e+00  0.00e+00  0.00e+00  0.00e+00  0.00e+00  0.00e+00  0.00e+00  0.00e+00  0.00e+00  0.00e+00  0.00e+00  0.00e+00 
9.48e+08 3.08e+10 1.09e+09 3.55e+10    2   15     -1        0  2.08e+05  2.93e+08  6.85e+06  0.00e+00  0.00e+00  0.00e+00  0.00e+00  0.00e+00  0.00e+00  0.00e+00  0.00e+00  0.00e+00  0.00e+00  0.00e+00  0.00e+00  0.00e+00  0.00e+00  0.00e+00  0.00e+00  0.00e+00  0.00e+00 
9.48e+08 4.02e+10 1.09e+09 4.64e+10    2   16     -1        0  2.95e+05  2.93e+08  1.27e+07  0.00e+00  0.00e+00  0.00e+00  0.00e+00  0.00e+00  0.00e+00  0.00e+00  0.00e+00  0.00e+00  0.00e+00  0.00e+00  0.00e+00  0.00e+00  0.00e+00  0.00e+00  0.00e+00  0.00e+00  0.00e+00 
9.48e+08 5.26e+10 1.09e+09 6.07e+10    2   17     -1        0  4.30e+05  2.93e+08  2.41e+07  0.00e+00  0.00e+00  0.00e+00  0.00e+00  0.00e+00  0.00e+00  0.00e+00  0.00e+00  0.00e+00  0.00e+00  0.00e+00  0.00e+00  0.00e+00  0.00e+00  0.00e+00  0.00e+00  0.00e+00  0.00e+00 
9.48e+08 6.87e+10 1.09e+09 7.93e+10    2   18     -1        0  6.09e+05  2.93e+08  4.44e+07  0.00e+00  0.00e+00  0.00e+00  0.00e+00  0.00e+00  0.00e+00  0.00e+00  0.00e+00  0.00e+00  0.00e+00  0.00e+00  0.00e+00  0.00e+00  0.00e+00  0.00e+00  0.00e+00  0.00e+00  0.00e+00 
9.48e+08 8.98e+10 1.09e+09 1.04e+11    2   19     -1        0  8.14e+05  2.93e+08  7.75e+07  0.00e+00  0.00e+00  0.00e+00  0.00e+00  0.00e+00  0.00e+00  0.00e+00  0.00e+00  0.00e+00  0.00e+00  0.00e+00  0.00e+00  0.00e+00  0.00e+00  0.00e+00  0.00e+00  0.00e+00  0.00e+00 
9.48e+08 1.17e+11 1.09e+09 1.35e+11    2   20     -1        0  1.02e+06  2.93e+08  1.26e+08  0.00e+00  0.00e+00  0.00e+00  0.00e+00  0.00e+00  0.00e+00  0.00e+00  0.00e+00  0.00e+00  0.00e+00  0.00e+00  0.00e+00  0.00e+00  0.00e+00  0.00e+00  0.00e+00  0.00e+00  0.00e+00 
9.48e+08 1.53e+11 1.09e+09 1.77e+11    2   21     -1        0  1.18e+06  2.93e+08  1.91e+08  0.00e+00  0.00e+00  0.00e+00  0.00e+00  0.00e+00  0.00e+00  0.00e+00  0.00e+00  0.00e+00  0.00e+00  0.00e+00  0.00e+00  0.00e+00  0.00e+00  0.00e+00  0.00e+00  0.00e+00  0.00e+00 
9.48e+08 2.01e+11 1.09e+09 2.31e+11    2   22     -1        0  1.28e+06  2.93e+08  2.72e+08  0.00e+00  0.00e+00  0.00e+00  0.00e+00  0.00e+00  0.00e+00  0.00e+00  0.00e+00  0.00e+00  0.00e+00  0.00e+00  0.00e+00  0.00e+00  0.00e+00  0.00e+00  0.00e+00  0.00e+00  0.00e+00 
9.48e+08 2.62e+11 1.09e+09 3.02e+11    2   23     -1        0  1.31e+06  2.93e+08  3.62e+08  0.00e+00  0.00e+00  0.00e+00  0.00e+00  0.00e+00  0.00e+00  0.00e+00  0.00e+00  0.00e+00  0.00e+00  0.00e+00  0.00e+00  0.00e+00  0.00e+00  0.00e+00  0.00e+00  0.00e+00  0.00e+00 
9.48e+08 3.43e+11 1.09e+09 3.95e+11    2   24     -1        0  1.26e+06  2.93e+08  4.57e+08  0.00e+00  0.00e+00  0.00e+00  0.00e+00  0.00e+00  0.00e+00  0.00e+00  0.00e+00  0.00e+00  0.00e+00  0.00e+00  0.00e+00  0.00e+00  0.00e+00  0.00e+00  0.00e+00  0.00e+00  0.00e+00 
9.48e+08 4.48e+11 1.09e+09 5.17e+11    2   25     -1        0  1.17e+06  2.93e+08  5.52e+08  0.00e+00  0.00e+00  0.00e+00  0.00e+00  0.00e+00  0.00e+00  0.00e+00  0.00e+00  0.00e+00  0.00e+00  0.00e+00  0.00e+00  0.00e+00  0.00e+00  0.00e+00  0.00e+00  0.00e+00  0.00e+00 
9.48e+08 5.85e+11 1.09e+09 6.75e+11    2   26     -1        0  1.04e+06  2.93e+08  6.41e+08  0.00e+00  0.00e+00  0.00e+00  0.00e+00  0.00e+00  0.00e+00  0.00e+00  0.00e+00  0.00e+00  0.00e+00  0.00e+00  0.00e+00  0.00e+00  0.00e+00  0.00e+00  0.00e+00  0.00e+00  0.00e+00 
9.48e+08 7.65e+11 1.09e+09 8.83e+11    2   27     -1        0  8.92e+05  2.93e+08  7.21e+08  0.00e+00  0.00e+00  0.00e+00  0.00e+00  0.00e+00  0.00e+00  0.00e+00  0.00e+00  0.00e+00  0.00e+00  0.00e+00  0.00e+00  0.00e+00  0.00e+00  0.00e+00  0.00e+00  0.00e+00  0.00e+00 
9.48e+08 1.00e+12 1.09e+09 1.15e+12    2   28     -1        0  7.49e+05  2.93e+08  7.90e+08  0.00e+00  0.00e+00  0.00e+00  0.00e+00  0.00e+00  0.00e+00  0.00e+00  0.00e+00  0.00e+00  0.00e+00  0.00e+00  0.00e+00  0.00e+00  0.00e+00  0.00e+00  0.00e+00  0.00e+00  0.00e+00 
9.48e+08 1.31e+12 1.09e+09 1.51e+12    2   29     -1        0  6.16e+05  2.93e+08  8.49e+08  0.00e+00  0.00e+00  0.00e+00  0.00e+00  0.00e+00  0.00e+00  0.00e+00  0.00e+00  0.00e+00  0.00e+00  0.00e+00  0.00e+00  0.00e+00  0.00e+00  0.00e+00  0.00e+00  0.00e+00  0.00e+00 
1.24e+09 0.00e+00 1.43e+09 3.63e+08    3    0      1        0  2.78e+06  2.93e+08  8.94e+05  2.71e+27  0.00e+00  8.45e-18  5.96e+04  8.02e+04  0.00e+00  0.00e+00  0.00e+00  0.00e+00  0.00e+00  0.00e+00  0.00e+00  0.00e+00       inf       inf  2.60e+06  0.00e+00  2.33e+06 
1.24e+09 7.25e+08 1.43e+09 8.37e+08    3    1     -1        0  1.62e+06  2.24e+08  1.47e+06  0.00e+00  0.00e+00  0.00e+00  0.00e+00  0.00e+00  0.00e+00  0.00e+00  0.00e+00  0.00e+00  0.00e+00  0.00e+00  0.00e+00  0.00e+00  0.00e+00  0.00e+00  0.00e+00  0.00e+00  0.00e+00 
1.24e+09 9.48e+08 1.43e+09 1.09e+09    3    2     -1        0  1.48e+06  2.24e+08  1.61e+06  0.00e+00  0.00e+00  0.00e+00  0.00e+00  0.00e+00  0.00e+00  0.00e+00  0.00e+00  0.00e+00  0.00e+00  0.00e+00  0.00e+00  0.00e+00  0.00e+00  0.00e+00  0.00e+00  0.00e+00  0.00e+00 
1.24e+09 1.24e+09 1.43e+09 1.43e+09    3    3     -1        0  1.32e+06  2.24e+08  1.75e+06  0.00e+00  0.00e+00  0.00e+00  0.00e+00  0.00e+00  0.00e+00  0.00e+00  0.00e+00  0.00e+00  0.00e+00  0.00e+00  0.00e+00  0.00e+00  0.00e+00  0.00e+00  0.00e+00  0.00e+00  0.00e+00 
1.24e+09 1.62e+09 1.43e+09 1.87e+09    3    4     -1        0  1.15e+06  2.24e+08  1.87e+06  0.00e+00  0.00e+00  0.00e+00  0.00e+00  0.00e+00  0.00e+00  0.00e+00  0.00e+00  0.00e+00  0.00e+00  0.00e+00  0.00e+00  0.00e+00  0.00e+00  0.00e+00  0.00e+00  0.00e+00  0.00e+00 
1.24e+09 2.12e+09 1.43e+09 2.44e+09    3    5     -1        0  9.69e+05  2.24e+08  1.97e+06  0.00e+00  0.00e+00  0.00e+00  0.00e+00  0.00e+00  0.00e+00  0.00e+00  0.00e+00  0.00e+00  0.00e+00  0.00e+00  0.00e+00  0.00e+00  0.00e+00  0.00e+00  0.00e+00  0.00e+00  0.00e+00 
1.24e+09 2.77e+09 1.43e+09 3.19e+09    3    6     -1        0  7.99e+05  2.24e+08  2.04e+06  0.00e+00  0.00e+00  0.00e+00  0.00e+00  0.00e+00  0.00e+00  0.00e+00  0.00e+00  0.00e+00  0.00e+00  0.00e+00  0.00e+00  0.00e+00  0.00e+00  0.00e+00  0.00e+00  0.00e+00  0.00e+00 
1.24e+09 3.62e+09 1.43e+09 4.17e+09    3    7     -1        0  6.47e+05  2.24e+08  2.10e+06  0.00e+00  0.00e+00  0.00e+00  0.00e+00  0.00e+00  0.00e+00  0.00e+00  0.00e+00  0.00e+00  0.00e+00  0.00e+00  0.00e+00  0.00e+00  0.00e+00  0.00e+00  0.00e+00  0.00e+00  0.00e+00 
1.24e+09 4.73e+09 1.43e+09 5.45e+09    3    8     -1        0  5.16e+05  2.24e+08  2.14e+06  0.00e+00  0.00e+00  0.00e+00  0.00e+00  0.00e+00  0.00e+00  0.00e+00  0.00e+00  0.00e+00  0.00e+00  0.00e+00  0.00e+00  0.00e+00  0.00e+00  0.00e+00  0.00e+00  0.00e+00  0.00e+00 
1.24e+09 6.18e+09 1.43e+09 7.12e+09    3    9     -1        0  4.08e+05  2.24e+08  2.17e+06  0.00e+00  0.00e+00  0.00e+00  0.00e+00  0.00e+00  0.00e+00  0.00e+00  0.00e+00  0.00e+00  0.00e+00  0.00e+00  0.00e+00  0.00e+00  0.00e+00  0.00e+00  0.00e+00  0.00e+00  0.00e+00 
1.24e+09 8.07e+09 1.43e+09 9.31e+09    3   10     -1        0  3.22e+05  2.24e+08  2.20e+06  0.00e+00  0.00e+00  0.00e+00  0.00e+00  0.00e+00  0.00e+00  0.00e+00  0.00e+00  0.00e+00  0.00e+00  0.00e+00  0.00e+00  0.00e+00  0.00e+00  0.00e+00  0.00e+00  0.00e+00  0.00e+00 
1.24e+09 1.05e+10 1.43e+09 1.22e+10    3   11     -1        0  2.58e+05  2.24e+08  2.28e+06  0.00e+00  0.00e+00  0.00e+00  0.00e+00  0.00e+00  0.00e+00  0.00e+00  0.00e+00  0.00e+00  0.00e+00  0.00e+00  0.00e+00  0.00e+00  0.00e+00  0.00e+00  0.00e+00  0.00e+00  0.00e+00 
1.24e+09 1.38e+10 1.43e+09 1.59e+10    3   12     -1        0  2.16e+05  2.24e+08  2.47e+06  0.00e+00  0.00e+00  0.00e+00  0.00e+00  0.00e+00  0.00e+00  0.00e+00  0.00e+00  0.00e+00  0.00e+00  0.00e+00  0.00e+00  0.00e+00  0.00e+00  0.00e+00  0.00e+00  0.00e+00  0.00e+00 
1.24e+09 1.80e+10 1.43e+09 2.08e+10    3   13     -1        0  1.98e+05  2.24e+08  2.95e+06  0.00e+00  0.00e+00  0.00e+00  0.00e+00  0.00e+00  0.00e+00  0.00e+00  0.00e+00  0.00e+00  0.00e+00  0.00e+00  0.00e+00  0.00e+00  0.00e+00  0.00e+00  0.00e+00  0.00e+00  0.00e+00 
1.24e+09 2.36e+10 1.43e+09 2.72e+10    3   14     -1        0  2.13e+05  2.24e+08  4.13e+06  0.00e+00  0.00e+00  0.00e+00  0.00e+00  0.00e+00  0.00e+00  0.00e+00  0.00e+00  0.00e+00  0.00e+00  0.00e+00  0.00e+00  0.00e+00  0.00e+00  0.00e+00  0.00e+00  0.00e+00  0.00e+00 
1.24e+09 3.08e+10 1.43e+09 3.55e+10    3   15     -1        0  2.72e+05  2.24e+08  6.85e+06  0.00e+00  0.00e+00  0.00e+00  0.00e+00  0.00e+00  0.00e+00  0.00e+00  0.00e+00  0.00e+00  0.00e+00  0.00e+00  0.00e+00  0.00e+00  0.00e+00  0.00e+00  0.00e+00  0.00e+00  0.00e+00 
1.24e+09 4.02e+10 1.43e+09 4.64e+10    3   16     -1        0  3.86e+05  2.24e+08  1.27e+07  0.00e+00  0.00e+00  0.00e+00  0.00e+00  0.00e+00  0.00e+00  0.00e+00  0.00e+00  0.00e+00  0.00e+00  0.00e+00  0.00e+00  0.00e+00  0.00e+00  0.00e+00  0.00e+00  0.00e+00  0.00e+00 
1.24e+09 5.26e+10 1.43e+09 6.07e+10    3   17     -1        0  5.63e+05  2.24e+08  2.41e+07  0.00e+00  0.00e+00  0.00e+00  0.00e+00  0.00e+00  0.00e+00  0.00e+00  0.00e+00  0.00e+00  0.00e+00  0.00e+00  0.00e+00  0.00e+00  0.00e+00  0.00e+00  0.00e+00  0.00e+00  0.00e+00 
1.24e+09 6.87e+10 1.43e+09 7.93e+10    3   18     -1        0  7.96e+05  2.24e+08  4.44e+07  0.00e+00  0.00e+00  0.00e+00  0.00e+00  0.00e+00  0.00e+00  0.00e+00  0.00e+00  0.00e+00  0.00e+00  0.00e+00  0.00e+00  0.00e+00  0.00e+00  0.00e+00  0.00e+00  0.00e+00  0.00e+00 
1.24e+09 8.98e+10 1.43e+09 1.04e+11    3   19     -1        0  1.06e+06  2.24e+08  7.75e+07  0.00e+00  0.00e+00  0.00e+00  0.00e+00  0.00e+00  0.00e+00  0.00e+00  0.00e+00  0.00e+00  0.00e+00  0.00e+00  0.00e+00  0.00e+00  0.00e+00  0.00e+00  0.00e+00  0.00e+00  0.00e+00 
1.24e+09 1.17e+11 1.43e+09 1.35e+11    3   20     -1        0  1.33e+06  2.24e+08  1.26e+08  0.00e+00  0.00e+00  0.00e+00  0.00e+00  0.00e+00  0.00e+00  0.00e+00  0.00e+00  0.00e+00  0.00e+00  0.00e+00  0.00e+00  0.00e+00  0.00e+00  0.00e+00  0.00e+00  0.00e+00  0.00e+00 
1.24e+09 1.53e+11 1.43e+09 1.77e+11    3   21     -1        0  1.54e+06  2.24e+08  1.91e+08  0.00e+00  0.00e+00  0.00e+00  0.00e+00  0.00e+00  0.00e+00  0.00e+00  0.00e+00  0.00e+00  0.00e+00  0.00e+00  0.00e+00  0.00e+00  0.00e+00  0.00e+00  0.00e+00  0.00e+00  0.00e+00 
1.24e+09 2.01e+11 1.43e+09 2.31e+11    3   22     -1        0  1.67e+06  2.24e+08  2.72e+08  0.00e+00  0.00e+00  0.00e+00  0.00e+00  0.00e+00  0.00e+00  0.00e+00  0.00e+00  0.00e+00  0.00e+00  0.00e+00  0.00e+00  0.00e+00  0.00e+00  0.00e+00  0.00e+00  0.00e+00  0.00e+00 
1.24e+09 2.62e+11 1.43e+09 3.02e+11    3   23     -1        0  1.71e+06  2.24e+08  3.62e+08  0.00e+00  0.00e+00  0.00e+00  0.00e+00  0.00e+00  0.00e+00  0.00e+00  0.00e+00  0.00e+00  0.00e+00  0.00e+00  0.00e+00  0.00e+00  0.00e+00  0.00e+00  0.00e+00  0.00e+00  0.00e+00 
1.24e+09 3.43e+11 1.43e+09 3.95e+11    3   24     -1        0  1.65e+06  2.24e+08  4.57e+08  0.00e+00  0.00e+00  0.00e+00  0.00e+00  0.00e+00  0.00e+00  0.00e+00  0.00e+00  0.00e+00  0.00e+00  0.00e+00  0.00e+00  0.00e+00  0.00e+00  0.00e+00  0.00e+00  0.00e+00  0.00e+00 
1.24e+09 4.48e+11 1.43e+09 5.17e+11    3   25     -1        0  1.52e+06  2.24e+08  5.52e+08  0.00e+00  0.00e+00  0.00e+00  0.00e+00  0.00e+00  0.00e+00  0.00e+00  0.00e+00  0.00e+00  0.00e+00  0.00e+00  0.00e+00  0.00e+00  0.00e+00  0.00e+00  0.00e+00  0.00e+00  0.00e+00 
1.24e+09 5.85e+11 1.43e+09 6.75e+11    3   26     -1        0  1.35e+06  2.24e+08  6.41e+08  0.00e+00  0.00e+00  0.00e+00  0.00e+00  0.00e+00  0.00e+00  0.00e+00  0.00e+00  0.00e+00  0.00e+00  0.00e+00  0.00e+00  0.00e+00  0.00e+00  0.00e+00  0.00e+00  0.00e+00  0.00e+00 
1.24e+09 7.65e+11 1.43e+09 8.83e+11    3   27     -1        0  1.17e+06  2.24e+08  7.21e+08  0.00e+00  0.00e+00  0.00e+00  0.00e+00  0.00e+00  0.00e+00  0.00e+00  0.00e+00  0.00e+00  0.00e+00  0.00e+00  0.00e+00  0.00e+00  0.00e+00  0.00e+00  0.00e+00  0.00e+00  0.00e+00 
1.24e+09 1.00e+12 1.43e+09 1.15e+12    3   28     -1        0  9.79e+05  2.24e+08  7.90e+08  0.00e+00  0.00e+00  0.00e+00  0.00e+00  0.00e+00  0.00e+00  0.00e+00  0.00e+00  0.00e+00  0.00e+00  0.00e+00  0.00e+00  0.00e+00  0.00e+00  0.00e+00  0.00e+00  0.00e+00  0.00e+00 
1.24e+09 1.31e+12 1.43e+09 1.51e+12    3   29     -1        0  8.05e+05  2.24e+08  8.49e+08  0.00e+00  0.00e+00  0.00e+00  0.00e+00  0.00e+00  0.00e+00  0.00e+00  0.00e+00  0.00e+00  0.00e+00  0.00e+00  0.00e+00  0.00e+00  0.00e+00  0.00e+00  0.00e+00  0.00e+00  0.00e+00 
1.62e+09 0.00e+00 1.87e+09 3.63e+08    4    0      1        0  2.67e+06  2.56e+08  6.58e+05  7.43e+27  0.00e+00  8.46e-18  1.43e+05  7.27e+04  0.00e+00  0.00e+00  0.00e+00  0.00e+00  0.00e+00 -3.49e+21 -5.05e+20 -3.54e+21       inf       inf  2.77e+06  0.00e+00  2.38e+06 
1.62e+09 7.25e+08 1.87e+09 8.37e+08    4    1      1        0  1.80e+06  1.71e+08  1.25e+06  4.24e+25  0.00e+00  8.51e-18  1.79e+05  7.12e+04  0.00e+00  0.00e+00  0.00e+00  0.00e+00  0.00e+00  2.11e+19 -5.55e+19 -4.72e+19       inf       inf  2.08e+05  0.00e+00  1.75e+05 
1.62e+09 9.48e+08 1.87e+09 1.09e+09    4    2     -1        0  1.69e+06  1.71e+08  1.40e+06  0.00e+00  0.00e+00  0.00e+00  0.00e+00  0.00e+00  0.00e+00  0.00e+00  0.00e+00  0.00e+00  0.00e+00  0.00e+00  0.00e+00  0.00e+00  0.00e+00  0.00e+00  0.00e+00  0.00e+00  0.00e+00 
1.62e+09 1.24e+09 1.87e+09 1.43e+09    4    3     -1        0  1.54e+06  1.71e+08  1.56e+06  0.00e+00  0.00e+00  0.00e+00  0.00e+00  0.00e+00  0.00e+00  0.00e+00  0.00e+00  0.00e+00  0.00e+00  0.00e+00  0.00e+00  0.00e+00  0.00e+00  0.00e+00  0.00e+00  0.00e+00  0.00e+00 
1.62e+09 1.62e+09 1.87e+09 1.87e+09    4    4     -1        0  1.37e+06  1.71e+08  1.71e+06  0.00e+00  0.00e+00  0.00e+00  0.00e+00  0.00e+00  0.00e+00  0.00e+00  0.00e+00  0.00e+00  0.00e+00  0.00e+00  0.00e+00  0.00e+00  0.00e+00  0.00e+00  0.00e+00  0.00e+00  0.00e+00 
1.62e+09 2.12e+09 1.87e+09 2.44e+09    4    5     -1        0  1.19e+06  1.71e+08  1.84e+06  0.00e+00  0.00e+00  0.00e+00  0.00e+00  0.00e+00  0.00e+00  0.00e+00  0.00e+00  0.00e+00  0.00e+00  0.00e+00  0.00e+00  0.00e+00  0.00e+00  0.00e+00  0.00e+00  0.00e+00  0.00e+00 
1.62e+09 2.77e+09 1.87e+09 3.19e+09    4    6     -1        0  9.99e+05  1.71e+08  1.95e+06  0.00e+00  0.00e+00  0.00e+00  0.00e+00  0.00e+00  0.00e+00  0.00e+00  0.00e+00  0.00e+00  0.00e+00  0.00e+00  0.00e+00  0.00e+00  0.00e+00  0.00e+00  0.00e+00  0.00e+00  0.00e+00 
1.62e+09 3.62e+09 1.87e+09 4.17e+09    4    7     -1        0  8.21e+05  1.71e+08  2.03e+06  0.00e+00  0.00e+00  0.00e+00  0.00e+00  0.00e+00  0.00e+00  0.00e+00  0.00e+00  0.00e+00  0.00e+00  0.00e+00  0.00e+00  0.00e+00  0.00e+00  0.00e+00  0.00e+00  0.00e+00  0.00e+00 
1.62e+09 4.73e+09 1.87e+09 5.45e+09    4    8     -1        0  6.62e+05  1.71e+08  2.09e+06  0.00e+00  0.00e+00  0.00e+00  0.00e+00  0.00e+00  0.00e+00  0.00e+00  0.00e+00  0.00e+00  0.00e+00  0.00e+00  0.00e+00  0.00e+00  0.00e+00  0.00e+00  0.00e+00  0.00e+00  0.00e+00 
1.62e+09 6.18e+09 1.87e+09 7.12e+09    4    9     -1        0  5.27e+05  1.71e+08  2.14e+06  0.00e+00  0.00e+00  0.00e+00  0.00e+00  0.00e+00  0.00e+00  0.00e+00  0.00e+00  0.00e+00  0.00e+00  0.00e+00  0.00e+00  0.00e+00  0.00e+00  0.00e+00  0.00e+00  0.00e+00  0.00e+00 
1.62e+09 8.07e+09 1.87e+09 9.31e+09    4   10     -1        0  4.19e+05  1.71e+08  2.19e+06  0.00e+00  0.00e+00  0.00e+00  0.00e+00  0.00e+00  0.00e+00  0.00e+00  0.00e+00  0.00e+00  0.00e+00  0.00e+00  0.00e+00  0.00e+00  0.00e+00  0.00e+00  0.00e+00  0.00e+00  0.00e+00 
1.62e+09 1.05e+10 1.87e+09 1.22e+10    4   11     -1        0  3.36e+05  1.71e+08  2.27e+06  0.00e+00  0.00e+00  0.00e+00  0.00e+00  0.00e+00  0.00e+00  0.00e+00  0.00e+00  0.00e+00  0.00e+00  0.00e+00  0.00e+00  0.00e+00  0.00e+00  0.00e+00  0.00e+00  0.00e+00  0.00e+00 
1.62e+09 1.38e+10 1.87e+09 1.59e+10    4   12     -1        0  2.81e+05  1.71e+08  2.46e+06  0.00e+00  0.00e+00  0.00e+00  0.00e+00  0.00e+00  0.00e+00  0.00e+00  0.00e+00  0.00e+00  0.00e+00  0.00e+00  0.00e+00  0.00e+00  0.00e+00  0.00e+00  0.00e+00  0.00e+00  0.00e+00 
1.62e+09 1.80e+10 1.87e+09 2.08e+10    4   13     -1        0  2.59e+05  1.71e+08  2.95e+06  0.00e+00  0.00e+00  0.00e+00  0.00e+00  0.00e+00  0.00e+00  0.00e+00  0.00e+00  0.00e+00  0.00e+00  0.00e+00  0.00e+00  0.00e+00  0.00e+00  0.00e+00  0.00e+00  0.00e+00  0.00e+00 
1.62e+09 2.36e+10 1.87e+09 2.72e+10    4   14     -1        0  2.79e+05  1.71e+08  4.13e+06  0.00e+00  0.00e+00  0.00e+00  0.00e+00  0.00e+00  0.00e+00  0.00e+00  0.00e+00  0.00e+00  0.00e+00  0.00e+00  0.00e+00  0.00e+00  0.00e+00  0.00e+00  0.00e+00  0.00e+00  0.00e+00 
1.62e+09 3.08e+10 1.87e+09 3.55e+10    4   15     -1        0  3.56e+05  1.71e+08  6.85e+06  0.00e+00  0.00e+00  0.00e+00  0.00e+00  0.00e+00  0.00e+00  0.00e+00  0.00e+00  0.00e+00  0.00e+00  0.00e+00  0.00e+00  0.00e+00  0.00e+00  0.00e+00  0.00e+00  0.00e+00  0.00e+00 
1.62e+09 4.02e+10 1.87e+09 4.64e+10    4   16     -1        0  5.05e+05  1.71e+08  1.27e+07  0.00e+00  0.00e+00  0.00e+00  0.00e+00  0.00e+00  0.00e+00  0.00e+00  0.00e+00  0.00e+00  0.00e+00  0.00e+00  0.00e+00  0.00e+00  0.00e+00  0.00e+00  0.00e+00  0.00e+00  0.00e+00 
1.62e+09 5.26e+10 1.87e+09 6.07e+10    4   17     -1        0  7.35e+05  1.71e+08  2.41e+07  0.00e+00  0.00e+00  0.00e+00  0.00e+00  0.00e+00  0.00e+00  0.00e+00  0.00e+00  0.00e+00  0.00e+00  0.00e+00  0.00e+00  0.00e+00  0.00e+00  0.00e+00  0.00e+00  0.00e+00  0.00e+00 
1.62e+09 6.87e+10 1.87e+09 7.93e+10    4   18     -1        0  1.04e+06  1.71e+08  4.44e+07  0.00e+00  0.00e+00  0.00e+00  0.00e+00  0.00e+00  0.00e+00  0.00e+00  0.00e+00  0.00e+00  0.00e+00  0.00e+00  0.00e+00  0.00e+00  0.00e+00  0.00e+00  0.00e+00  0.00e+00  0.00e+00 
1.62e+09 8.98e+10 1.87e+09 1.04e+11    4   19     -1        0  1.39e+06  1.71e+08  7.75e+07  0.00e+00  0.00e+00  0.00e+00  0.00e+00  0.00e+00  0.00e+00  0.00e+00  0.00e+00  0.00e+00  0.00e+00  0.00e+00  0.00e+00  0.00e+00  0.00e+00  0.00e+00  0.00e+00  0.00e+00  0.00e+00 
1.62e+09 1.17e+11 1.87e+09 1.35e+11    4   20     -1        0  1.73e+06  1.71e+08  1.26e+08  0.00e+00  0.00e+00  0.00e+00  0.00e+00  0.00e+00  0.00e+00  0.00e+00  0.00e+00  0.00e+00  0.00e+00  0.00e+00  0.00e+00  0.00e+00  0.00e+00  0.00e+00  0.00e+00  0.00e+00  0.00e+00 
1.62e+09 1.53e+11 1.87e+09 1.77e+11    4   21     -1        0  2.01e+06  1.71e+08  1.91e+08  0.00e+00  0.00e+00  0.00e+00  0.00e+00  0.00e+00  0.00e+00  0.00e+00  0.00e+00  0.00e+00  0.00e+00  0.00e+00  0.00e+00  0.00e+00  0.00e+00  0.00e+00  0.00e+00  0.00e+00  0.00e+00 
1.62e+09 2.01e+11 1.87e+09 2.31e+11    4   22     -1        0  2.19e+06  1.71e+08  2.72e+08  0.00e+00  0.00e+00  0.00e+00  0.00e+00  0.00e+00  0.00e+00  0.00e+00  0.00e+00  0.00e+00  0.00e+00  0.00e+00  0.00e+00  0.00e+00  0.00e+00  0.00e+00  0.00e+00  0.00e+00  0.00e+00 
1.62e+09 2.62e+11 1.87e+09 3.02e+11    4   23     -1        0  2.23e+06  1.71e+08  3.62e+08  0.00e+00  0.00e+00  0.00e+00  0.00e+00  0.00e+00  0.00e+00  0.00e+00  0.00e+00  0.00e+00  0.00e+00  0.00e+00  0.00e+00  0.00e+00  0.00e+00  0.00e+00  0.00e+00  0.00e+00  0.00e+00 
1.62e+09 3.43e+11 1.87e+09 3.95e+11    4   24     -1        0  2.16e+06  1.71e+08  4.57e+08  0.00e+00  0.00e+00  0.00e+00  0.00e+00  0.00e+00  0.00e+00  0.00e+00  0.00e+00  0.00e+00  0.00e+00  0.00e+00  0.00e+00  0.00e+00  0.00e+00  0.00e+00  0.00e+00  0.00e+00  0.00e+00 
1.62e+09 4.48e+11 1.87e+09 5.17e+11    4   25     -1        0  1.99e+06  1.71e+08  5.52e+08  0.00e+00  0.00e+00  0.00e+00  0.00e+00  0.00e+00  0.00e+00  0.00e+00  0.00e+00  0.00e+00  0.00e+00  0.00e+00  0.00e+00  0.00e+00  0.00e+00  0.00e+00  0.00e+00  0.00e+00  0.00e+00 
1.62e+09 5.85e+11 1.87e+09 6.75e+11    4   26     -1        0  1.77e+06  1.71e+08  6.41e+08  0.00e+00  0.00e+00  0.00e+00  0.00e+00  0.00e+00  0.00e+00  0.00e+00  0.00e+00  0.00e+00  0.00e+00  0.00e+00  0.00e+00  0.00e+00  0.00e+00  0.00e+00  0.00e+00  0.00e+00  0.00e+00 
1.62e+09 7.65e+11 1.87e+09 8.83e+11    4   27     -1        0  1.52e+06  1.71e+08  7.21e+08  0.00e+00  0.00e+00  0.00e+00  0.00e+00  0.00e+00  0.00e+00  0.00e+00  0.00e+00  0.00e+00  0.00e+00  0.00e+00  0.00e+00  0.00e+00  0.00e+00  0.00e+00  0.00e+00  0.00e+00  0.00e+00 
1.62e+09 1.00e+12 1.87e+09 1.15e+12    4   28     -1        0  1.28e+06  1.71e+08  7.90e+08  0.00e+00  0.00e+00  0.00e+00  0.00e+00  0.00e+00  0.00e+00  0.00e+00  0.00e+00  0.00e+00  0.00e+00  0.00e+00  0.00e+00  0.00e+00  0.00e+00  0.00e+00  0.00e+00  0.00e+00  0.00e+00 
1.62e+09 1.31e+12 1.87e+09 1.51e+12    4   29     -1        0  1.05e+06  1.71e+08  8.49e+08  0.00e+00  0.00e+00  0.00e+00  0.00e+00  0.00e+00  0.00e+00  0.00e+00  0.00e+00  0.00e+00  0.00e+00  0.00e+00  0.00e+00  0.00e+00  0.00e+00  0.00e+00  0.00e+00  0.00e+00  0.00e+00 
2.12e+09 0.00e+00 2.44e+09 3.63e+08    5    0      0        0  2.52e+06  2.24e+08  4.74e+05  1.45e+28  6.07e-12  3.08e+12  4.46e+04  6.50e+04  4.01e-07  6.39e-06  2.48e-04  3.86e-02  2.02e-12 -8.63e+21 -9.47e+20 -1.22e+22  3.53e+02  4.87e+03  2.61e+06  0.00e+00  2.13e+06 
2.12e+09 7.25e+08 2.44e+09 8.37e+08    5    1      1        0  2.24e+06  1.33e+08  1.19e+06  3.67e+27  0.00e+00  8.46e-18  1.39e+05  6.72e+04  0.00e+00  0.00e+00  0.00e+00  0.00e+00  0.00e+00 -4.63e+20  1.19e+20 -1.16e+21       inf       inf  1.52e+06  0.00e+00  1.24e+06 
2.12e+09 9.48e+08 2.44e+09 1.09e+09    5    2      1        0  1.85e+06  1.31e+08  1.18e+06  1.00e+27  0.00e+00  8.24e-18  1.10e+05  6.62e+04  0.00e+00  0.00e+00  0.00e+00  0.00e+00  0.00e+00 -4.56e+19 -6.84e+19 -8.37e+19       inf       inf  6.78e+05  0.00e+00  5.43e+05 
2.12e+09 1.24e+09 2.44e+09 1.43e+09    5    3     -1        0  1.73e+06  1.31e+08  1.34e+06  0.00e+00  0.00e+00  0.00e+00  0.00e+00  0.00e+00  0.00e+00  0.00e+00  0.00e+00  0.00e+00  0.00e+00  0.00e+00  0.00e+00  0.00e+00  0.00e+00  0.00e+00  0.00e+00  0.00e+00  0.00e+00 
2.12e+09 1.62e+09 2.44e+09 1.87e+09    5    4     -1        0  1.59e+06  1.31e+08  1.51e+06  0.00e+00  0.00e+00  0.00e+00  0.00e+00  0.00e+00  0.00e+00  0.00e+00  0.00e+00  0.00e+00  0.00e+00  0.00e+00  0.00e+00  0.00e+00  0.00e+00  0.00e+00  0.00e+00  0.00e+00  0.00e+00 
2.12e+09 2.12e+09 2.44e+09 2.44e+09    5    5     -1        0  1.41e+06  1.31e+08  1.68e+06  0.00e+00  0.00e+00  0.00e+00  0.00e+00  0.00e+00  0.00e+00  0.00e+00  0.00e+00  0.00e+00  0.00e+00  0.00e+00  0.00e+00  0.00e+00  0.00e+00  0.00e+00  0.00e+00  0.00e+00  0.00e+00 
2.12e+09 2.77e+09 2.44e+09 3.19e+09    5    6     -1        0  1.22e+06  1.31e+08  1.82e+06  0.00e+00  0.00e+00  0.00e+00  0.00e+00  0.00e+00  0.00e+00  0.00e+00  0.00e+00  0.00e+00  0.00e+00  0.00e+00  0.00e+00  0.00e+00  0.00e+00  0.00e+00  0.00e+00  0.00e+00  0.00e+00 
2.12e+09 3.62e+09 2.44e+09 4.17e+09    5    7     -1        0  1.02e+06  1.31e+08  1.94e+06  0.00e+00  0.00e+00  0.00e+00  0.00e+00  0.00e+00  0.00e+00  0.00e+00  0.00e+00  0.00e+00  0.00e+00  0.00e+00  0.00e+00  0.00e+00  0.00e+00  0.00e+00  0.00e+00  0.00e+00  0.00e+00 
2.12e+09 4.73e+09 2.44e+09 5.45e+09    5    8     -1        0  8.39e+05  1.31e+08  2.03e+06  0.00e+00  0.00e+00  0.00e+00  0.00e+00  0.00e+00  0.00e+00  0.00e+00  0.00e+00  0.00e+00  0.00e+00  0.00e+00  0.00e+00  0.00e+00  0.00e+00  0.00e+00  0.00e+00  0.00e+00  0.00e+00 
2.12e+09 6.18e+09 2.44e+09 7.12e+09    5    9     -1        0  6.76e+05  1.31e+08  2.10e+06  0.00e+00  0.00e+00  0.00e+00  0.00e+00  0.00e+00  0.00e+00  0.00e+00  0.00e+00  0.00e+00  0.00e+00  0.00e+00  0.00e+00  0.00e+00  0.00e+00  0.00e+00  0.00e+00  0.00e+00  0.00e+00 
2.12e+09 8.07e+09 2.44e+09 9.31e+09    5   10     -1        0  5.41e+05  1.31e+08  2.16e+06  0.00e+00  0.00e+00  0.00e+00  0.00e+00  0.00e+00  0.00e+00  0.00e+00  0.00e+00  0.00e+00  0.00e+00  0.00e+00  0.00e+00  0.00e+00  0.00e+00  0.00e+00  0.00e+00  0.00e+00  0.00e+00 
2.12e+09 1.05e+10 2.44e+09 1.22e+10    5   11     -1        0  4.36e+05  1.31e+08  2.26e+06  0.00e+00  0.00e+00  0.00e+00  0.00e+00  0.00e+00  0.00e+00  0.00e+00  0.00e+00  0.00e+00  0.00e+00  0.00e+00  0.00e+00  0.00e+00  0.00e+00  0.00e+00  0.00e+00  0.00e+00  0.00e+00 
2.12e+09 1.38e+10 2.44e+09 1.59e+10    5   12     -1        0  3.67e+05  1.31e+08  2.46e+06  0.00e+00  0.00e+00  0.00e+00  0.00e+00  0.00e+00  0.00e+00  0.00e+00  0.00e+00  0.00e+00  0.00e+00  0.00e+00  0.00e+00  0.00e+00  0.00e+00  0.00e+00  0.00e+00  0.00e+00  0.00e+00 
2.12e+09 1.80e+10 2.44e+09 2.08e+10    5   13     -1        0  3.39e+05  1.31e+08  2.95e+06  0.00e+00  0.00e+00  0.00e+00  0.00e+00  0.00e+00  0.00e+00  0.00e+00  0.00e+00  0.00e+00  0.00e+00  0.00e+00  0.00e+00  0.00e+00  0.00e+00  0.00e+00  0.00e+00  0.00e+00  0.00e+00 
2.12e+09 2.36e+10 2.44e+09 2.72e+10    5   14     -1        0  3.65e+05  1.31e+08  4.13e+06  0.00e+00  0.00e+00  0.00e+00  0.00e+00  0.00e+00  0.00e+00  0.00e+00  0.00e+00  0.00e+00  0.00e+00  0.00e+00  0.00e+00  0.00e+00  0.00e+00  0.00e+00  0.00e+00  0.00e+00  0.00e+00 
2.12e+09 3.08e+10 2.44e+09 3.55e+10    5   15     -1        0  4.66e+05  1.31e+08  6.86e+06  0.00e+00  0.00e+00  0.00e+00  0.00e+00  0.00e+00  0.00e+00  0.00e+00  0.00e+00  0.00e+00  0.00e+00  0.00e+00  0.00e+00  0.00e+00  0.00e+00  0.00e+00  0.00e+00  0.00e+00  0.00e+00 
2.12e+09 4.02e+10 2.44e+09 4.64e+10    5   16     -1        0  6.60e+05  1.31e+08  1.27e+07  0.00e+00  0.00e+00  0.00e+00  0.00e+00  0.00e+00  0.00e+00  0.00e+00  0.00e+00  0.00e+00  0.00e+00  0.00e+00  0.00e+00  0.00e+00  0.00e+00  0.00e+00  0.00e+00  0.00e+00  0.00e+00 
2.12e+09 5.26e+10 2.44e+09 6.07e+10    5   17     -1        0  9.62e+05  1.31e+08  2.41e+07  0.00e+00  0.00e+00  0.00e+00  0.00e+00  0.00e+00  0.00e+00  0.00e+00  0.00e+00  0.00e+00  0.00e+00  0.00e+00  0.00e+00  0.00e+00  0.00e+00  0.00e+00  0.00e+00  0.00e+00  0.00e+00 
2.12e+09 6.87e+10 2.44e+09 7.93e+10    5   18     -1        0  1.36e+06  1.31e+08  4.45e+07  0.00e+00  0.00e+00  0.00e+00  0.00e+00  0.00e+00  0.00e+00  0.00e+00  0.00e+00  0.00e+00  0.00e+00  0.00e+00  0.00e+00  0.00e+00  0.00e+00  0.00e+00  0.00e+00  0.00e+00  0.00e+00 
2.12e+09 8.98e+10 2.44e+09 1.04e+11    5   19     -1        0  1.82e+06  1.31e+08  7.75e+07  0.00e+00  0.00e+00  0.00e+00  0.00e+00  0.00e+00  0.00e+00  0.00e+00  0.00e+00  0.00e+00  0.00e+00  0.00e+00  0.00e+00  0.00e+00  0.00e+00  0.00e+00  0.00e+00  0.00e+00  0.00e+00 
2.12e+09 1.17e+11 2.44e+09 1.35e+11    5   20     -1        0  2.27e+06  1.31e+08  1.26e+08  0.00e+00  0.00e+00  0.00e+00  0.00e+00  0.00e+00  0.00e+00  0.00e+00  0.00e+00  0.00e+00  0.00e+00  0.00e+00  0.00e+00  0.00e+00  0.00e+00  0.00e+00  0.00e+00  0.00e+00  0.00e+00 
2.12e+09 1.53e+11 2.44e+09 1.77e+11    5   21     -1        0  2.63e+06  1.31e+08  1.91e+08  0.00e+00  0.00e+00  0.00e+00  0.00e+00  0.00e+00  0.00e+00  0.00e+00  0.00e+00  0.00e+00  0.00e+00  0.00e+00  0.00e+00  0.00e+00  0.00e+00  0.00e+00  0.00e+00  0.00e+00  0.00e+00 
2.12e+09 2.01e+11 2.44e+09 2.31e+11    5   22     -1        0  2.86e+06  1.31e+08  2.72e+08  0.00e+00  0.00e+00  0.00e+00  0.00e+00  0.00e+00  0.00e+00  0.00e+00  0.00e+00  0.00e+00  0.00e+00  0.00e+00  0.00e+00  0.00e+00  0.00e+00  0.00e+00  0.00e+00  0.00e+00  0.00e+00 
2.12e+09 2.62e+11 2.44e+09 3.02e+11    5   23     -1        0  2.92e+06  1.31e+08  3.62e+08  0.00e+00  0.00e+00  0.00e+00  0.00e+00  0.00e+00  0.00e+00  0.00e+00  0.00e+00  0.00e+00  0.00e+00  0.00e+00  0.00e+00  0.00e+00  0.00e+00  0.00e+00  0.00e+00  0.00e+00  0.00e+00 
2.12e+09 3.43e+11 2.44e+09 3.95e+11    5   24     -1        0  2.82e+06  1.31e+08  4.57e+08  0.00e+00  0.00e+00  0.00e+00  0.00e+00  0.00e+00  0.00e+00  0.00e+00  0.00e+00  0.00e+00  0.00e+00  0.00e+00  0.00e+00  0.00e+00  0.00e+00  0.00e+00  0.00e+00  0.00e+00  0.00e+00 
2.12e+09 4.48e+11 2.44e+09 5.17e+11    5   25     -1        0  2.61e+06  1.31e+08  5.52e+08  0.00e+00  0.00e+00  0.00e+00  0.00e+00  0.00e+00  0.00e+00  0.00e+00  0.00e+00  0.00e+00  0.00e+00  0.00e+00  0.00e+00  0.00e+00  0.00e+00  0.00e+00  0.00e+00  0.00e+00  0.00e+00 
2.12e+09 5.85e+11 2.44e+09 6.75e+11    5   26     -1        0  2.31e+06  1.31e+08  6.41e+08  0.00e+00  0.00e+00  0.00e+00  0.00e+00  0.00e+00  0.00e+00  0.00e+00  0.00e+00  0.00e+00  0.00e+00  0.00e+00  0.00e+00  0.00e+00  0.00e+00  0.00e+00  0.00e+00  0.00e+00  0.00e+00 
2.12e+09 7.65e+11 2.44e+09 8.83e+11    5   27     -1        0  1.99e+06  1.31e+08  7.21e+08  0.00e+00  0.00e+00  0.00e+00  0.00e+00  0.00e+00  0.00e+00  0.00e+00  0.00e+00  0.00e+00  0.00e+00  0.00e+00  0.00e+00  0.00e+00  0.00e+00  0.00e+00  0.00e+00  0.00e+00  0.00e+00 
2.12e+09 1.00e+12 2.44e+09 1.15e+12    5   28     -1        0  1.67e+06  1.31e+08  7.90e+08  0.00e+00  0.00e+00  0.00e+00  0.00e+00  0.00e+00  0.00e+00  0.00e+00  0.00e+00  0.00e+00  0.00e+00  0.00e+00  0.00e+00  0.00e+00  0.00e+00  0.00e+00  0.00e+00  0.00e+00  0.00e+00 
2.12e+09 1.31e+12 2.44e+09 1.51e+12    5   29     -1        0  1.37e+06  1.31e+08  8.49e+08  0.00e+00  0.00e+00  0.00e+00  0.00e+00  0.00e+00  0.00e+00  0.00e+00  0.00e+00  0.00e+00  0.00e+00  0.00e+00  0.00e+00  0.00e+00  0.00e+00  0.00e+00  0.00e+00  0.00e+00  0.00e+00 
2.77e+09 0.00e+00 3.19e+09 3.63e+08    6    0      0        0  2.34e+06  1.96e+08  3.37e+05  2.47e+28  8.27e-12  4.20e+12  3.96e+04  5.68e+04  6.58e-07  3.46e-05  1.27e-03  1.91e-01  4.84e-14 -8.60e+21 -9.02e+20 -1.23e+22  1.34e+02  1.75e+03  2.00e+06  0.00e+00  1.48e+06 
2.77e+09 7.25e+08 3.19e+09 8.37e+08    6    1      0        0  2.76e+06  1.17e+08  1.12e+06  7.58e+27  1.85e-12  9.40e+11  4.00e+04  6.06e+04  1.45e-07  4.45e-06  1.65e-04  2.42e-02  6.83e-14 -1.14e+21  4.40e+19 -1.59e+21  6.10e+02  8.27e+03  1.52e+06  0.00e+00  1.15e+06 
2.77e+09 9.48e+08 3.19e+09 1.09e+09    6    2      1        0  2.58e+06  1.07e+08  1.25e+06  9.52e+27  0.00e+00  8.45e-18  9.49e+04  6.19e+04  0.00e+00  0.00e+00  0.00e+00  0.00e+00  0.00e+00 -6.54e+20 -1.60e+20 -6.85e+20       inf       inf  1.54e+06  0.00e+00  1.18e+06 
2.77e+09 1.24e+09 3.19e+09 1.43e+09    6    3      1        0  1.89e+06  1.00e+08  1.12e+06  5.08e+27  0.00e+00  8.45e-18  7.17e+04  6.16e+04  0.00e+00  0.00e+00  0.00e+00  0.00e+00  0.00e+00 -1.60e+20  2.65e+19 -1.74e+20       inf       inf  1.00e+06  0.00e+00  7.51e+05 
2.77e+09 1.62e+09 3.19e+09 1.87e+09    6    4     -1        0  1.77e+06  1.00e+08  1.29e+06  0.00e+00  0.00e+00  0.00e+00  0.00e+00  0.00e+00  0.00e+00  0.00e+00  0.00e+00  0.00e+00  0.00e+00  0.00e+00  0.00e+00  0.00e+00  0.00e+00  0.00e+00  0.00e+00  0.00e+00  0.00e+00 
2.77e+09 2.12e+09 3.19e+09 2.44e+09    6    5     -1        0  1.62e+06  1.00e+08  1.48e+06  0.00e+00  0.00e+00  0.00e+00  0.00e+00  0.00e+00  0.00e+00  0.00e+00  0.00e+00  0.00e+00  0.00e+00  0.00e+00  0.00e+00  0.00e+00  0.00e+00  0.00e+00  0.00e+00  0.00e+00  0.00e+00 
2.77e+09 2.77e+09 3.19e+09 3.19e+09    6    6     -1        0  1.44e+06  1.00e+08  1.65e+06  0.00e+00  0.00e+00  0.00e+00  0.00e+00  0.00e+00  0.00e+00  0.00e+00  0.00e+00  0.00e+00  0.00e+00  0.00e+00  0.00e+00  0.00e+00  0.00e+00  0.00e+00  0.00e+00  0.00e+00  0.00e+00 
2.77e+09 3.62e+09 3.19e+09 4.17e+09    6    7     -1        0  1.25e+06  1.00e+08  1.81e+06  0.00e+00  0.00e+00  0.00e+00  0.00e+00  0.00e+00  0.00e+00  0.00e+00  0.00e+00  0.00e+00  0.00e+00  0.00e+00  0.00e+00  0.00e+00  0.00e+00  0.00e+00  0.00e+00  0.00e+00  0.00e+00 
2.77e+09 4.73e+09 3.19e+09 5.45e+09    6    8     -1        0  1.04e+06  1.00e+08  1.93e+06  0.00e+00  0.00e+00  0.00e+00  0.00e+00  0.00e+00  0.00e+00  0.00e+00  0.00e+00  0.00e+00  0.00e+00  0.00e+00  0.00e+00  0.00e+00  0.00e+00  0.00e+00  0.00e+00  0.00e+00  0.00e+00 
2.77e+09 6.18e+09 3.19e+09 7.12e+09    6    9     -1        0  8.56e+05  1.00e+08  2.04e+06  0.00e+00  0.00e+00  0.00e+00  0.00e+00  0.00e+00  0.00e+00  0.00e+00  0.00e+00  0.00e+00  0.00e+00  0.00e+00  0.00e+00  0.00e+00  0.00e+00  0.00e+00  0.00e+00  0.00e+00  0.00e+00 
2.77e+09 8.07e+09 3.19e+09 9.31e+09    6   10     -1        0  6.94e+05  1.00e+08  2.12e+06  0.00e+00  0.00e+00  0.00e+00  0.00e+00  0.00e+00  0.00e+00  0.00e+00  0.00e+00  0.00e+00  0.00e+00  0.00e+00  0.00e+00  0.00e+00  0.00e+00  0.00e+00  0.00e+00  0.00e+00  0.00e+00 
2.77e+09 1.05e+10 3.19e+09 1.22e+10    6   11     -1        0  5.65e+05  1.00e+08  2.24e+06  0.00e+00  0.00e+00  0.00e+00  0.00e+00  0.00e+00  0.00e+00  0.00e+00  0.00e+00  0.00e+00  0.00e+00  0.00e+00  0.00e+00  0.00e+00  0.00e+00  0.00e+00  0.00e+00  0.00e+00  0.00e+00 
2.77e+09 1.38e+10 3.19e+09 1.59e+10    6   12     -1        0  4.77e+05  1.00e+08  2.45e+06  0.00e+00  0.00e+00  0.00e+00  0.00e+00  0.00e+00  0.00e+00  0.00e+00  0.00e+00  0.00e+00  0.00e+00  0.00e+00  0.00e+00  0.00e+00  0.00e+00  0.00e+00  0.00e+00  0.00e+00  0.00e+00 
2.77e+09 1.80e+10 3.19e+09 2.08e+10    6   13     -1        0  4.42e+05  1.00e+08  2.95e+06  0.00e+00  0.00e+00  0.00e+00  0.00e+00  0.00e+00  0.00e+00  0.00e+00  0.00e+00  0.00e+00  0.00e+00  0.00e+00  0.00e+00  0.00e+00  0.00e+00  0.00e+00  0.00e+00  0.00e+00  0.00e+00 
2.77e+09 2.36e+10 3.19e+09 2.72e+10    6   14     -1        0  4.78e+05  1.00e+08  4.14e+06  0.00e+00  0.00e+00  0.00e+00  0.00e+00  0.00e+00  0.00e+00  0.00e+00  0.00e+00  0.00e+00  0.00e+00  0.00e+00  0.00e+00  0.00e+00  0.00e+00  0.00e+00  0.00e+00  0.00e+00  0.00e+00 
2.77e+09 3.08e+10 3.19e+09 3.55e+10    6   15     -1        0  6.10e+05  1.00e+08  6.87e+06  0.00e+00  0.00e+00  0.00e+00  0.00e+00  0.00e+00  0.00e+00  0.00e+00  0.00e+00  0.00e+00  0.00e+00  0.00e+00  0.00e+00  0.00e+00  0.00e+00  0.00e+00  0.00e+00  0.00e+00  0.00e+00 
2.77e+09 4.02e+10 3.19e+09 4.64e+10    6   16     -1        0  8.64e+05  1.00e+08  1.27e+07  0.00e+00  0.00e+00  0.00e+00  0.00e+00  0.00e+00  0.00e+00  0.00e+00  0.00e+00  0.00e+00  0.00e+00  0.00e+00  0.00e+00  0.00e+00  0.00e+00  0.00e+00  0.00e+00  0.00e+00  0.00e+00 
2.77e+09 5.26e+10 3.19e+09 6.07e+10    6   17     -1        0  1.26e+06  1.00e+08  2.41e+07  0.00e+00  0.00e+00  0.00e+00  0.00e+00  0.00e+00  0.00e+00  0.00e+00  0.00e+00  0.00e+00  0.00e+00  0.00e+00  0.00e+00  0.00e+00  0.00e+00  0.00e+00  0.00e+00  0.00e+00  0.00e+00 
2.77e+09 6.87e+10 3.19e+09 7.93e+10    6   18     -1        0  1.78e+06  1.00e+08  4.45e+07  0.00e+00  0.00e+00  0.00e+00  0.00e+00  0.00e+00  0.00e+00  0.00e+00  0.00e+00  0.00e+00  0.00e+00  0.00e+00  0.00e+00  0.00e+00  0.00e+00  0.00e+00  0.00e+00  0.00e+00  0.00e+00 
2.77e+09 8.98e+10 3.19e+09 1.04e+11    6   19     -1        0  2.38e+06  1.00e+08  7.75e+07  0.00e+00  0.00e+00  0.00e+00  0.00e+00  0.00e+00  0.00e+00  0.00e+00  0.00e+00  0.00e+00  0.00e+00  0.00e+00  0.00e+00  0.00e+00  0.00e+00  0.00e+00  0.00e+00  0.00e+00  0.00e+00 
2.77e+09 1.17e+11 3.19e+09 1.35e+11    6   20     -1        0  2.96e+06  1.00e+08  1.26e+08  0.00e+00  0.00e+00  0.00e+00  0.00e+00  0.00e+00  0.00e+00  0.00e+00  0.00e+00  0.00e+00  0.00e+00  0.00e+00  0.00e+00  0.00e+00  0.00e+00  0.00e+00  0.00e+00  0.00e+00  0.00e+00 
2.77e+09 1.53e+11 3.19e+09 1.77e+11    6   21     -1        0  3.44e+06  1.00e+08  1.91e+08  0.00e+00  0.00e+00  0.00e+00  0.00e+00  0.00e+00  0.00e+00  0.00e+00  0.00e+00  0.00e+00  0.00e+00  0.00e+00  0.00e+00  0.00e+00  0.00e+00  0.00e+00  0.00e+00  0.00e+00  0.00e+00 
2.77e+09 2.01e+11 3.19e+09 2.31e+11    6   22     -1        0  3.74e+06  1.00e+08  2.72e+08  0.00e+00  0.00e+00  0.00e+00  0.00e+00  0.00e+00  0.00e+00  0.00e+00  0.00e+00  0.00e+00  0.00e+00  0.00e+00  0.00e+00  0.00e+00  0.00e+00  0.00e+00  0.00e+00  0.00e+00  0.00e+00 
2.77e+09 2.62e+11 3.19e+09 3.02e+11    6   23     -1        0  3.81e+06  1.00e+08  3.62e+08  0.00e+00  0.00e+00  0.00e+00  0.00e+00  0.00e+00  0.00e+00  0.00e+00  0.00e+00  0.00e+00  0.00e+00  0.00e+00  0.00e+00  0.00e+00  0.00e+00  0.00e+00  0.00e+00  0.00e+00  0.00e+00 
2.77e+09 3.43e+11 3.19e+09 3.95e+11    6   24     -1        0  3.69e+06  1.00e+08  4.57e+08  0.00e+00  0.00e+00  0.00e+00  0.00e+00  0.00e+00  0.00e+00  0.00e+00  0.00e+00  0.00e+00  0.00e+00  0.00e+00  0.00e+00  0.00e+00  0.00e+00  0.00e+00  0.00e+00  0.00e+00  0.00e+00 
2.77e+09 4.48e+11 3.19e+09 5.17e+11    6   25     -1        0  3.40e+06  1.00e+08  5.52e+08  0.00e+00  0.00e+00  0.00e+00  0.00e+00  0.00e+00  0.00e+00  0.00e+00  0.00e+00  0.00e+00  0.00e+00  0.00e+00  0.00e+00  0.00e+00  0.00e+00  0.00e+00  0.00e+00  0.00e+00  0.00e+00 
2.77e+09 5.85e+11 3.19e+09 6.75e+11    6   26     -1        0  3.02e+06  1.00e+08  6.41e+08  0.00e+00  0.00e+00  0.00e+00  0.00e+00  0.00e+00  0.00e+00  0.00e+00  0.00e+00  0.00e+00  0.00e+00  0.00e+00  0.00e+00  0.00e+00  0.00e+00  0.00e+00  0.00e+00  0.00e+00  0.00e+00 
2.77e+09 7.65e+11 3.19e+09 8.83e+11    6   27     -1        0  2.60e+06  1.00e+08  7.21e+08  0.00e+00  0.00e+00  0.00e+00  0.00e+00  0.00e+00  0.00e+00  0.00e+00  0.00e+00  0.00e+00  0.00e+00  0.00e+00  0.00e+00  0.00e+00  0.00e+00  0.00e+00  0.00e+00  0.00e+00  0.00e+00 
2.77e+09 1.00e+12 3.19e+09 1.15e+12    6   28     -1        0  2.18e+06  1.00e+08  7.90e+08  0.00e+00  0.00e+00  0.00e+00  0.00e+00  0.00e+00  0.00e+00  0.00e+00  0.00e+00  0.00e+00  0.00e+00  0.00e+00  0.00e+00  0.00e+00  0.00e+00  0.00e+00  0.00e+00  0.00e+00  0.00e+00 
2.77e+09 1.31e+12 3.19e+09 1.51e+12    6   29     -1        0  1.80e+06  1.00e+08  8.49e+08  0.00e+00  0.00e+00  0.00e+00  0.00e+00  0.00e+00  0.00e+00  0.00e+00  0.00e+00  0.00e+00  0.00e+00  0.00e+00  0.00e+00  0.00e+00  0.00e+00  0.00e+00  0.00e+00  0.00e+00  0.00e+00 
3.62e+09 0.00e+00 4.17e+09 3.63e+08    7    0      0        0  2.16e+06  1.71e+08  2.38e+05  4.22e+28  1.15e-11  5.84e+12  3.39e+04  4.92e+04  1.18e-06  1.85e-04  6.24e-03  4.77e-01  1.72e-16 -7.74e+21 -1.34e+21 -1.15e+22  4.45e+01  5.46e+02  1.46e+06  0.00e+00  9.37e+05 
3.62e+09 7.25e+08 4.17e+09 8.37e+08    7    1      0        0  2.77e+06  1.02e+08  8.60e+05  1.29e+28  2.44e-12  1.24e+12  3.57e+04  5.31e+04  2.31e-07  2.03e-05  6.89e-04  9.51e-02  1.31e-15 -1.05e+21  1.09e+20 -1.09e+21  2.28e+02  2.88e+03  1.19e+06  0.00e+00  7.86e+05 
3.62e+09 9.48e+08 4.17e+09 1.09e+09    7    2      0        0  2.79e+06  9.32e+07  1.04e+06  1.69e+28  1.37e-12  6.95e+11  3.62e+04  5.51e+04  1.27e-07  8.49e-06  2.95e-04  4.11e-02  2.28e-15 -1.22e+21 -1.39e+20 -1.20e+21  4.22e+02  5.47e+03  1.35e+06  0.00e+00  9.30e+05 
3.62e+09 1.24e+09 4.17e+09 1.43e+09    7    3      1        0  2.69e+06  8.46e+07  1.22e+06  2.21e+28  0.00e+00  8.45e-18  7.41e+04  5.72e+04  0.00e+00  0.00e+00  0.00e+00  0.00e+00  0.00e+00 -6.66e+20  2.13e+20 -6.57e+20       inf       inf  1.53e+06  0.00e+00  1.09e+06 
3.62e+09 1.62e+09 4.17e+09 1.87e+09    7    4      1        0  1.92e+06  7.67e+07  1.07e+06  1.72e+28  0.00e+00  8.45e-18  6.07e+04  5.79e+04  0.00e+00  0.00e+00  0.00e+00  0.00e+00  0.00e+00 -2.89e+20 -2.39e+19 -2.37e+20       inf       inf  1.19e+06  0.00e+00  8.29e+05 
3.62e+09 2.12e+09 4.17e+09 2.44e+09    7    5      1        0  1.80e+06  7.67e+07  1.25e+06  4.17e+26  0.00e+00  8.45e-18  5.74e+04  5.77e+04  0.00e+00  0.00e+00  0.00e+00  0.00e+00  0.00e+00  0.00e+00  0.00e+00  0.00e+00       inf       inf  1.58e+05  0.00e+00  1.09e+05 
3.62e+09 2.77e+09 4.17e+09 3.19e+09    7    6     -1        0  1.65e+06  7.67e+07  1.45e+06  0.00e+00  0.00e+00  0.00e+00  0.00e+00  0.00e+00  0.00e+00  0.00e+00  0.00e+00  0.00e+00  0.00e+00  0.00e+00  0.00e+00  0.00e+00  0.00e+00  0.00e+00  0.00e+00  0.00e+00  0.00e+00 
3.62e+09 3.62e+09 4.17e+09 4.17e+09    7    7     -1        0  1.47e+06  7.67e+07  1.63e+06  0.00e+00  0.00e+00  0.00e+00  0.00e+00  0.00e+00  0.00e+00  0.00e+00  0.00e+00  0.00e+00  0.00e+00  0.00e+00  0.00e+00  0.00e+00  0.00e+00  0.00e+00  0.00e+00  0.00e+00  0.00e+00 
3.62e+09 4.73e+09 4.17e+09 5.45e+09    7    8     -1        0  1.27e+06  7.67e+07  1.80e+06  0.00e+00  0.00e+00  0.00e+00  0.00e+00  0.00e+00  0.00e+00  0.00e+00  0.00e+00  0.00e+00  0.00e+00  0.00e+00  0.00e+00  0.00e+00  0.00e+00  0.00e+00  0.00e+00  0.00e+00  0.00e+00 
3.62e+09 6.18e+09 4.17e+09 7.12e+09    7    9     -1        0  1.07e+06  7.67e+07  1.94e+06  0.00e+00  0.00e+00  0.00e+00  0.00e+00  0.00e+00  0.00e+00  0.00e+00  0.00e+00  0.00e+00  0.00e+00  0.00e+00  0.00e+00  0.00e+00  0.00e+00  0.00e+00  0.00e+00  0.00e+00  0.00e+00 
3.62e+09 8.07e+09 4.17e+09 9.31e+09    7   10     -1        0  8.79e+05  7.67e+07  2.06e+06  0.00e+00  0.00e+00  0.00e+00  0.00e+00  0.00e+00  0.00e+00  0.00e+00  0.00e+00  0.00e+00  0.00e+00  0.00e+00  0.00e+00  0.00e+00  0.00e+00  0.00e+00  0.00e+00  0.00e+00  0.00e+00 
3.62e+09 1.05e+10 4.17e+09 1.22e+10    7   11     -1        0  7.26e+05  7.67e+07  2.20e+06  0.00e+00  0.00e+00  0.00e+00  0.00e+00  0.00e+00  0.00e+00  0.00e+00  0.00e+00  0.00e+00  0.00e+00  0.00e+00  0.00e+00  0.00e+00  0.00e+00  0.00e+00  0.00e+00  0.00e+00  0.00e+00 
3.62e+09 1.38e+10 4.17e+09 1.59e+10    7   12     -1        0  6.20e+05  7.67e+07  2.43e+06  0.00e+00  0.00e+00  0.00e+00  0.00e+00  0.00e+00  0.00e+00  0.00e+00  0.00e+00  0.00e+00  0.00e+00  0.00e+00  0.00e+00  0.00e+00  0.00e+00  0.00e+00  0.00e+00  0.00e+00  0.00e+00 
3.62e+09 1.80e+10 4.17e+09 2.08e+10    7   13     -1        0  5.78e+05  7.67e+07  2.95e+06  0.00e+00  0.00e+00  0.00e+00  0.00e+00  0.00e+00  0.00e+00  0.00e+00  0.00e+00  0.00e+00  0.00e+00  0.00e+00  0.00e+00  0.00e+00  0.00e+00  0.00e+00  0.00e+00  0.00e+00  0.00e+00 
3.62e+09 2.36e+10 4.17e+09 2.72e+10    7   14     -1        0  6.27e+05  7.67e+07  4.15e+06  0.00e+00  0.00e+00  0.00e+00  0.00e+00  0.00e+00  0.00e+00  0.00e+00  0.00e+00  0.00e+00  0.00e+00  0.00e+00  0.00e+00  0.00e+00  0.00e+00  0.00e+00  0.00e+00  0.00e+00  0.00e+00 
3.62e+09 3.08e+10 4.17e+09 3.55e+10    7   15     -1        0  7.99e+05  7.67e+07  6.90e+06  0.00e+00  0.00e+00  0.00e+00  0.00e+00  0.00e+00  0.00e+00  0.00e+00  0.00e+00  0.00e+00  0.00e+00  0.00e+00  0.00e+00  0.00e+00  0.00e+00  0.00e+00  0.00e+00  0.00e+00  0.00e+00 
3.62e+09 4.02e+10 4.17e+09 4.64e+10    7   16     -1        0  1.13e+06  7.67e+07  1.27e+07  0.00e+00  0.00e+00  0.00e+00  0.00e+00  0.00e+00  0.00e+00  0.00e+00  0.00e+00  0.00e+00  0.00e+00  0.00e+00  0.00e+00  0.00e+00  0.00e+00  0.00e+00  0.00e+00  0.00e+00  0.00e+00 
3.62e+09 5.26e+10 4.17e+09 6.07e+10    7   17     -1        0  1.65e+06  7.67e+07  2.41e+07  0.00e+00  0.00e+00  0.00e+00  0.00e+00  0.00e+00  0.00e+00  0.00e+00  0.00e+00  0.00e+00  0.00e+00  0.00e+00  0.00e+00  0.00e+00  0.00e+00  0.00e+00  0.00e+00  0.00e+00  0.00e+00 
3.62e+09 6.87e+10 4.17e+09 7.93e+10    7   18     -1        0  2.33e+06  7.67e+07  4.45e+07  0.00e+00  0.00e+00  0.00e+00  0.00e+00  0.00e+00  0.00e+00  0.00e+00  0.00e+00  0.00e+00  0.00e+00  0.00e+00  0.00e+00  0.00e+00  0.00e+00  0.00e+00  0.00e+00  0.00e+00  0.00e+00 
3.62e+09 8.98e+10 4.17e+09 1.04e+11    7   19     -1        0  3.11e+06  7.67e+07  7.76e+07  0.00e+00  0.00e+00  0.00e+00  0.00e+00  0.00e+00  0.00e+00  0.00e+00  0.00e+00  0.00e+00  0.00e+00  0.00e+00  0.00e+00  0.00e+00  0.00e+00  0.00e+00  0.00e+00  0.00e+00  0.00e+00 
3.62e+09 1.17e+11 4.17e+09 1.35e+11    7   20     -1        0  3.87e+06  7.67e+07  1.26e+08  0.00e+00  0.00e+00  0.00e+00  0.00e+00  0.00e+00  0.00e+00  0.00e+00  0.00e+00  0.00e+00  0.00e+00  0.00e+00  0.00e+00  0.00e+00  0.00e+00  0.00e+00  0.00e+00  0.00e+00  0.00e+00 
3.62e+09 1.53e+11 4.17e+09 1.77e+11    7   21     -1        0  4.50e+06  7.67e+07  1.91e+08  0.00e+00  0.00e+00  0.00e+00  0.00e+00  0.00e+00  0.00e+00  0.00e+00  0.00e+00  0.00e+00  0.00e+00  0.00e+00  0.00e+00  0.00e+00  0.00e+00  0.00e+00  0.00e+00  0.00e+00  0.00e+00 
3.62e+09 2.01e+11 4.17e+09 2.31e+11    7   22     -1        0  4.88e+06  7.67e+07  2.72e+08  0.00e+00  0.00e+00  0.00e+00  0.00e+00  0.00e+00  0.00e+00  0.00e+00  0.00e+00  0.00e+00  0.00e+00  0.00e+00  0.00e+00  0.00e+00  0.00e+00  0.00e+00  0.00e+00  0.00e+00  0.00e+00 
3.62e+09 2.62e+11 4.17e+09 3.02e+11    7   23     -1        0  4.98e+06  7.67e+07  3.62e+08  0.00e+00  0.00e+00  0.00e+00  0.00e+00  0.00e+00  0.00e+00  0.00e+00  0.00e+00  0.00e+00  0.00e+00  0.00e+00  0.00e+00  0.00e+00  0.00e+00  0.00e+00  0.00e+00  0.00e+00  0.00e+00 
3.62e+09 3.43e+11 4.17e+09 3.95e+11    7   24     -1        0  4.82e+06  7.67e+07  4.57e+08  0.00e+00  0.00e+00  0.00e+00  0.00e+00  0.00e+00  0.00e+00  0.00e+00  0.00e+00  0.00e+00  0.00e+00  0.00e+00  0.00e+00  0.00e+00  0.00e+00  0.00e+00  0.00e+00  0.00e+00  0.00e+00 
3.62e+09 4.48e+11 4.17e+09 5.17e+11    7   25     -1        0  4.45e+06  7.67e+07  5.52e+08  0.00e+00  0.00e+00  0.00e+00  0.00e+00  0.00e+00  0.00e+00  0.00e+00  0.00e+00  0.00e+00  0.00e+00  0.00e+00  0.00e+00  0.00e+00  0.00e+00  0.00e+00  0.00e+00  0.00e+00  0.00e+00 
3.62e+09 5.85e+11 4.17e+09 6.75e+11    7   26     -1        0  3.95e+06  7.67e+07  6.41e+08  0.00e+00  0.00e+00  0.00e+00  0.00e+00  0.00e+00  0.00e+00  0.00e+00  0.00e+00  0.00e+00  0.00e+00  0.00e+00  0.00e+00  0.00e+00  0.00e+00  0.00e+00  0.00e+00  0.00e+00  0.00e+00 
3.62e+09 7.65e+11 4.17e+09 8.83e+11    7   27     -1        0  3.40e+06  7.67e+07  7.21e+08  0.00e+00  0.00e+00  0.00e+00  0.00e+00  0.00e+00  0.00e+00  0.00e+00  0.00e+00  0.00e+00  0.00e+00  0.00e+00  0.00e+00  0.00e+00  0.00e+00  0.00e+00  0.00e+00  0.00e+00  0.00e+00 
3.62e+09 1.00e+12 4.17e+09 1.15e+12    7   28     -1        0  2.86e+06  7.67e+07  7.90e+08  0.00e+00  0.00e+00  0.00e+00  0.00e+00  0.00e+00  0.00e+00  0.00e+00  0.00e+00  0.00e+00  0.00e+00  0.00e+00  0.00e+00  0.00e+00  0.00e+00  0.00e+00  0.00e+00  0.00e+00  0.00e+00 
3.62e+09 1.31e+12 4.17e+09 1.51e+12    7   29     -1        0  2.35e+06  7.67e+07  8.49e+08  0.00e+00  0.00e+00  0.00e+00  0.00e+00  0.00e+00  0.00e+00  0.00e+00  0.00e+00  0.00e+00  0.00e+00  0.00e+00  0.00e+00  0.00e+00  0.00e+00  0.00e+00  0.00e+00  0.00e+00  0.00e+00 
4.73e+09 0.00e+00 5.45e+09 3.63e+08    8    0      0        0  1.98e+06  1.50e+08  1.67e+05  7.21e+28  1.62e-11  8.21e+12  2.92e+04  4.22e+04  2.16e-06  8.96e-04  3.64e-02  4.61e-01  2.17e-19 -7.09e+21 -7.15e+20 -1.18e+22  1.30e+01  1.53e+02  1.05e+06  0.00e+00  5.37e+05 
4.73e+09 7.25e+08 5.45e+09 8.37e+08    8    1      0        0  2.65e+06  8.93e+07  6.31e+05  2.21e+28  3.34e-12  1.70e+12  3.01e+04  4.60e+04  4.21e-07  1.05e-04  3.65e-03  3.97e-01  1.42e-18 -1.20e+21  1.65e+19 -8.52e+20  7.16e+01  8.88e+02  8.86e+05  0.00e+00  4.73e+05 
4.73e+09 9.48e+08 5.45e+09 1.09e+09    8    2      0        0  2.74e+06  8.16e+07  7.81e+05  2.89e+28  1.83e-12  9.30e+11  3.14e+04  4.82e+04  2.17e-07  3.78e-05  1.22e-03  1.52e-01  8.45e-18 -8.73e+20  1.71e+20 -8.18e+20  1.41e+02  1.77e+03  1.01e+06  0.00e+00  5.75e+05 
4.73e+09 1.24e+09 5.45e+09 1.43e+09    8    3      0        0  2.79e+06  7.40e+07  9.66e+05  3.78e+28  9.74e-13  4.95e+11  3.24e+04  5.07e+04  1.10e-07  1.42e-05  4.64e-04  5.93e-02  3.13e-17 -8.99e+20  2.80e+19 -8.38e+20  2.89e+02  3.64e+03  1.19e+06  0.00e+00  7.28e+05 
4.73e+09 1.62e+09 5.45e+09 1.87e+09    8    4      0        0  2.74e+06  6.66e+07  1.17e+06  4.94e+28  5.16e-13  2.62e+11  3.31e+04  5.33e+04  5.62e-08  5.52e-06  1.84e-04  2.33e-02  7.30e-17 -8.04e+20 -8.47e+18 -6.64e+20  5.94e+02  7.72e+03  1.43e+06  0.00e+00  9.39e+05 
4.73e+09 2.12e+09 5.45e+09 2.44e+09    8    5      1        0  2.23e+06  5.97e+07  1.19e+06  4.74e+28  0.00e+00  8.45e-18  4.79e+04  5.49e+04  0.00e+00  0.00e+00  0.00e+00  0.00e+00  0.00e+00 -3.32e+20  6.41e+18 -2.67e+20       inf       inf  1.21e+06  0.00e+00  7.82e+05 
4.73e+09 2.77e+09 5.45e+09 3.19e+09    8    6      1        0  1.83e+06  5.87e+07  1.22e+06  4.08e+27  0.00e+00  8.45e-18  4.07e+04  5.50e+04  0.00e+00  0.00e+00  0.00e+00  0.00e+00  0.00e+00  2.85e+18  1.22e+19 -1.78e+19       inf       inf  3.18e+05  0.00e+00  2.04e+05 
4.73e+09 3.62e+09 5.45e+09 4.17e+09    8    7     -1        0  1.68e+06  5.87e+07  1.42e+06  0.00e+00  0.00e+00  0.00e+00  0.00e+00  0.00e+00  0.00e+00  0.00e+00  0.00e+00  0.00e+00  0.00e+00  0.00e+00  0.00e+00  0.00e+00  0.00e+00  0.00e+00  0.00e+00  0.00e+00  0.00e+00 
4.73e+09 4.73e+09 5.45e+09 5.45e+09    8    8     -1        0  1.50e+06  5.87e+07  1.62e+06  0.00e+00  0.00e+00  0.00e+00  0.00e+00  0.00e+00  0.00e+00  0.00e+00  0.00e+00  0.00e+00  0.00e+00  0.00e+00  0.00e+00  0.00e+00  0.00e+00  0.00e+00  0.00e+00  0.00e+00  0.00e+00 
4.73e+09 6.18e+09 5.45e+09 7.12e+09    8    9     -1        0  1.30e+06  5.87e+07  1.80e+06  0.00e+00  0.00e+00  0.00e+00  0.00e+00  0.00e+00  0.00e+00  0.00e+00  0.00e+00  0.00e+00  0.00e+00  0.00e+00  0.00e+00  0.00e+00  0.00e+00  0.00e+00  0.00e+00  0.00e+00  0.00e+00 
4.73e+09 8.07e+09 5.45e+09 9.31e+09    8   10     -1        0  1.10e+06  5.87e+07  1.97e+06  0.00e+00  0.00e+00  0.00e+00  0.00e+00  0.00e+00  0.00e+00  0.00e+00  0.00e+00  0.00e+00  0.00e+00  0.00e+00  0.00e+00  0.00e+00  0.00e+00  0.00e+00  0.00e+00  0.00e+00  0.00e+00 
4.73e+09 1.05e+10 5.45e+09 1.22e+10    8   11     -1        0  9.24e+05  5.87e+07  2.14e+06  0.00e+00  0.00e+00  0.00e+00  0.00e+00  0.00e+00  0.00e+00  0.00e+00  0.00e+00  0.00e+00  0.00e+00  0.00e+00  0.00e+00  0.00e+00  0.00e+00  0.00e+00  0.00e+00  0.00e+00  0.00e+00 
4.73e+09 1.38e+10 5.45e+09 1.59e+10    8   12     -1        0  8.01e+05  5.87e+07  2.41e+06  0.00e+00  0.00e+00  0.00e+00  0.00e+00  0.00e+00  0.00e+00  0.00e+00  0.00e+00  0.00e+00  0.00e+00  0.00e+00  0.00e+00  0.00e+00  0.00e+00  0.00e+00  0.00e+00  0.00e+00  0.00e+00 
4.73e+09 1.80e+10 5.45e+09 2.08e+10    8   13     -1        0  7.55e+05  5.87e+07  2.95e+06  0.00e+00  0.00e+00  0.00e+00  0.00e+00  0.00e+00  0.00e+00  0.00e+00  0.00e+00  0.00e+00  0.00e+00  0.00e+00  0.00e+00  0.00e+00  0.00e+00  0.00e+00  0.00e+00  0.00e+00  0.00e+00 
4.73e+09 2.36e+10 5.45e+09 2.72e+10    8   14     -1        0  8.23e+05  5.87e+07  4.17e+06  0.00e+00  0.00e+00  0.00e+00  0.00e+00  0.00e+00  0.00e+00  0.00e+00  0.00e+00  0.00e+00  0.00e+00  0.00e+00  0.00e+00  0.00e+00  0.00e+00  0.00e+00  0.00e+00  0.00e+00  0.00e+00 
4.73e+09 3.08e+10 5.45e+09 3.55e+10    8   15     -1        0  1.05e+06  5.87e+07  6.93e+06  0.00e+00  0.00e+00  0.00e+00  0.00e+00  0.00e+00  0.00e+00  0.00e+00  0.00e+00  0.00e+00  0.00e+00  0.00e+00  0.00e+00  0.00e+00  0.00e+00  0.00e+00  0.00e+00  0.00e+00  0.00e+00 
4.73e+09 4.02e+10 5.45e+09 4.64e+10    8   16     -1        0  1.49e+06  5.87e+07  1.28e+07  0.00e+00  0.00e+00  0.00e+00  0.00e+00  0.00e+00  0.00e+00  0.00e+00  0.00e+00  0.00e+00  0.00e+00  0.00e+00  0.00e+00  0.00e+00  0.00e+00  0.00e+00  0.00e+00  0.00e+00  0.00e+00 
4.73e+09 5.26e+10 5.45e+09 6.07e+10    8   17     -1        0  2.16e+06  5.87e+07  2.42e+07  0.00e+00  0.00e+00  0.00e+00  0.00e+00  0.00e+00  0.00e+00  0.00e+00  0.00e+00  0.00e+00  0.00e+00  0.00e+00  0.00e+00  0.00e+00  0.00e+00  0.00e+00  0.00e+00  0.00e+00  0.00e+00 
4.73e+09 6.87e+10 5.45e+09 7.93e+10    8   18     -1        0  3.05e+06  5.87e+07  4.46e+07  0.00e+00  0.00e+00  0.00e+00  0.00e+00  0.00e+00  0.00e+00  0.00e+00  0.00e+00  0.00e+00  0.00e+00  0.00e+00  0.00e+00  0.00e+00  0.00e+00  0.00e+00  0.00e+00  0.00e+00  0.00e+00 
4.73e+09 8.98e+10 5.45e+09 1.04e+11    8   19     -1        0  4.06e+06  5.87e+07  7.76e+07  0.00e+00  0.00e+00  0.00e+00  0.00e+00  0.00e+00  0.00e+00  0.00e+00  0.00e+00  0.00e+00  0.00e+00  0.00e+00  0.00e+00  0.00e+00  0.00e+00  0.00e+00  0.00e+00  0.00e+00  0.00e+00 
4.73e+09 1.17e+11 5.45e+09 1.35e+11    8   20     -1        0  5.06e+06  5.87e+07  1.26e+08  0.00e+00  0.00e+00  0.00e+00  0.00e+00  0.00e+00  0.00e+00  0.00e+00  0.00e+00  0.00e+00  0.00e+00  0.00e+00  0.00e+00  0.00e+00  0.00e+00  0.00e+00  0.00e+00  0.00e+00  0.00e+00 
4.73e+09 1.53e+11 5.45e+09 1.77e+11    8   21     -1        0  5.88e+06  5.87e+07  1.92e+08  0.00e+00  0.00e+00  0.00e+00  0.00e+00  0.00e+00  0.00e+00  0.00e+00  0.00e+00  0.00e+00  0.00e+00  0.00e+00  0.00e+00  0.00e+00  0.00e+00  0.00e+00  0.00e+00  0.00e+00  0.00e+00 
4.73e+09 2.01e+11 5.45e+09 2.31e+11    8   22     -1        0  6.38e+06  5.87e+07  2.72e+08  0.00e+00  0.00e+00  0.00e+00  0.00e+00  0.00e+00  0.00e+00  0.00e+00  0.00e+00  0.00e+00  0.00e+00  0.00e+00  0.00e+00  0.00e+00  0.00e+00  0.00e+00  0.00e+00  0.00e+00  0.00e+00 
4.73e+09 2.62e+11 5.45e+09 3.02e+11    8   23     -1        0  6.51e+06  5.87e+07  3.62e+08  0.00e+00  0.00e+00  0.00e+00  0.00e+00  0.00e+00  0.00e+00  0.00e+00  0.00e+00  0.00e+00  0.00e+00  0.00e+00  0.00e+00  0.00e+00  0.00e+00  0.00e+00  0.00e+00  0.00e+00  0.00e+00 
4.73e+09 3.43e+11 5.45e+09 3.95e+11    8   24     -1        0  6.30e+06  5.87e+07  4.57e+08  0.00e+00  0.00e+00  0.00e+00  0.00e+00  0.00e+00  0.00e+00  0.00e+00  0.00e+00  0.00e+00  0.00e+00  0.00e+00  0.00e+00  0.00e+00  0.00e+00  0.00e+00  0.00e+00  0.00e+00  0.00e+00 
4.73e+09 4.48e+11 5.45e+09 5.17e+11    8   25     -1        0  5.82e+06  5.87e+07  5.52e+08  0.00e+00  0.00e+00  0.00e+00  0.00e+00  0.00e+00  0.00e+00  0.00e+00  0.00e+00  0.00e+00  0.00e+00  0.00e+00  0.00e+00  0.00e+00  0.00e+00  0.00e+00  0.00e+00  0.00e+00  0.00e+00 
4.73e+09 5.85e+11 5.45e+09 6.75e+11    8   26     -1        0  5.17e+06  5.87e+07  6.41e+08  0.00e+00  0.00e+00  0.00e+00  0.00e+00  0.00e+00  0.00e+00  0.00e+00  0.00e+00  0.00e+00  0.00e+00  0.00e+00  0.00e+00  0.00e+00  0.00e+00  0.00e+00  0.00e+00  0.00e+00  0.00e+00 
4.73e+09 7.65e+11 5.45e+09 8.83e+11    8   27     -1        0  4.45e+06  5.87e+07  7.21e+08  0.00e+00  0.00e+00  0.00e+00  0.00e+00  0.00e+00  0.00e+00  0.00e+00  0.00e+00  0.00e+00  0.00e+00  0.00e+00  0.00e+00  0.00e+00  0.00e+00  0.00e+00  0.00e+00  0.00e+00  0.00e+00 
4.73e+09 1.00e+12 5.45e+09 1.15e+12    8   28     -1        0  3.73e+06  5.87e+07  7.90e+08  0.00e+00  0.00e+00  0.00e+00  0.00e+00  0.00e+00  0.00e+00  0.00e+00  0.00e+00  0.00e+00  0.00e+00  0.00e+00  0.00e+00  0.00e+00  0.00e+00  0.00e+00  0.00e+00  0.00e+00  0.00e+00 
4.73e+09 1.31e+12 5.45e+09 1.51e+12    8   29     -1        0  3.07e+06  5.87e+07  8.49e+08  0.00e+00  0.00e+00  0.00e+00  0.00e+00  0.00e+00  0.00e+00  0.00e+00  0.00e+00  0.00e+00  0.00e+00  0.00e+00  0.00e+00  0.00e+00  0.00e+00  0.00e+00  0.00e+00  0.00e+00  0.00e+00 
6.18e+09 0.00e+00 7.12e+09 3.63e+08    9    0      0        0  1.81e+06  1.31e+08  1.17e+05  1.23e+29  2.29e-11  1.16e+13  2.52e+04  3.59e+04  4.09e-06  2.20e-02  3.91e-01  2.94e-02  1.00e-20 -4.80e+21 -5.89e+20 -9.41e+21  3.34e+00  3.78e+01  7.39e+05  0.00e+00  2.75e+05 
6.18e+09 7.25e+08 7.12e+09 8.37e+08    9    1      0        0  2.50e+06  7.81e+07  4.54e+05  3.78e+28  4.66e-12  2.36e+12  2.56e+04  3.93e+04  8.12e-07  1.18e-03  3.63e-02  4.41e-01  1.00e-20 -7.28e+20 -2.44e+20 -8.50e+20  1.96e+01  2.33e+02  6.44e+05  0.00e+00  2.48e+05 
6.18e+09 9.48e+08 7.12e+09 1.09e+09    9    2      0        0  2.61e+06  7.13e+07  5.69e+05  4.94e+28  2.52e-12  1.28e+12  2.63e+04  4.17e+04  4.19e-07  2.09e-04  6.90e-03  5.51e-01  1.00e-20 -7.27e+20 -3.69e+19 -6.00e+20  4.05e+01  5.05e+02  7.24e+05  0.00e+00  3.10e+05 
6.18e+09 1.24e+09 7.12e+09 1.43e+09    9    3      0        0  2.71e+06  6.47e+07  7.19e+05  6.46e+28  1.31e-12  6.67e+11  2.79e+04  4.44e+04  1.97e-07  6.21e-05  1.95e-03  2.24e-01  5.01e-20 -8.01e+20  3.85e+19 -5.30e+20  8.87e+01  1.10e+03  8.51e+05  0.00e+00  4.10e+05 
6.18e+09 1.62e+09 7.12e+09 1.87e+09    9    4      0        0  2.78e+06  5.83e+07  9.09e+05  8.44e+28  6.68e-13  3.40e+11  2.93e+04  4.72e+04  9.29e-08  2.11e-05  6.63e-04  8.05e-02  4.71e-19 -5.47e+20  5.59e+19 -3.22e+20  2.01e+02  2.57e+03  1.04e+06  0.00e+00  5.63e+05 
6.18e+09 2.12e+09 7.12e+09 2.44e+09    9    5      0        0  2.77e+06  5.22e+07  1.13e+06  1.10e+29  3.40e-13  1.72e+11  3.00e+04  5.03e+04  4.44e-08  7.82e-06  2.45e-04  3.04e-02  1.36e-18 -5.78e+20 -2.66e+19 -4.72e+20  4.54e+02  5.99e+03  1.31e+06  0.00e+00  7.87e+05 
6.18e+09 2.77e+09 7.12e+09 3.19e+09    9    6      1        0  2.44e+06  4.65e+07  1.25e+06  1.18e+29  0.00e+00  8.45e-18  3.11e+04  5.25e+04  0.00e+00  0.00e+00  0.00e+00  0.00e+00  0.00e+00 -2.00e+20 -6.38e+19 -1.26e+20       inf       inf  1.19e+06  0.00e+00  7.19e+05 
6.18e+09 3.62e+09 7.12e+09 4.17e+09    9    7      1        0  1.85e+06  4.49e+07  1.20e+06  1.76e+28  0.00e+00  8.45e-18  2.83e+04  5.30e+04  0.00e+00  0.00e+00  0.00e+00  0.00e+00  0.00e+00 -1.55e+19 -1.28e+19 -5.08e+18       inf       inf  4.23e+05  0.00e+00  2.53e+05 
6.18e+09 4.73e+09 7.12e+09 5.45e+09    9    8     -1        0  1.71e+06  4.49e+07  1.42e+06  0.00e+00  0.00e+00  0.00e+00  0.00e+00  0.00e+00  0.00e+00  0.00e+00  0.00e+00  0.00e+00  0.00e+00  0.00e+00  0.00e+00  0.00e+00  0.00e+00  0.00e+00  0.00e+00  0.00e+00  0.00e+00 
6.18e+09 6.18e+09 7.12e+09 7.12e+09    9    9     -1        0  1.53e+06  4.49e+07  1.63e+06  0.00e+00  0.00e+00  0.00e+00  0.00e+00  0.00e+00  0.00e+00  0.00e+00  0.00e+00  0.00e+00  0.00e+00  0.00e+00  0.00e+00  0.00e+00  0.00e+00  0.00e+00  0.00e+00  0.00e+00  0.00e+00 
6.18e+09 8.07e+09 7.12e+09 9.31e+09    9   10     -1        0  1.34e+06  4.49e+07  1.84e+06  0.00e+00  0.00e+00  0.00e+00  0.00e+00  0.00e+00  0.00e+00  0.00e+00  0.00e+00  0.00e+00  0.00e+00  0.00e+00  0.00e+00  0.00e+00  0.00e+00  0.00e+00  0.00e+00  0.00e+00  0.00e+00 
6.18e+09 1.05e+10 7.12e+09 1.22e+10    9   11     -1        0  1.16e+06  4.49e+07  2.06e+06  0.00e+00  0.00e+00  0.00e+00  0.00e+00  0.00e+00  0.00e+00  0.00e+00  0.00e+00  0.00e+00  0.00e+00  0.00e+00  0.00e+00  0.00e+00  0.00e+00  0.00e+00  0.00e+00  0.00e+00  0.00e+00 
6.18e+09 1.38e+10 7.12e+09 1.59e+10    9   12     -1        0  1.03e+06  4.49e+07  2.37e+06  0.00e+00  0.00e+00  0.00e+00  0.00e+00  0.00e+00  0.00e+00  0.00e+00  0.00e+00  0.00e+00  0.00e+00  0.00e+00  0.00e+00  0.00e+00  0.00e+00  0.00e+00  0.00e+00  0.00e+00  0.00e+00 
6.18e+09 1.80e+10 7.12e+09 2.08e+10    9   13     -1        0  9.88e+05  4.49e+07  2.95e+06  0.00e+00  0.00e+00  0.00e+00  0.00e+00  0.00e+00  0.00e+00  0.00e+00  0.00e+00  0.00e+00  0.00e+00  0.00e+00  0.00e+00  0.00e+00  0.00e+00  0.00e+00  0.00e+00  0.00e+00  0.00e+00 
6.18e+09 2.36e+10 7.12e+09 2.72e+10    9   14     -1        0  1.09e+06  4.49e+07  4.21e+06  0.00e+00  0.00e+00  0.00e+00  0.00e+00  0.00e+00  0.00e+00  0.00e+00  0.00e+00  0.00e+00  0.00e+00  0.00e+00  0.00e+00  0.00e+00  0.00e+00  0.00e+00  0.00e+00  0.00e+00  0.00e+00 
6.18e+09 3.08e+10 7.12e+09 3.55e+10    9   15     -1        0  1.39e+06  4.49e+07  7.00e+06  0.00e+00  0.00e+00  0.00e+00  0.00e+00  0.00e+00  0.00e+00  0.00e+00  0.00e+00  0.00e+00  0.00e+00  0.00e+00  0.00e+00  0.00e+00  0.00e+00  0.00e+00  0.00e+00  0.00e+00  0.00e+00 
6.18e+09 4.02e+10 7.12e+09 4.64e+10    9   16     -1        0  1.95e+06  4.49e+07  1.29e+07  0.00e+00  0.00e+00  0.00e+00  0.00e+00  0.00e+00  0.00e+00  0.00e+00  0.00e+00  0.00e+00  0.00e+00  0.00e+00  0.00e+00  0.00e+00  0.00e+00  0.00e+00  0.00e+00  0.00e+00  0.00e+00 
6.18e+09 5.26e+10 7.12e+09 6.07e+10    9   17     -1        0  2.83e+06  4.49e+07  2.43e+07  0.00e+00  0.00e+00  0.00e+00  0.00e+00  0.00e+00  0.00e+00  0.00e+00  0.00e+00  0.00e+00  0.00e+00  0.00e+00  0.00e+00  0.00e+00  0.00e+00  0.00e+00  0.00e+00  0.00e+00  0.00e+00 
6.18e+09 6.87e+10 7.12e+09 7.93e+10    9   18     -1        0  3.99e+06  4.49e+07  4.46e+07  0.00e+00  0.00e+00  0.00e+00  0.00e+00  0.00e+00  0.00e+00  0.00e+00  0.00e+00  0.00e+00  0.00e+00  0.00e+00  0.00e+00  0.00e+00  0.00e+00  0.00e+00  0.00e+00  0.00e+00  0.00e+00 
6.18e+09 8.98e+10 7.12e+09 1.04e+11    9   19     -1        0  5.32e+06  4.49e+07  7.77e+07  0.00e+00  0.00e+00  0.00e+00  0.00e+00  0.00e+00  0.00e+00  0.00e+00  0.00e+00  0.00e+00  0.00e+00  0.00e+00  0.00e+00  0.00e+00  0.00e+00  0.00e+00  0.00e+00  0.00e+00  0.00e+00 
6.18e+09 1.17e+11 7.12e+09 1.35e+11    9   20     -1        0  6.62e+06  4.49e+07  1.26e+08  0.00e+00  0.00e+00  0.00e+00  0.00e+00  0.00e+00  0.00e+00  0.00e+00  0.00e+00  0.00e+00  0.00e+00  0.00e+00  0.00e+00  0.00e+00  0.00e+00  0.00e+00  0.00e+00  0.00e+00  0.00e+00 
6.18e+09 1.53e+11 7.12e+09 1.77e+11    9   21     -1        0  7.69e+06  4.49e+07  1.92e+08  0.00e+00  0.00e+00  0.00e+00  0.00e+00  0.00e+00  0.00e+00  0.00e+00  0.00e+00  0.00e+00  0.00e+00  0.00e+00  0.00e+00  0.00e+00  0.00e+00  0.00e+00  0.00e+00  0.00e+00  0.00e+00 
6.18e+09 2.01e+11 7.12e+09 2.31e+11    9   22     -1        0  8.34e+06  4.49e+07  2.72e+08  0.00e+00  0.00e+00  0.00e+00  0.00e+00  0.00e+00  0.00e+00  0.00e+00  0.00e+00  0.00e+00  0.00e+00  0.00e+00  0.00e+00  0.00e+00  0.00e+00  0.00e+00  0.00e+00  0.00e+00  0.00e+00 
6.18e+09 2.62e+11 7.12e+09 3.02e+11    9   23     -1        0  8.51e+06  4.49e+07  3.62e+08  0.00e+00  0.00e+00  0.00e+00  0.00e+00  0.00e+00  0.00e+00  0.00e+00  0.00e+00  0.00e+00  0.00e+00  0.00e+00  0.00e+00  0.00e+00  0.00e+00  0.00e+00  0.00e+00  0.00e+00  0.00e+00 
6.18e+09 3.43e+11 7.12e+09 3.95e+11    9   24     -1        0  8.23e+06  4.49e+07  4.57e+08  0.00e+00  0.00e+00  0.00e+00  0.00e+00  0.00e+00  0.00e+00  0.00e+00  0.00e+00  0.00e+00  0.00e+00  0.00e+00  0.00e+00  0.00e+00  0.00e+00  0.00e+00  0.00e+00  0.00e+00  0.00e+00 
6.18e+09 4.48e+11 7.12e+09 5.17e+11    9   25     -1        0  7.60e+06  4.49e+07  5.52e+08  0.00e+00  0.00e+00  0.00e+00  0.00e+00  0.00e+00  0.00e+00  0.00e+00  0.00e+00  0.00e+00  0.00e+00  0.00e+00  0.00e+00  0.00e+00  0.00e+00  0.00e+00  0.00e+00  0.00e+00  0.00e+00 
6.18e+09 5.85e+11 7.12e+09 6.75e+11    9   26     -1        0  6.75e+06  4.49e+07  6.41e+08  0.00e+00  0.00e+00  0.00e+00  0.00e+00  0.00e+00  0.00e+00  0.00e+00  0.00e+00  0.00e+00  0.00e+00  0.00e+00  0.00e+00  0.00e+00  0.00e+00  0.00e+00  0.00e+00  0.00e+00  0.00e+00 
6.18e+09 7.65e+11 7.12e+09 8.83e+11    9   27     -1        0  5.81e+06  4.49e+07  7.21e+08  0.00e+00  0.00e+00  0.00e+00  0.00e+00  0.00e+00  0.00e+00  0.00e+00  0.00e+00  0.00e+00  0.00e+00  0.00e+00  0.00e+00  0.00e+00  0.00e+00  0.00e+00  0.00e+00  0.00e+00  0.00e+00 
6.18e+09 1.00e+12 7.12e+09 1.15e+12    9   28     -1        0  4.88e+06  4.49e+07  7.90e+08  0.00e+00  0.00e+00  0.00e+00  0.00e+00  0.00e+00  0.00e+00  0.00e+00  0.00e+00  0.00e+00  0.00e+00  0.00e+00  0.00e+00  0.00e+00  0.00e+00  0.00e+00  0.00e+00  0.00e+00  0.00e+00 
6.18e+09 1.31e+12 7.12e+09 1.51e+12    9   29     -1        0  4.01e+06  4.49e+07  8.49e+08  0.00e+00  0.00e+00  0.00e+00  0.00e+00  0.00e+00  0.00e+00  0.00e+00  0.00e+00  0.00e+00  0.00e+00  0.00e+00  0.00e+00  0.00e+00  0.00e+00  0.00e+00  0.00e+00  0.00e+00  0.00e+00 
8.07e+09 0.00e+00 9.31e+09 3.63e+08   10    0      0        0  1.65e+06  1.15e+08  8.17e+04  2.10e+29  3.27e-11  1.54e+13  2.16e+04  3.05e+04  7.81e-06  8.94e-01  6.71e-01  7.13e-04  1.00e-20 -5.97e+21 -5.40e+20 -8.42e+21  7.82e-01  8.95e+00  5.29e+05  0.00e+00  1.28e+05 
8.07e+09 7.25e+08 9.31e+09 8.37e+08   10    1      0        0  2.32e+06  6.83e+07  3.23e+05  6.46e+28  6.55e-12  3.32e+12  2.13e+04  3.34e+04  1.81e-06  3.46e-02  4.34e-01  2.24e-02  1.00e-20 -5.34e+20 -3.00e+19 -7.05e+20  4.79e+00  5.57e+01  4.73e+05  0.00e+00  1.16e+05 
8.07e+09 9.48e+08 9.31e+09 1.09e+09   10    2      0        0  2.44e+06  6.24e+07  4.07e+05  8.44e+28  3.52e-12  1.79e+12  2.26e+04  3.58e+04  8.73e-07  3.05e-03  7.47e-02  2.84e-01  1.00e-20 -7.08e+20  2.21e+20 -3.67e+20  1.05e+01  1.23e+02  5.20e+05  0.00e+00  1.48e+05 
8.07e+09 1.24e+09 9.31e+09 1.43e+09   10    3      0        0  2.57e+06  5.66e+07  5.21e+05  1.10e+29  1.81e-12  9.20e+11  2.37e+04  3.86e+04  4.08e-07  3.60e-04  1.17e-02  6.27e-01  1.00e-20 -5.85e+20  6.45e+19 -3.96e+20  2.42e+01  3.05e+02  5.97e+05  0.00e+00  2.04e+05 
8.07e+09 1.62e+09 9.31e+09 1.87e+09   10    4      0        0  2.69e+06  5.10e+07  6.73e+05  1.44e+29  9.04e-13  4.59e+11  2.57e+04  4.17e+04  1.74e-07  8.77e-05  2.75e-03  2.88e-01  1.00e-20 -3.74e+20  7.29e+19 -3.12e+20  5.86e+01  7.64e+02  7.24e+05  0.00e+00  2.98e+05 
8.07e+09 2.12e+09 9.31e+09 2.44e+09   10    5      0        0  2.78e+06  4.57e+07  8.67e+05  1.88e+29  4.43e-13  2.25e+11  2.77e+04  4.49e+04  7.27e-08  2.74e-05  8.46e-04  9.97e-02  3.55e-20 -3.06e+20 -6.65e+19 -2.25e+20  1.46e+02  1.92e+03  9.17e+05  0.00e+00  4.48e+05 
8.07e+09 2.77e+09 9.31e+09 3.19e+09   10    6      0        0  2.80e+06  4.07e+07  1.10e+06  2.46e+29  2.17e-13  1.10e+11  2.84e+04  4.82e+04  2.65e-08  9.68e-06  2.97e-04  3.63e-02  1.10e-19 -3.24e+20  5.40e+18 -2.06e+20  3.60e+02  4.73e+03  1.20e+06  0.00e+00  6.73e+05 
8.07e+09 3.62e+09 9.31e+09 4.17e+09   10    7      1        0  2.56e+06  3.61e+07  1.27e+06  2.81e+29  0.00e+00  8.45e-18  2.06e+04  5.08e+04  0.00e+00  0.00e+00  0.00e+00  0.00e+00  0.00e+00 -2.45e+20 -1.68e+18 -1.15e+20       inf       inf  1.16e+06  0.00e+00  6.72e+05 
8.07e+09 4.73e+09 9.31e+09 5.45e+09   10    8      1        0  1.89e+06  3.44e+07  1.20e+06  5.78e+28  0.00e+00  8.45e-18  1.90e+04  5.18e+04  0.00e+00  0.00e+00  0.00e+00  0.00e+00  0.00e+00 -8.47e+19  3.48e+19 -2.67e+19       inf       inf  4.88e+05  0.00e+00  2.80e+05 
8.07e+09 6.18e+09 9.31e+09 7.12e+09   10    9     -1        0  1.76e+06  3.44e+07  1.43e+06  0.00e+00  0.00e+00  0.00e+00  0.00e+00  0.00e+00  0.00e+00  0.00e+00  0.00e+00  0.00e+00  0.00e+00  0.00e+00  0.00e+00  0.00e+00  0.00e+00  0.00e+00  0.00e+00  0.00e+00  0.00e+00 
8.07e+09 8.07e+09 9.31e+09 9.31e+09   10   10     -1        0  1.60e+06  3.44e+07  1.68e+06  0.00e+00  0.00e+00  0.00e+00  0.00e+00  0.00e+00  0.00e+00  0.00e+00  0.00e+00  0.00e+00  0.00e+00  0.00e+00  0.00e+00  0.00e+00  0.00e+00  0.00e+00  0.00e+00  0.00e+00  0.00e+00 
8.07e+09 1.05e+10 9.31e+09 1.22e+10   10   11     -1        0  1.44e+06  3.44e+07  1.95e+06  0.00e+00  0.00e+00  0.00e+00  0.00e+00  0.00e+00  0.00e+00  0.00e+00  0.00e+00  0.00e+00  0.00e+00  0.00e+00  0.00e+00  0.00e+00  0.00e+00  0.00e+00  0.00e+00  0.00e+00  0.00e+00 
8.07e+09 1.38e+10 9.31e+09 1.59e+10   10   12     -1        0  1.32e+06  3.44e+07  2.32e+06  0.00e+00  0.00e+00  0.00e+00  0.00e+00  0.00e+00  0.00e+00  0.00e+00  0.00e+00  0.00e+00  0.00e+00  0.00e+00  0.00e+00  0.00e+00  0.00e+00  0.00e+00  0.00e+00  0.00e+00  0.00e+00 
8.07e+09 1.80e+10 9.31e+09 2.08e+10   10   13     -1        0  1.30e+06  3.44e+07  2.96e+06  0.00e+00  0.00e+00  0.00e+00  0.00e+00  0.00e+00  0.00e+00  0.00e+00  0.00e+00  0.00e+00  0.00e+00  0.00e+00  0.00e+00  0.00e+00  0.00e+00  0.00e+00  0.00e+00  0.00e+00  0.00e+00 
8.07e+09 2.36e+10 9.31e+09 2.72e+10   10   14     -1        0  1.44e+06  3.44e+07  4.27e+06  0.00e+00  0.00e+00  0.00e+00  0.00e+00  0.00e+00  0.00e+00  0.00e+00  0.00e+00  0.00e+00  0.00e+00  0.00e+00  0.00e+00  0.00e+00  0.00e+00  0.00e+00  0.00e+00  0.00e+00  0.00e+00 
8.07e+09 3.08e+10 9.31e+09 3.55e+10   10   15     -1        0  1.84e+06  3.44e+07  7.11e+06  0.00e+00  0.00e+00  0.00e+00  0.00e+00  0.00e+00  0.00e+00  0.00e+00  0.00e+00  0.00e+00  0.00e+00  0.00e+00  0.00e+00  0.00e+00  0.00e+00  0.00e+00  0.00e+00  0.00e+00  0.00e+00 
8.07e+09 4.02e+10 9.31e+09 4.64e+10   10   16     -1        0  2.58e+06  3.44e+07  1.30e+07  0.00e+00  0.00e+00  0.00e+00  0.00e+00  0.00e+00  0.00e+00  0.00e+00  0.00e+00  0.00e+00  0.00e+00  0.00e+00  0.00e+00  0.00e+00  0.00e+00  0.00e+00  0.00e+00  0.00e+00  0.00e+00 
8.07e+09 5.26e+10 9.31e+09 6.07e+10   10   17     -1        0  3.72e+06  3.44e+07  2.44e+07  0.00e+00  0.00e+00  0.00e+00  0.00e+00  0.00e+00  0.00e+00  0.00e+00  0.00e+00  0.00e+00  0.00e+00  0.00e+00  0.00e+00  0.00e+00  0.00e+00  0.00e+00  0.00e+00  0.00e+00  0.00e+00 
8.07e+09 6.87e+10 9.31e+09 7.93e+10   10   18     -1        0  5.23e+06  3.44e+07  4.48e+07  0.00e+00  0.00e+00  0.00e+00  0.00e+00  0.00e+00  0.00e+00  0.00e+00  0.00e+00  0.00e+00  0.00e+00  0.00e+00  0.00e+00  0.00e+00  0.00e+00  0.00e+00  0.00e+00  0.00e+00  0.00e+00 
8.07e+09 8.98e+10 9.31e+09 1.04e+11   10   19     -1        0  6.96e+06  3.44e+07  7.78e+07  0.00e+00  0.00e+00  0.00e+00  0.00e+00  0.00e+00  0.00e+00  0.00e+00  0.00e+00  0.00e+00  0.00e+00  0.00e+00  0.00e+00  0.00e+00  0.00e+00  0.00e+00  0.00e+00  0.00e+00  0.00e+00 
8.07e+09 1.17e+11 9.31e+09 1.35e+11   10   20     -1        0  8.66e+06  3.44e+07  1.26e+08  0.00e+00  0.00e+00  0.00e+00  0.00e+00  0.00e+00  0.00e+00  0.00e+00  0.00e+00  0.00e+00  0.00e+00  0.00e+00  0.00e+00  0.00e+00  0.00e+00  0.00e+00  0.00e+00  0.00e+00  0.00e+00 
8.07e+09 1.53e+11 9.31e+09 1.77e+11   10   21     -1        0  1.00e+07  3.44e+07  1.92e+08  0.00e+00  0.00e+00  0.00e+00  0.00e+00  0.00e+00  0.00e+00  0.00e+00  0.00e+00  0.00e+00  0.00e+00  0.00e+00  0.00e+00  0.00e+00  0.00e+00  0.00e+00  0.00e+00  0.00e+00  0.00e+00 
8.07e+09 2.01e+11 9.31e+09 2.31e+11   10   22     -1        0  1.09e+07  3.44e+07  2.72e+08  0.00e+00  0.00e+00  0.00e+00  0.00e+00  0.00e+00  0.00e+00  0.00e+00  0.00e+00  0.00e+00  0.00e+00  0.00e+00  0.00e+00  0.00e+00  0.00e+00  0.00e+00  0.00e+00  0.00e+00  0.00e+00 
8.07e+09 2.62e+11 9.31e+09 3.02e+11   10   23     -1        0  1.11e+07  3.44e+07  3.62e+08  0.00e+00  0.00e+00  0.00e+00  0.00e+00  0.00e+00  0.00e+00  0.00e+00  0.00e+00  0.00e+00  0.00e+00  0.00e+00  0.00e+00  0.00e+00  0.00e+00  0.00e+00  0.00e+00  0.00e+00  0.00e+00 
8.07e+09 3.43e+11 9.31e+09 3.95e+11   10   24     -1        0  1.08e+07  3.44e+07  4.57e+08  0.00e+00  0.00e+00  0.00e+00  0.00e+00  0.00e+00  0.00e+00  0.00e+00  0.00e+00  0.00e+00  0.00e+00  0.00e+00  0.00e+00  0.00e+00  0.00e+00  0.00e+00  0.00e+00  0.00e+00  0.00e+00 
8.07e+09 4.48e+11 9.31e+09 5.17e+11   10   25     -1        0  9.94e+06  3.44e+07  5.52e+08  0.00e+00  0.00e+00  0.00e+00  0.00e+00  0.00e+00  0.00e+00  0.00e+00  0.00e+00  0.00e+00  0.00e+00  0.00e+00  0.00e+00  0.00e+00  0.00e+00  0.00e+00  0.00e+00  0.00e+00  0.00e+00 
8.07e+09 5.85e+11 9.31e+09 6.75e+11   10   26     -1        0  8.83e+06  3.44e+07  6.41e+08  0.00e+00  0.00e+00  0.00e+00  0.00e+00  0.00e+00  0.00e+00  0.00e+00  0.00e+00  0.00e+00  0.00e+00  0.00e+00  0.00e+00  0.00e+00  0.00e+00  0.00e+00  0.00e+00  0.00e+00  0.00e+00 
8.07e+09 7.65e+11 9.31e+09 8.83e+11   10   27     -1        0  7.60e+06  3.44e+07  7.21e+08  0.00e+00  0.00e+00  0.00e+00  0.00e+00  0.00e+00  0.00e+00  0.00e+00  0.00e+00  0.00e+00  0.00e+00  0.00e+00  0.00e+00  0.00e+00  0.00e+00  0.00e+00  0.00e+00  0.00e+00  0.00e+00 
8.07e+09 1.00e+12 9.31e+09 1.15e+12   10   28     -1        0  6.38e+06  3.44e+07  7.90e+08  0.00e+00  0.00e+00  0.00e+00  0.00e+00  0.00e+00  0.00e+00  0.00e+00  0.00e+00  0.00e+00  0.00e+00  0.00e+00  0.00e+00  0.00e+00  0.00e+00  0.00e+00  0.00e+00  0.00e+00  0.00e+00 
8.07e+09 1.31e+12 9.31e+09 1.51e+12   10   29     -1        0  5.24e+06  3.44e+07  8.49e+08  0.00e+00  0.00e+00  0.00e+00  0.00e+00  0.00e+00  0.00e+00  0.00e+00  0.00e+00  0.00e+00  0.00e+00  0.00e+00  0.00e+00  0.00e+00  0.00e+00  0.00e+00  0.00e+00  0.00e+00  0.00e+00 
1.05e+10 0.00e+00 1.22e+10 3.63e+08   11    0      0        0  1.51e+06  1.00e+08  5.69e+04  3.59e+29  4.66e-11  2.17e+13  1.96e+04  2.44e+04  1.76e-05  9.98e-01  9.34e-02  5.90e-20  1.00e-20 -7.70e+21 -2.82e+20 -1.45e+22  1.50e-01  1.56e+00  3.83e+05  0.00e+00  5.41e+04 
1.05e+10 7.25e+08 1.22e+10 8.37e+08   11    1      0        0  2.14e+06  5.97e+07  2.28e+05  1.10e+29  9.26e-12  4.37e+12  1.89e+04  2.74e+04  4.21e-06  8.34e-01  7.39e-01  1.04e-04  1.00e-20 -5.22e+20  3.24e+19 -6.83e+20  9.22e-01  1.13e+01  3.50e+05  0.00e+00  4.44e+04 
1.05e+10 9.48e+08 1.22e+10 1.09e+09   11    2      0        0  2.27e+06  5.46e+07  2.90e+05  1.44e+29  4.94e-12  2.47e+12  1.92e+04  3.05e+04  2.25e-06  1.69e-01  6.06e-01  1.01e-02  1.00e-20 -5.69e+20  3.17e+19 -3.58e+20  2.41e+00  3.04e+01  3.78e+05  0.00e+00  6.15e+04 
1.05e+10 1.24e+09 1.22e+10 1.43e+09   11    3      0        0  2.41e+06  4.95e+07  3.74e+05  1.88e+29  2.52e-12  1.28e+12  2.03e+04  3.32e+04  1.02e-06  9.07e-03  1.50e-01  1.45e-01  1.00e-20 -5.16e+20 -6.99e+19 -2.98e+20  6.06e+00  7.40e+01  4.22e+05  0.00e+00  8.95e+04 
1.05e+10 1.62e+09 1.22e+10 1.87e+09   11    4      0        0  2.55e+06  4.46e+07  4.88e+05  2.46e+29  1.24e-12  6.30e+11  2.22e+04  3.65e+04  4.13e-07  5.69e-04  1.80e-02  6.37e-01  1.00e-20 -6.11e+20 -7.81e+19 -1.93e+20  1.57e+01  2.02e+02  4.98e+05  0.00e+00  1.41e+05 
1.05e+10 2.12e+09 1.22e+10 2.44e+09   11    5      0        0  2.69e+06  3.99e+07  6.42e+05  3.22e+29  5.95e-13  3.02e+11  2.43e+04  4.00e+04  1.60e-07  1.11e-04  3.53e-03  3.44e-01  1.00e-20 -4.59e+20  2.21e+19 -2.61e+20  4.19e+01  5.52e+02  6.23e+05  0.00e+00  2.29e+05 
1.05e+10 2.77e+09 1.22e+10 3.19e+09   11    6      0        0  2.81e+06  3.56e+07  8.42e+05  4.21e+29  2.81e-13  1.43e+11  2.64e+04  4.35e+04  4.13e-08  3.24e-05  1.00e-03  1.15e-01  1.00e-20 -3.09e+20  1.98e+19 -1.64e+20  1.14e+02  1.49e+03  8.18e+05  0.00e+00  3.74e+05 
1.05e+10 3.62e+09 1.22e+10 4.17e+09   11    7      0        0  2.85e+06  3.16e+07  1.08e+06  5.50e+29  1.33e-13  6.77e+10  2.76e+04  4.70e+04  2.62e-08  1.08e-05  3.32e-04  4.02e-02  2.83e-20 -2.09e+20  5.61e+18 -1.17e+20  3.04e+02  4.07e+03  1.11e+06  0.00e+00  5.96e+05 
1.05e+10 4.73e+09 1.22e+10 5.45e+09   11    8      1        0  2.67e+06  2.80e+07  1.30e+06  6.51e+29  0.00e+00  8.45e-18  1.25e+04  4.99e+04  0.00e+00  0.00e+00  0.00e+00  0.00e+00  0.00e+00 -1.35e+20 -1.53e+19 -5.52e+19       inf       inf  1.14e+06  0.00e+00  6.44e+05 
1.05e+10 6.18e+09 1.22e+10 7.12e+09   11    9      1        0  1.99e+06  2.63e+07  1.24e+06  1.65e+29  0.00e+00  8.45e-18  1.14e+04  5.12e+04  0.00e+00  0.00e+00  0.00e+00  0.00e+00  0.00e+00 -2.91e+19 -1.68e+19 -2.31e+19       inf       inf  5.26e+05  0.00e+00  2.95e+05 
1.05e+10 8.07e+09 1.22e+10 9.31e+09   11   10     -1        0  1.88e+06  2.63e+07  1.51e+06  0.00e+00  0.00e+00  0.00e+00  0.00e+00  0.00e+00  0.00e+00  0.00e+00  0.00e+00  0.00e+00  0.00e+00  0.00e+00  0.00e+00  0.00e+00  0.00e+00  0.00e+00  0.00e+00  0.00e+00  0.00e+00 
1.05e+10 1.05e+10 1.22e+10 1.22e+10   11   11     -1        0  1.77e+06  2.63e+07  1.83e+06  0.00e+00  0.00e+00  0.00e+00  0.00e+00  0.00e+00  0.00e+00  0.00e+00  0.00e+00  0.00e+00  0.00e+00  0.00e+00  0.00e+00  0.00e+00  0.00e+00  0.00e+00  0.00e+00  0.00e+00  0.00e+00 
1.05e+10 1.38e+10 1.22e+10 1.59e+10   11   12     -1        0  1.69e+06  2.63e+07  2.27e+06  0.00e+00  0.00e+00  0.00e+00  0.00e+00  0.00e+00  0.00e+00  0.00e+00  0.00e+00  0.00e+00  0.00e+00  0.00e+00  0.00e+00  0.00e+00  0.00e+00  0.00e+00  0.00e+00  0.00e+00  0.00e+00 
1.05e+10 1.80e+10 1.22e+10 2.08e+10   11   13     -1        0  1.71e+06  2.63e+07  2.99e+06  0.00e+00  0.00e+00  0.00e+00  0.00e+00  0.00e+00  0.00e+00  0.00e+00  0.00e+00  0.00e+00  0.00e+00  0.00e+00  0.00e+00  0.00e+00  0.00e+00  0.00e+00  0.00e+00  0.00e+00  0.00e+00 
1.05e+10 2.36e+10 1.22e+10 2.72e+10   11   14     -1        0  1.93e+06  2.63e+07  4.39e+06  0.00e+00  0.00e+00  0.00e+00  0.00e+00  0.00e+00  0.00e+00  0.00e+00  0.00e+00  0.00e+00  0.00e+00  0.00e+00  0.00e+00  0.00e+00  0.00e+00  0.00e+00  0.00e+00  0.00e+00  0.00e+00 
1.05e+10 3.08e+10 1.22e+10 3.55e+10   11   15     -1        0  2.47e+06  2.63e+07  7.30e+06  0.00e+00  0.00e+00  0.00e+00  0.00e+00  0.00e+00  0.00e+00  0.00e+00  0.00e+00  0.00e+00  0.00e+00  0.00e+00  0.00e+00  0.00e+00  0.00e+00  0.00e+00  0.00e+00  0.00e+00  0.00e+00 
1.05e+10 4.02e+10 1.22e+10 4.64e+10   11   16     -1        0  3.44e+06  2.63e+07  1.32e+07  0.00e+00  0.00e+00  0.00e+00  0.00e+00  0.00e+00  0.00e+00  0.00e+00  0.00e+00  0.00e+00  0.00e+00  0.00e+00  0.00e+00  0.00e+00  0.00e+00  0.00e+00  0.00e+00  0.00e+00  0.00e+00 
1.05e+10 5.26e+10 1.22e+10 6.07e+10   11   17     -1        0  4.92e+06  2.63e+07  2.47e+07  0.00e+00  0.00e+00  0.00e+00  0.00e+00  0.00e+00  0.00e+00  0.00e+00  0.00e+00  0.00e+00  0.00e+00  0.00e+00  0.00e+00  0.00e+00  0.00e+00  0.00e+00  0.00e+00  0.00e+00  0.00e+00 
1.05e+10 6.87e+10 1.22e+10 7.93e+10   11   18     -1        0  6.87e+06  2.63e+07  4.50e+07  0.00e+00  0.00e+00  0.00e+00  0.00e+00  0.00e+00  0.00e+00  0.00e+00  0.00e+00  0.00e+00  0.00e+00  0.00e+00  0.00e+00  0.00e+00  0.00e+00  0.00e+00  0.00e+00  0.00e+00  0.00e+00 
1.05e+10 8.98e+10 1.22e+10 1.04e+11   11   19     -1        0  9.12e+06  2.63e+07  7.80e+07  0.00e+00  0.00e+00  0.00e+00  0.00e+00  0.00e+00  0.00e+00  0.00e+00  0.00e+00  0.00e+00  0.00e+00  0.00e+00  0.00e+00  0.00e+00  0.00e+00  0.00e+00  0.00e+00  0.00e+00  0.00e+00 
1.05e+10 1.17e+11 1.22e+10 1.35e+11   11   20     -1        0  1.13e+07  2.63e+07  1.27e+08  0.00e+00  0.00e+00  0.00e+00  0.00e+00  0.00e+00  0.00e+00  0.00e+00  0.00e+00  0.00e+00  0.00e+00  0.00e+00  0.00e+00  0.00e+00  0.00e+00  0.00e+00  0.00e+00  0.00e+00  0.00e+00 
1.05e+10 1.53e+11 1.22e+10 1.77e+11   11   21     -1        0  1.31e+07  2.63e+07  1.92e+08  0.00e+00  0.00e+00  0.00e+00  0.00e+00  0.00e+00  0.00e+00  0.00e+00  0.00e+00  0.00e+00  0.00e+00  0.00e+00  0.00e+00  0.00e+00  0.00e+00  0.00e+00  0.00e+00  0.00e+00  0.00e+00 
1.05e+10 2.01e+11 1.22e+10 2.31e+11   11   22     -1        0  1.43e+07  2.63e+07  2.72e+08  0.00e+00  0.00e+00  0.00e+00  0.00e+00  0.00e+00  0.00e+00  0.00e+00  0.00e+00  0.00e+00  0.00e+00  0.00e+00  0.00e+00  0.00e+00  0.00e+00  0.00e+00  0.00e+00  0.00e+00  0.00e+00 
1.05e+10 2.62e+11 1.22e+10 3.02e+11   11   23     -1        0  1.45e+07  2.63e+07  3.62e+08  0.00e+00  0.00e+00  0.00e+00  0.00e+00  0.00e+00  0.00e+00  0.00e+00  0.00e+00  0.00e+00  0.00e+00  0.00e+00  0.00e+00  0.00e+00  0.00e+00  0.00e+00  0.00e+00  0.00e+00  0.00e+00 
1.05e+10 3.43e+11 1.22e+10 3.95e+11   11   24     -1        0  1.41e+07  2.63e+07  4.57e+08  0.00e+00  0.00e+00  0.00e+00  0.00e+00  0.00e+00  0.00e+00  0.00e+00  0.00e+00  0.00e+00  0.00e+00  0.00e+00  0.00e+00  0.00e+00  0.00e+00  0.00e+00  0.00e+00  0.00e+00  0.00e+00 
1.05e+10 4.48e+11 1.22e+10 5.17e+11   11   25     -1        0  1.30e+07  2.63e+07  5.52e+08  0.00e+00  0.00e+00  0.00e+00  0.00e+00  0.00e+00  0.00e+00  0.00e+00  0.00e+00  0.00e+00  0.00e+00  0.00e+00  0.00e+00  0.00e+00  0.00e+00  0.00e+00  0.00e+00  0.00e+00  0.00e+00 
1.05e+10 5.85e+11 1.22e+10 6.75e+11   11   26     -1        0  1.15e+07  2.63e+07  6.41e+08  0.00e+00  0.00e+00  0.00e+00  0.00e+00  0.00e+00  0.00e+00  0.00e+00  0.00e+00  0.00e+00  0.00e+00  0.00e+00  0.00e+00  0.00e+00  0.00e+00  0.00e+00  0.00e+00  0.00e+00  0.00e+00 
1.05e+10 7.65e+11 1.22e+10 8.83e+11   11   27     -1        0  9.93e+06  2.63e+07  7.21e+08  0.00e+00  0.00e+00  0.00e+00  0.00e+00  0.00e+00  0.00e+00  0.00e+00  0.00e+00  0.00e+00  0.00e+00  0.00e+00  0.00e+00  0.00e+00  0.00e+00  0.00e+00  0.00e+00  0.00e+00  0.00e+00 
1.05e+10 1.00e+12 1.22e+10 1.15e+12   11   28     -1        0  8.33e+06  2.63e+07  7.90e+08  0.00e+00  0.00e+00  0.00e+00  0.00e+00  0.00e+00  0.00e+00  0.00e+00  0.00e+00  0.00e+00  0.00e+00  0.00e+00  0.00e+00  0.00e+00  0.00e+00  0.00e+00  0.00e+00  0.00e+00  0.00e+00 
1.05e+10 1.31e+12 1.22e+10 1.51e+12   11   29     -1        0  6.85e+06  2.63e+07  8.49e+08  0.00e+00  0.00e+00  0.00e+00  0.00e+00  0.00e+00  0.00e+00  0.00e+00  0.00e+00  0.00e+00  0.00e+00  0.00e+00  0.00e+00  0.00e+00  0.00e+00  0.00e+00  0.00e+00  0.00e+00  0.00e+00 
1.38e+10 0.00e+00 1.59e+10 3.63e+08   12    0      0        0  1.37e+06  8.77e+07  3.96e+04  6.14e+29  6.66e-11  2.97e+13  1.61e+04  1.75e+04  2.79e-03  5.77e-01  7.28e-10  1.00e-20  1.00e-20 -3.11e+21 -3.85e+19 -1.70e+22  2.94e-04  2.57e-03  2.74e+05  0.00e+00  2.86e+04 
1.38e+10 7.25e+08 1.59e+10 8.37e+08   12    1      0        0  1.98e+06  5.23e+07  1.61e+05  1.88e+29  1.30e-11  6.06e+12  1.66e+04  1.95e+04  3.20e-05  9.98e-01  1.94e-01  1.00e-20  1.00e-20 -7.10e+20  6.35e+18 -1.60e+20  5.42e-02  7.13e-01  2.50e+05  0.00e+00  6.23e+03 
1.38e+10 9.48e+08 1.59e+10 1.09e+09   12    2      0        0  2.11e+06  4.77e+07  2.06e+05  2.46e+29  6.89e-12  3.21e+12  1.75e+04  2.40e+04  8.28e-06  9.83e-01  6.87e-01  1.00e-20  1.00e-20 -5.81e+20  1.93e+19 -2.23e+20  3.46e-01  3.81e+00  2.64e+05  0.00e+00  1.45e+04 
1.38e+10 1.24e+09 1.59e+10 1.43e+09   12    3      0        0  2.25e+06  4.33e+07  2.68e+05  3.22e+29  3.48e-12  1.66e+12  1.79e+04  2.83e+04  3.27e-06  7.42e-01  7.08e-01  5.19e-03  1.00e-20 -3.72e+20 -4.12e+19 -2.64e+20  1.30e+00  1.68e+01  2.92e+05  0.00e+00  3.04e+04 
1.38e+10 1.62e+09 1.59e+10 1.87e+09   12    4      0        0  2.41e+06  3.90e+07  3.53e+05  4.21e+29  1.69e-12  8.56e+11  1.88e+04  3.18e+04  1.35e-06  3.43e-02  2.39e-01  8.08e-02  1.00e-20 -4.45e+20 -1.04e+20 -1.90e+20  3.92e+00  5.15e+01  3.34e+05  0.00e+00  5.64e+04 
1.38e+10 2.12e+09 1.59e+10 2.44e+09   12    5      0        0  2.58e+06  3.49e+07  4.71e+05  5.50e+29  7.98e-13  4.05e+11  2.17e+04  3.55e+04  4.30e-07  8.18e-04  2.48e-02  6.01e-01  1.00e-20 -4.14e+20  1.04e+20 -6.06e+19  1.15e+01  1.52e+02  4.08e+05  0.00e+00  1.04e+05 
1.38e+10 2.77e+09 1.59e+10 3.19e+09   12    6      0        0  2.75e+06  3.11e+07  6.31e+05  7.19e+29  3.68e-13  1.87e+11  2.38e+04  3.95e+04  1.53e-07  1.29e-04  4.07e-03  3.81e-01  1.00e-20 -2.07e+20 -2.72e+19 -6.23e+19  3.37e+01  4.50e+02  5.31e+05  0.00e+00  1.89e+05 
1.38e+10 3.62e+09 1.59e+10 4.17e+09   12    7      0        0  2.90e+06  2.77e+07  8.44e+05  9.39e+29  1.68e-13  8.53e+10  2.62e+04  4.33e+04  5.26e-08  3.48e-05  1.06e-03  1.21e-01  1.00e-20 -1.92e+20 -2.54e+19 -7.64e+19  9.92e+01  1.33e+03  7.28e+05  0.00e+00  3.29e+05 
1.38e+10 4.73e+09 1.59e+10 5.45e+09   12    8      0        0  2.99e+06  2.45e+07  1.11e+06  1.23e+30  7.68e-14  3.90e+10  2.72e+04  4.69e+04  1.93e-08  1.12e-05  3.39e-04  4.09e-02  1.52e-20 -1.35e+20  3.95e+19 -3.96e+19  2.84e+02  3.85e+03  1.02e+06  0.00e+00  5.49e+05 
1.38e+10 6.18e+09 1.59e+10 7.12e+09   12    9      1        0  2.89e+06  2.16e+07  1.38e+06  1.49e+30  0.00e+00  8.45e-18  6.86e+03  4.98e+04  0.00e+00  0.00e+00  0.00e+00  0.00e+00  0.00e+00 -1.01e+20  6.51e+18 -3.63e+19       inf       inf  1.11e+06  0.00e+00  6.31e+05 
1.38e+10 8.07e+09 1.59e+10 9.31e+09   12   10      1        0  2.23e+06  2.01e+07  1.37e+06  4.37e+29  0.00e+00  8.45e-18  6.19e+03  5.13e+04  0.00e+00  0.00e+00  0.00e+00  0.00e+00  0.00e+00 -1.34e+19  1.77e+19 -4.98e+18       inf       inf  5.38e+05  0.00e+00  3.05e+05 
1.38e+10 1.05e+10 1.59e+10 1.22e+10   12   11     -1        0  2.19e+06  2.01e+07  1.74e+06  0.00e+00  0.00e+00  0.00e+00  0.00e+00  0.00e+00  0.00e+00  0.00e+00  0.00e+00  0.00e+00  0.00e+00  0.00e+00  0.00e+00  0.00e+00  0.00e+00  0.00e+00  0.00e+00  0.00e+00  0.00e+00 
1.38e+10 1.38e+10 1.59e+10 1.59e+10   12   12     -1        0  2.19e+06  2.01e+07  2.26e+06  0.00e+00  0.00e+00  0.00e+00  0.00e+00  0.00e+00  0.00e+00  0.00e+00  0.00e+00  0.00e+00  0.00e+00  0.00e+00  0.00e+00  0.00e+00  0.00e+00  0.00e+00  0.00e+00  0.00e+00  0.00e+00 
1.38e+10 1.80e+10 1.59e+10 2.08e+10   12   13     -1        0  2.31e+06  2.01e+07  3.08e+06  0.00e+00  0.00e+00  0.00e+00  0.00e+00  0.00e+00  0.00e+00  0.00e+00  0.00e+00  0.00e+00  0.00e+00  0.00e+00  0.00e+00  0.00e+00  0.00e+00  0.00e+00  0.00e+00  0.00e+00  0.00e+00 
1.38e+10 2.36e+10 1.59e+10 2.72e+10   12   14     -1        0  2.65e+06  2.01e+07  4.60e+06  0.00e+00  0.00e+00  0.00e+00  0.00e+00  0.00e+00  0.00e+00  0.00e+00  0.00e+00  0.00e+00  0.00e+00  0.00e+00  0.00e+00  0.00e+00  0.00e+00  0.00e+00  0.00e+00  0.00e+00  0.00e+00 
1.38e+10 3.08e+10 1.59e+10 3.55e+10   12   15     -1        0  3.37e+06  2.01e+07  7.62e+06  0.00e+00  0.00e+00  0.00e+00  0.00e+00  0.00e+00  0.00e+00  0.00e+00  0.00e+00  0.00e+00  0.00e+00  0.00e+00  0.00e+00  0.00e+00  0.00e+00  0.00e+00  0.00e+00  0.00e+00  0.00e+00 
1.38e+10 4.02e+10 1.59e+10 4.64e+10   12   16     -1        0  4.63e+06  2.01e+07  1.37e+07  0.00e+00  0.00e+00  0.00e+00  0.00e+00  0.00e+00  0.00e+00  0.00e+00  0.00e+00  0.00e+00  0.00e+00  0.00e+00  0.00e+00  0.00e+00  0.00e+00  0.00e+00  0.00e+00  0.00e+00  0.00e+00 
1.38e+10 5.26e+10 1.59e+10 6.07e+10   12   17     -1        0  6.55e+06  2.01e+07  2.52e+07  0.00e+00  0.00e+00  0.00e+00  0.00e+00  0.00e+00  0.00e+00  0.00e+00  0.00e+00  0.00e+00  0.00e+00  0.00e+00  0.00e+00  0.00e+00  0.00e+00  0.00e+00  0.00e+00  0.00e+00  0.00e+00 
1.38e+10 6.87e+10 1.59e+10 7.93e+10   12   18     -1        0  9.07e+06  2.01e+07  4.55e+07  0.00e+00  0.00e+00  0.00e+00  0.00e+00  0.00e+00  0.00e+00  0.00e+00  0.00e+00  0.00e+00  0.00e+00  0.00e+00  0.00e+00  0.00e+00  0.00e+00  0.00e+00  0.00e+00  0.00e+00  0.00e+00 
1.38e+10 8.98e+10 1.59e+10 1.04e+11   12   19     -1        0  1.20e+07  2.01e+07  7.84e+07  0.00e+00  0.00e+00  0.00e+00  0.00e+00  0.00e+00  0.00e+00  0.00e+00  0.00e+00  0.00e+00  0.00e+00  0.00e+00  0.00e+00  0.00e+00  0.00e+00  0.00e+00  0.00e+00  0.00e+00  0.00e+00 
1.38e+10 1.17e+11 1.59e+10 1.35e+11   12   20     -1        0  1.48e+07  2.01e+07  1.27e+08  0.00e+00  0.00e+00  0.00e+00  0.00e+00  0.00e+00  0.00e+00  0.00e+00  0.00e+00  0.00e+00  0.00e+00  0.00e+00  0.00e+00  0.00e+00  0.00e+00  0.00e+00  0.00e+00  0.00e+00  0.00e+00 
1.38e+10 1.53e+11 1.59e+10 1.77e+11   12   21     -1        0  1.72e+07  2.01e+07  1.92e+08  0.00e+00  0.00e+00  0.00e+00  0.00e+00  0.00e+00  0.00e+00  0.00e+00  0.00e+00  0.00e+00  0.00e+00  0.00e+00  0.00e+00  0.00e+00  0.00e+00  0.00e+00  0.00e+00  0.00e+00  0.00e+00 
1.38e+10 2.01e+11 1.59e+10 2.31e+11   12   22     -1        0  1.86e+07  2.01e+07  2.72e+08  0.00e+00  0.00e+00  0.00e+00  0.00e+00  0.00e+00  0.00e+00  0.00e+00  0.00e+00  0.00e+00  0.00e+00  0.00e+00  0.00e+00  0.00e+00  0.00e+00  0.00e+00  0.00e+00  0.00e+00  0.00e+00 
1.38e+10 2.62e+11 1.59e+10 3.02e+11   12   23     -1        0  1.90e+07  2.01e+07  3.62e+08  0.00e+00  0.00e+00  0.00e+00  0.00e+00  0.00e+00  0.00e+00  0.00e+00  0.00e+00  0.00e+00  0.00e+00  0.00e+00  0.00e+00  0.00e+00  0.00e+00  0.00e+00  0.00e+00  0.00e+00  0.00e+00 
1.38e+10 3.43e+11 1.59e+10 3.95e+11   12   24     -1        0  1.84e+07  2.01e+07  4.57e+08  0.00e+00  0.00e+00  0.00e+00  0.00e+00  0.00e+00  0.00e+00  0.00e+00  0.00e+00  0.00e+00  0.00e+00  0.00e+00  0.00e+00  0.00e+00  0.00e+00  0.00e+00  0.00e+00  0.00e+00  0.00e+00 
1.38e+10 4.48e+11 1.59e+10 5.17e+11   12   25     -1        0  1.70e+07  2.01e+07  5.52e+08  0.00e+00  0.00e+00  0.00e+00  0.00e+00  0.00e+00  0.00e+00  0.00e+00  0.00e+00  0.00e+00  0.00e+00  0.00e+00  0.00e+00  0.00e+00  0.00e+00  0.00e+00  0.00e+00  0.00e+00  0.00e+00 
1.38e+10 5.85e+11 1.59e+10 6.75e+11   12   26     -1        0  1.51e+07  2.01e+07  6.41e+08  0.00e+00  0.00e+00  0.00e+00  0.00e+00  0.00e+00  0.00e+00  0.00e+00  0.00e+00  0.00e+00  0.00e+00  0.00e+00  0.00e+00  0.00e+00  0.00e+00  0.00e+00  0.00e+00  0.00e+00  0.00e+00 
1.38e+10 7.65e+11 1.59e+10 8.83e+11   12   27     -1        0  1.30e+07  2.01e+07  7.21e+08  0.00e+00  0.00e+00  0.00e+00  0.00e+00  0.00e+00  0.00e+00  0.00e+00  0.00e+00  0.00e+00  0.00e+00  0.00e+00  0.00e+00  0.00e+00  0.00e+00  0.00e+00  0.00e+00  0.00e+00  0.00e+00 
1.38e+10 1.00e+12 1.59e+10 1.15e+12   12   28     -1        0  1.09e+07  2.01e+07  7.90e+08  0.00e+00  0.00e+00  0.00e+00  0.00e+00  0.00e+00  0.00e+00  0.00e+00  0.00e+00  0.00e+00  0.00e+00  0.00e+00  0.00e+00  0.00e+00  0.00e+00  0.00e+00  0.00e+00  0.00e+00  0.00e+00 
1.38e+10 1.31e+12 1.59e+10 1.51e+12   12   29     -1        0  8.95e+06  2.01e+07  8.49e+08  0.00e+00  0.00e+00  0.00e+00  0.00e+00  0.00e+00  0.00e+00  0.00e+00  0.00e+00  0.00e+00  0.00e+00  0.00e+00  0.00e+00  0.00e+00  0.00e+00  0.00e+00  0.00e+00  0.00e+00  0.00e+00 
1.80e+10 0.00e+00 2.08e+10 3.63e+08   13    0      1        2  1.24e+06  7.67e+07  2.75e+04  1.04e+30  0.00e+00  1.06e-17  5.06e+05  1.64e+04  0.00e+00  0.00e+00  0.00e+00  0.00e+00  0.00e+00 -3.08e+20 -2.21e+20 -1.14e+21       inf       inf  1.49e+05  0.00e+00  2.82e+03 
1.80e+10 7.25e+08 2.08e+10 8.37e+08   13    1      0        0  1.84e+06  4.57e+07  1.15e+05  3.22e+29  1.80e-11  8.37e+12  1.31e+04  1.68e+04  1.34e-04  9.99e-01  1.34e-03  1.00e-20  1.00e-20 -5.35e+20 -2.57e+20 -7.18e+20  9.08e-03  8.97e-02  1.44e+05  0.00e+00  4.74e+03 
1.80e+10 9.48e+08 2.08e+10 1.09e+09   13    2      0        0  1.98e+06  4.18e+07  1.48e+05  4.21e+29  9.39e-12  4.37e+12  1.42e+04  1.80e+04  6.08e-05  1.00e+00  1.06e-01  1.00e-20  1.00e-20 -6.55e+20 -1.06e+20 -2.64e+20  2.64e-02  3.23e-01  1.47e+05  0.00e+00  4.81e+03 
1.80e+10 1.24e+09 2.08e+10 1.43e+09   13    3      0        0  2.14e+06  3.79e+07  1.94e+05  5.50e+29  4.67e-12  2.17e+12  1.64e+04  2.37e+04  1.26e-05  9.99e-01  6.14e-01  1.00e-20  1.00e-20 -5.36e+20  6.68e+19 -1.76e+20  2.13e-01  2.74e+00  1.60e+05  0.00e+00  1.10e+04 
1.80e+10 1.62e+09 2.08e+10 1.87e+09   13    4      0        0  2.32e+06  3.41e+07  2.60e+05  7.19e+29  2.23e-12  1.05e+12  1.68e+04  3.01e+04  3.99e-06  9.26e-01  7.50e-01  1.23e-04  1.00e-20 -5.12e+20  1.52e+17 -9.43e+19  1.01e+00  1.29e+01  1.86e+05  0.00e+00  2.52e+04 
1.80e+10 2.12e+09 2.08e+10 2.44e+09   13    5      0        0  2.52e+06  3.06e+07  3.52e+05  9.39e+29  1.03e-12  5.17e+11  1.80e+04  3.43e+04  1.48e-06  1.41e-01  2.92e-01  5.92e-02  1.00e-20 -2.63e+20  1.47e+19 -9.53e+19  3.39e+00  4.69e+01  2.27e+05  0.00e+00  4.92e+04 
1.80e+10 2.77e+09 2.08e+10 3.19e+09   13    6      0        0  2.74e+06  2.72e+07  4.82e+05  1.23e+30  4.64e-13  2.36e+11  2.16e+04  3.82e+04  4.25e-07  9.81e-04  2.92e-02  5.65e-01  1.00e-20 -1.10e+20  3.37e+19 -2.55e+19  1.06e+01  1.44e+02  2.99e+05  0.00e+00  9.31e+04 
1.80e+10 3.62e+09 2.08e+10 4.17e+09   13    7      0        0  2.97e+06  2.42e+07  6.61e+05  1.60e+30  2.06e-13  1.04e+11  2.36e+04  4.21e+04  1.31e-07  1.31e-04  4.12e-03  3.91e-01  1.00e-20 -1.05e+20  7.32e+19 -2.20e+19  3.27e+01  4.42e+02  4.22e+05  0.00e+00  1.73e+05 
1.80e+10 4.73e+09 2.08e+10 5.45e+09   13    8      0        0  3.19e+06  2.14e+07  9.06e+05  2.10e+30  9.01e-14  4.58e+10  2.62e+04  4.55e+04  3.97e-08  3.28e-05  9.99e-04  1.15e-01  1.00e-20 -5.92e+19 -9.51e+18 -4.08e+19  1.02e+02  1.39e+03  6.21e+05  0.00e+00  3.09e+05 
1.80e+10 6.18e+09 2.08e+10 7.12e+09   13    9      0        0  3.36e+06  1.89e+07  1.23e+06  2.74e+30  3.94e-14  2.00e+10  2.69e+04  4.85e+04  1.41e-08  1.01e-05  3.05e-04  3.70e-02  1.00e-20 -1.21e+20  5.89e+18 -4.29e+19  3.09e+02  4.25e+03  9.26e+05  0.00e+00  5.24e+05 
1.80e+10 8.07e+09 2.08e+10 9.31e+09   13   10      1        0  3.40e+06  1.67e+07  1.60e+06  3.38e+30  0.00e+00  8.45e-18  3.37e+03  5.10e+04  0.00e+00  0.00e+00  0.00e+00  0.00e+00  0.00e+00 -4.25e+19  6.85e+18 -2.38e+19       inf       inf  1.06e+06  0.00e+00  6.29e+05 
1.80e+10 1.05e+10 2.08e+10 1.22e+10   13   11      1        0  2.86e+06  1.54e+07  1.74e+06  1.10e+30  0.00e+00  8.45e-18  2.80e+03  5.24e+04  0.00e+00  0.00e+00  0.00e+00  0.00e+00  0.00e+00 -6.66e+19  8.59e+18 -1.50e+19       inf       inf  5.30e+05  0.00e+00  3.15e+05 
1.80e+10 1.38e+10 2.08e+10 1.59e+10   13   12     -1        0  2.98e+06  1.54e+07  2.35e+06  0.00e+00  0.00e+00  0.00e+00  0.00e+00  0.00e+00  0.00e+00  0.00e+00  0.00e+00  0.00e+00  0.00e+00  0.00e+00  0.00e+00  0.00e+00  0.00e+00  0.00e+00  0.00e+00  0.00e+00  0.00e+00 
1.80e+10 1.80e+10 2.08e+10 2.08e+10   13   13     -1        0  3.23e+06  1.54e+07  3.30e+06  0.00e+00  0.00e+00  0.00e+00  0.00e+00  0.00e+00  0.00e+00  0.00e+00  0.00e+00  0.00e+00  0.00e+00  0.00e+00  0.00e+00  0.00e+00  0.00e+00  0.00e+00  0.00e+00  0.00e+00  0.00e+00 
1.80e+10 2.36e+10 2.08e+10 2.72e+10   13   14     -1        0  3.75e+06  1.54e+07  4.99e+06  0.00e+00  0.00e+00  0.00e+00  0.00e+00  0.00e+00  0.00e+00  0.00e+00  0.00e+00  0.00e+00  0.00e+00  0.00e+00  0.00e+00  0.00e+00  0.00e+00  0.00e+00  0.00e+00  0.00e+00  0.00e+00 
1.80e+10 3.08e+10 2.08e+10 3.55e+10   13   15     -1        0  4.73e+06  1.54e+07  8.18e+06  0.00e+00  0.00e+00  0.00e+00  0.00e+00  0.00e+00  0.00e+00  0.00e+00  0.00e+00  0.00e+00  0.00e+00  0.00e+00  0.00e+00  0.00e+00  0.00e+00  0.00e+00  0.00e+00  0.00e+00  0.00e+00 
1.80e+10 4.02e+10 2.08e+10 4.64e+10   13   16     -1        0  6.37e+06  1.54e+07  1.44e+07  0.00e+00  0.00e+00  0.00e+00  0.00e+00  0.00e+00  0.00e+00  0.00e+00  0.00e+00  0.00e+00  0.00e+00  0.00e+00  0.00e+00  0.00e+00  0.00e+00  0.00e+00  0.00e+00  0.00e+00  0.00e+00 
1.80e+10 5.26e+10 2.08e+10 6.07e+10   13   17     -1        0  8.81e+06  1.54e+07  2.59e+07  0.00e+00  0.00e+00  0.00e+00  0.00e+00  0.00e+00  0.00e+00  0.00e+00  0.00e+00  0.00e+00  0.00e+00  0.00e+00  0.00e+00  0.00e+00  0.00e+00  0.00e+00  0.00e+00  0.00e+00  0.00e+00 
1.80e+10 6.87e+10 2.08e+10 7.93e+10   13   18     -1        0  1.20e+07  1.54e+07  4.62e+07  0.00e+00  0.00e+00  0.00e+00  0.00e+00  0.00e+00  0.00e+00  0.00e+00  0.00e+00  0.00e+00  0.00e+00  0.00e+00  0.00e+00  0.00e+00  0.00e+00  0.00e+00  0.00e+00  0.00e+00  0.00e+00 
1.80e+10 8.98e+10 2.08e+10 1.04e+11   13   19     -1        0  1.58e+07  1.54e+07  7.89e+07  0.00e+00  0.00e+00  0.00e+00  0.00e+00  0.00e+00  0.00e+00  0.00e+00  0.00e+00  0.00e+00  0.00e+00  0.00e+00  0.00e+00  0.00e+00  0.00e+00  0.00e+00  0.00e+00  0.00e+00  0.00e+00 
1.80e+10 1.17e+11 2.08e+10 1.35e+11   13   20     -1        0  1.95e+07  1.54e+07  1.27e+08  0.00e+00  0.00e+00  0.00e+00  0.00e+00  0.00e+00  0.00e+00  0.00e+00  0.00e+00  0.00e+00  0.00e+00  0.00e+00  0.00e+00  0.00e+00  0.00e+00  0.00e+00  0.00e+00  0.00e+00  0.00e+00 
1.80e+10 1.53e+11 2.08e+10 1.77e+11   13   21     -1        0  2.25e+07  1.54e+07  1.92e+08  0.00e+00  0.00e+00  0.00e+00  0.00e+00  0.00e+00  0.00e+00  0.00e+00  0.00e+00  0.00e+00  0.00e+00  0.00e+00  0.00e+00  0.00e+00  0.00e+00  0.00e+00  0.00e+00  0.00e+00  0.00e+00 
1.80e+10 2.01e+11 2.08e+10 2.31e+11   13   22     -1        0  2.44e+07  1.54e+07  2.72e+08  0.00e+00  0.00e+00  0.00e+00  0.00e+00  0.00e+00  0.00e+00  0.00e+00  0.00e+00  0.00e+00  0.00e+00  0.00e+00  0.00e+00  0.00e+00  0.00e+00  0.00e+00  0.00e+00  0.00e+00  0.00e+00 
1.80e+10 2.62e+11 2.08e+10 3.02e+11   13   23     -1        0  2.48e+07  1.54e+07  3.62e+08  0.00e+00  0.00e+00  0.00e+00  0.00e+00  0.00e+00  0.00e+00  0.00e+00  0.00e+00  0.00e+00  0.00e+00  0.00e+00  0.00e+00  0.00e+00  0.00e+00  0.00e+00  0.00e+00  0.00e+00  0.00e+00 
1.80e+10 3.43e+11 2.08e+10 3.95e+11   13   24     -1        0  2.40e+07  1.54e+07  4.57e+08  0.00e+00  0.00e+00  0.00e+00  0.00e+00  0.00e+00  0.00e+00  0.00e+00  0.00e+00  0.00e+00  0.00e+00  0.00e+00  0.00e+00  0.00e+00  0.00e+00  0.00e+00  0.00e+00  0.00e+00  0.00e+00 
1.80e+10 4.48e+11 2.08e+10 5.17e+11   13   25     -1        0  2.22e+07  1.54e+07  5.52e+08  0.00e+00  0.00e+00  0.00e+00  0.00e+00  0.00e+00  0.00e+00  0.00e+00  0.00e+00  0.00e+00  0.00e+00  0.00e+00  0.00e+00  0.00e+00  0.00e+00  0.00e+00  0.00e+00  0.00e+00  0.00e+00 
1.80e+10 5.85e+11 2.08e+10 6.75e+11   13   26     -1        0  1.97e+07  1.54e+07  6.40e+08  0.00e+00  0.00e+00  0.00e+00  0.00e+00  0.00e+00  0.00e+00  0.00e+00  0.00e+00  0.00e+00  0.00e+00  0.00e+00  0.00e+00  0.00e+00  0.00e+00  0.00e+00  0.00e+00  0.00e+00  0.00e+00 
1.80e+10 7.65e+11 2.08e+10 8.83e+11   13   27     -1        0  1.70e+07  1.54e+07  7.21e+08  0.00e+00  0.00e+00  0.00e+00  0.00e+00  0.00e+00  0.00e+00  0.00e+00  0.00e+00  0.00e+00  0.00e+00  0.00e+00  0.00e+00  0.00e+00  0.00e+00  0.00e+00  0.00e+00  0.00e+00  0.00e+00 
1.80e+10 1.00e+12 2.08e+10 1.15e+12   13   28     -1        0  1.42e+07  1.54e+07  7.90e+08  0.00e+00  0.00e+00  0.00e+00  0.00e+00  0.00e+00  0.00e+00  0.00e+00  0.00e+00  0.00e+00  0.00e+00  0.00e+00  0.00e+00  0.00e+00  0.00e+00  0.00e+00  0.00e+00  0.00e+00  0.00e+00 
1.80e+10 1.31e+12 2.08e+10 1.51e+12   13   29     -1        0  1.17e+07  1.54e+07  8.49e+08  0.00e+00  0.00e+00  0.00e+00  0.00e+00  0.00e+00  0.00e+00  0.00e+00  0.00e+00  0.00e+00  0.00e+00  0.00e+00  0.00e+00  0.00e+00  0.00e+00  0.00e+00  0.00e+00  0.00e+00  0.00e+00 
2.36e+10 0.00e+00 2.72e+10 3.63e+08   14    0      1        2  1.13e+06  6.71e+07  1.91e+04  1.53e+30  0.00e+00  5.10e-18  3.52e+04  2.10e+04  0.00e+00  0.00e+00  0.00e+00  0.00e+00  0.00e+00 -4.57e+18  7.46e+18 -2.86e+17       inf       inf  6.30e+03  0.00e+00  1.87e+02 
2.36e+10 7.25e+08 2.72e+10 8.37e+08   14    1      0        0  1.75e+06  4.00e+07  8.36e+04  5.50e+29  2.38e-11  3.15e+12  7.13e+03  2.02e+04  6.90e-01  1.60e-02  1.00e-20  1.00e-20  1.00e-20 -2.48e+20  7.18e+19 -1.78e+20  1.62e-07  2.32e-06  7.82e+03  0.00e+00  4.12e+02 
2.36e+10 9.48e+08 2.72e+10 1.09e+09   14    2      0        0  1.92e+06  3.65e+07  1.10e+05  7.19e+29  1.21e-11  4.50e+12  8.11e+03  2.04e+04  1.55e-01  3.44e-01  3.12e-09  1.00e-20  1.00e-20 -3.33e+20 -1.48e+20  7.49e+19  5.74e-06  5.42e-05  1.03e+04  0.00e+00  1.23e+03 
2.36e+10 1.24e+09 2.72e+10 1.43e+09   14    3      0        0  2.12e+06  3.31e+07  1.47e+05  9.39e+29  5.85e-12  2.72e+12  1.11e+04  2.21e+04  1.96e-04  9.99e-01  4.13e-02  1.00e-20  1.00e-20 -5.67e+20 -1.30e+20  5.25e+19  8.57e-03  9.17e-02  1.59e+04  0.00e+00  2.34e+03 
2.36e+10 1.62e+09 2.72e+10 1.87e+09   14    4      0        0  2.35e+06  2.98e+07  2.01e+05  1.23e+30  2.72e-12  1.26e+12  1.60e+04  3.31e+04  2.15e-05  9.99e-01  5.45e-01  1.00e-20  1.00e-20 -5.67e+20 -2.25e+19 -1.00e+20  1.47e-01  2.05e+00  2.96e+04  0.00e+00  7.91e+03 
2.36e+10 2.12e+09 2.72e+10 2.44e+09   14    5      0        0  2.61e+06  2.67e+07  2.79e+05  1.60e+30  1.22e-12  5.73e+11  1.62e+04  4.15e+04  5.38e-06  9.34e-01  7.84e-01  2.12e-03  1.00e-20 -2.29e+20  7.36e+19 -1.75e+19  9.44e-01  1.29e+01  5.68e+04  0.00e+00  2.17e+04 
2.36e+10 2.77e+09 2.72e+10 3.19e+09   14    6      0        0  2.90e+06  2.38e+07  3.90e+05  2.10e+30  5.36e-13  2.68e+11  1.80e+04  4.41e+04  1.37e-06  2.01e-01  2.77e-01  6.32e-02  1.00e-20 -1.78e+20 -3.76e+19 -3.46e+19  3.56e+00  4.62e+01  1.01e+05  0.00e+00  4.52e+04 
2.36e+10 3.62e+09 2.72e+10 4.17e+09   14    7      0        0  3.23e+06  2.12e+07  5.50e+05  2.74e+30  2.31e-13  1.17e+11  2.15e+04  4.59e+04  3.48e-07  9.48e-04  2.79e-02  5.68e-01  1.00e-20 -8.91e+19 -2.75e+19 -2.52e+19  1.18e+01  1.53e+02  1.77e+05  0.00e+00  8.78e+04 
2.36e+10 4.73e+09 2.72e+10 5.45e+09   14    8      0        0  3.58e+06  1.87e+07  7.78e+05  3.58e+30  9.78e-14  4.97e+10  2.39e+04  4.81e+04  1.02e-07  1.10e-04  3.44e-03  3.56e-01  1.00e-20 -9.28e+19 -2.25e+19 -1.85e+19  3.87e+01  5.36e+02  3.06e+05  0.00e+00  1.66e+05 
2.36e+10 6.18e+09 2.72e+10 7.12e+09   14    9      0        0  3.95e+06  1.65e+07  1.10e+06  4.68e+30  4.10e-14  2.08e+10  2.60e+04  4.97e+04  2.93e-08  2.61e-05  7.93e-04  9.35e-02  1.00e-20 -9.62e+19 -1.17e+19 -5.06e+19  1.26e+02  1.72e+03  5.14e+05  0.00e+00  2.99e+05 
2.36e+10 8.07e+09 2.72e+10 9.31e+09   14   10      0        0  4.32e+06  1.46e+07  1.55e+06  6.12e+30  1.70e-14  8.66e+09  2.59e+04  5.12e+04  9.79e-09  7.76e-06  2.35e-04  2.88e-02  1.00e-20 -9.85e+19  1.54e+19 -3.23e+19  4.07e+02  5.55e+03  8.31e+05  0.00e+00  5.10e+05 
2.36e+10 1.05e+10 2.72e+10 1.22e+10   14   11      1        0  4.63e+06  1.28e+07  2.15e+06  7.62e+30  0.00e+00  8.45e-18  1.43e+03  5.27e+04  0.00e+00  0.00e+00  0.00e+00  0.00e+00  0.00e+00 -8.22e+19  3.33e+19 -2.14e+19       inf       inf  1.00e+06  0.00e+00  6.32e+05 
2.36e+10 1.38e+10 2.72e+10 1.59e+10   14   12      1        0  4.40e+06  1.18e+07  2.65e+06  2.68e+30  0.00e+00  8.45e-18  1.10e+03  5.38e+04  0.00e+00  0.00e+00  0.00e+00  0.00e+00  0.00e+00 -2.06e+19 -1.63e+19  2.30e+18       inf       inf  5.15e+05  0.00e+00  3.24e+05 
2.36e+10 1.80e+10 2.72e+10 2.08e+10   14   13     -1        0  4.84e+06  1.18e+07  3.79e+06  0.00e+00  0.00e+00  0.00e+00  0.00e+00  0.00e+00  0.00e+00  0.00e+00  0.00e+00  0.00e+00  0.00e+00  0.00e+00  0.00e+00  0.00e+00  0.00e+00  0.00e+00  0.00e+00  0.00e+00  0.00e+00 
2.36e+10 2.36e+10 2.72e+10 2.72e+10   14   14     -1        0  5.60e+06  1.18e+07  5.70e+06  0.00e+00  0.00e+00  0.00e+00  0.00e+00  0.00e+00  0.00e+00  0.00e+00  0.00e+00  0.00e+00  0.00e+00  0.00e+00  0.00e+00  0.00e+00  0.00e+00  0.00e+00  0.00e+00  0.00e+00  0.00e+00 
2.36e+10 3.08e+10 2.72e+10 3.55e+10   14   15     -1        0  6.90e+06  1.18e+07  9.13e+06  0.00e+00  0.00e+00  0.00e+00  0.00e+00  0.00e+00  0.00e+00  0.00e+00  0.00e+00  0.00e+00  0.00e+00  0.00e+00  0.00e+00  0.00e+00  0.00e+00  0.00e+00  0.00e+00  0.00e+00  0.00e+00 
2.36e+10 4.02e+10 2.72e+10 4.64e+10   14   16     -1        0  8.99e+06  1.18e+07  1.55e+07  0.00e+00  0.00e+00  0.00e+00  0.00e+00  0.00e+00  0.00e+00  0.00e+00  0.00e+00  0.00e+00  0.00e+00  0.00e+00  0.00e+00  0.00e+00  0.00e+00  0.00e+00  0.00e+00  0.00e+00  0.00e+00 
2.36e+10 5.26e+10 2.72e+10 6.07e+10   14   17     -1        0  1.21e+07  1.18e+07  2.72e+07  0.00e+00  0.00e+00  0.00e+00  0.00e+00  0.00e+00  0.00e+00  0.00e+00  0.00e+00  0.00e+00  0.00e+00  0.00e+00  0.00e+00  0.00e+00  0.00e+00  0.00e+00  0.00e+00  0.00e+00  0.00e+00 
2.36e+10 6.87e+10 2.72e+10 7.93e+10   14   18     -1        0  1.61e+07  1.18e+07  4.74e+07  0.00e+00  0.00e+00  0.00e+00  0.00e+00  0.00e+00  0.00e+00  0.00e+00  0.00e+00  0.00e+00  0.00e+00  0.00e+00  0.00e+00  0.00e+00  0.00e+00  0.00e+00  0.00e+00  0.00e+00  0.00e+00 
2.36e+10 8.98e+10 2.72e+10 1.04e+11   14   19     -1        0  2.09e+07  1.18e+07  7.99e+07  0.00e+00  0.00e+00  0.00e+00  0.00e+00  0.00e+00  0.00e+00  0.00e+00  0.00e+00  0.00e+00  0.00e+00  0.00e+00  0.00e+00  0.00e+00  0.00e+00  0.00e+00  0.00e+00  0.00e+00  0.00e+00 
2.36e+10 1.17e+11 2.72e+10 1.35e+11   14   20     -1        0  2.56e+07  1.18e+07  1.28e+08  0.00e+00  0.00e+00  0.00e+00  0.00e+00  0.00e+00  0.00e+00  0.00e+00  0.00e+00  0.00e+00  0.00e+00  0.00e+00  0.00e+00  0.00e+00  0.00e+00  0.00e+00  0.00e+00  0.00e+00  0.00e+00 
2.36e+10 1.53e+11 2.72e+10 1.77e+11   14   21     -1        0  2.95e+07  1.18e+07  1.92e+08  0.00e+00  0.00e+00  0.00e+00  0.00e+00  0.00e+00  0.00e+00  0.00e+00  0.00e+00  0.00e+00  0.00e+00  0.00e+00  0.00e+00  0.00e+00  0.00e+00  0.00e+00  0.00e+00  0.00e+00  0.00e+00 
2.36e+10 2.01e+11 2.72e+10 2.31e+11   14   22     -1        0  3.19e+07  1.18e+07  2.72e+08  0.00e+00  0.00e+00  0.00e+00  0.00e+00  0.00e+00  0.00e+00  0.00e+00  0.00e+00  0.00e+00  0.00e+00  0.00e+00  0.00e+00  0.00e+00  0.00e+00  0.00e+00  0.00e+00  0.00e+00  0.00e+00 
2.36e+10 2.62e+11 2.72e+10 3.02e+11   14   23     -1        0  3.25e+07  1.18e+07  3.62e+08  0.00e+00  0.00e+00  0.00e+00  0.00e+00  0.00e+00  0.00e+00  0.00e+00  0.00e+00  0.00e+00  0.00e+00  0.00e+00  0.00e+00  0.00e+00  0.00e+00  0.00e+00  0.00e+00  0.00e+00  0.00e+00 
2.36e+10 3.43e+11 2.72e+10 3.95e+11   14   24     -1        0  3.14e+07  1.18e+07  4.57e+08  0.00e+00  0.00e+00  0.00e+00  0.00e+00  0.00e+00  0.00e+00  0.00e+00  0.00e+00  0.00e+00  0.00e+00  0.00e+00  0.00e+00  0.00e+00  0.00e+00  0.00e+00  0.00e+00  0.00e+00  0.00e+00 
2.36e+10 4.48e+11 2.72e+10 5.17e+11   14   25     -1        0  2.90e+07  1.18e+07  5.52e+08  0.00e+00  0.00e+00  0.00e+00  0.00e+00  0.00e+00  0.00e+00  0.00e+00  0.00e+00  0.00e+00  0.00e+00  0.00e+00  0.00e+00  0.00e+00  0.00e+00  0.00e+00  0.00e+00  0.00e+00  0.00e+00 
2.36e+10 5.85e+11 2.72e+10 6.75e+11   14   26     -1        0  2.58e+07  1.18e+07  6.40e+08  0.00e+00  0.00e+00  0.00e+00  0.00e+00  0.00e+00  0.00e+00  0.00e+00  0.00e+00  0.00e+00  0.00e+00  0.00e+00  0.00e+00  0.00e+00  0.00e+00  0.00e+00  0.00e+00  0.00e+00  0.00e+00 
2.36e+10 7.65e+11 2.72e+10 8.83e+11   14   27     -1        0  2.22e+07  1.18e+07  7.20e+08  0.00e+00  0.00e+00  0.00e+00  0.00e+00  0.00e+00  0.00e+00  0.00e+00  0.00e+00  0.00e+00  0.00e+00  0.00e+00  0.00e+00  0.00e+00  0.00e+00  0.00e+00  0.00e+00  0.00e+00  0.00e+00 
2.36e+10 1.00e+12 2.72e+10 1.15e+12   14   28     -1        0  1.86e+07  1.18e+07  7.90e+08  0.00e+00  0.00e+00  0.00e+00  0.00e+00  0.00e+00  0.00e+00  0.00e+00  0.00e+00  0.00e+00  0.00e+00  0.00e+00  0.00e+00  0.00e+00  0.00e+00  0.00e+00  0.00e+00  0.00e+00  0.00e+00 
2.36e+10 1.31e+12 2.72e+10 1.51e+12   14   29     -1        0  1.53e+07  1.18e+07  8.49e+08  0.00e+00  0.00e+00  0.00e+00  0.00e+00  0.00e+00  0.00e+00  0.00e+00  0.00e+00  0.00e+00  0.00e+00  0.00e+00  0.00e+00  0.00e+00  0.00e+00  0.00e+00  0.00e+00  0.00e+00  0.00e+00 
3.08e+10 0.00e+00 3.55e+10 3.63e+08   15    0      1        2  1.03e+06  5.87e+07  1.33e+04  1.96e+30  0.00e+00  2.91e-18  1.03e+04  2.18e+04  0.00e+00  0.00e+00  0.00e+00  0.00e+00  0.00e+00  0.00e+00  0.00e+00  0.00e+00       inf      -nan  3.08e+03  0.00e+00  3.20e+01 
3.08e+10 7.25e+08 3.55e+10 8.37e+08   15    1      0        0  1.76e+06  3.50e+07  6.43e+04  9.39e+29  2.89e-11  7.88e+11  5.86e+03  2.14e+04  9.37e-01  1.92e-03  1.00e-20  1.00e-20  1.00e-20 -3.75e+19 -1.46e+19  2.26e+19  5.49e-09  8.35e-08  3.68e+03  0.00e+00  6.40e+01 
3.08e+10 9.48e+08 3.55e+10 1.09e+09   15    2      0        0  1.99e+06  3.20e+07  8.72e+04  1.23e+30  1.41e-11  8.48e+11  5.63e+03  2.18e+04  8.59e-01  3.36e-18  1.00e-20  1.00e-20  1.00e-20 -3.52e+19  3.36e+18 -2.77e+18  2.88e-08  8.55e-08  4.22e+03  0.00e+00  6.90e+01 
3.08e+10 1.24e+09 3.55e+10 1.43e+09   15    3      0        0  2.27e+06  2.90e+07  1.21e+05  1.60e+30  6.55e-12  2.35e+12  6.76e+03  2.20e+04  1.79e-01  2.86e-01  1.12e-09  1.00e-20  1.00e-20 -1.80e+20  1.26e+20  1.08e+20  5.15e-06  3.85e-05  5.47e+03  0.00e+00  8.01e+02 
3.08e+10 1.62e+09 3.55e+10 1.87e+09   15    4      0        0  2.61e+06  2.61e+07  1.71e+05  2.10e+30  2.94e-12  1.37e+12  1.05e+04  2.37e+04  3.15e-04  9.99e-01  2.88e-02  1.00e-20  1.00e-20 -1.94e+20 -5.23e+19  9.84e+19  5.81e-03  6.06e-02  8.64e+03  0.00e+00  1.51e+03 
3.08e+10 2.12e+09 3.55e+10 2.44e+09   15    5      0        0  2.99e+06  2.34e+07  2.44e+05  2.74e+30  1.28e-12  5.96e+11  1.58e+04  3.61e+04  2.86e-05  9.99e-01  6.11e-01  1.00e-20  1.00e-20 -2.82e+20 -5.44e+19  1.70e+19  1.43e-01  2.37e+00  1.87e+04  0.00e+00  6.49e+03 
3.08e+10 2.77e+09 3.55e+10 3.19e+09   15    6      0        0  3.43e+06  2.08e+07  3.52e+05  3.58e+30  5.46e-13  2.55e+11  1.56e+04  4.56e+04  4.82e-06  9.49e-01  7.74e-01  2.87e-03  1.00e-20 -1.06e+20 -2.16e+19 -1.72e+19  1.14e+00  1.70e+01  4.08e+04  0.00e+00  1.99e+04 
3.08e+10 3.62e+09 3.55e+10 4.17e+09   15    7      0        0  3.92e+06  1.85e+07  5.11e+05  4.68e+30  2.29e-13  1.15e+11  1.85e+04  4.81e+04  9.39e-07  1.25e-01  2.23e-01  8.06e-02  1.00e-20 -9.35e+19 -3.23e+19 -1.10e+19  4.71e+00  6.65e+01  7.92e+04  0.00e+00  4.33e+04 
3.08e+10 4.73e+09 3.55e+10 5.45e+09   15    8      0        0  4.47e+06  1.64e+07  7.43e+05  6.12e+30  9.46e-14  4.80e+10  2.16e+04  4.95e+04  2.30e-07  6.91e-04  2.05e-02  6.21e-01  1.00e-20 -1.04e+20 -4.93e+16 -1.02e+18  1.64e+01  2.27e+02  1.47e+05  0.00e+00  8.51e+04 
3.08e+10 6.18e+09 3.55e+10 7.12e+09   15    9      0        0  5.08e+06  1.45e+07  1.09e+06  8.00e+30  3.86e-14  1.96e+10  2.39e+04  5.12e+04  6.46e-08  7.55e-05  2.38e-03  2.82e-01  1.00e-20 -8.31e+19 -3.83e+18  4.15e+18  5.62e+01  7.66e+02  2.66e+05  0.00e+00  1.62e+05 
3.08e+10 8.07e+09 3.55e+10 9.31e+09   15   10      0        0  5.77e+06  1.27e+07  1.59e+06  1.05e+31  1.56e-14  7.94e+09  2.46e+04  5.22e+04  1.93e-08  1.79e-05  5.46e-04  6.67e-02  1.00e-20 -3.09e+19  2.55e+19 -9.81e+18  1.90e+02  2.61e+03  4.66e+05  0.00e+00  2.93e+05 
3.08e+10 1.05e+10 3.55e+10 1.22e+10   15   11      0        0  6.56e+06  1.12e+07  2.33e+06  1.37e+31  6.24e-15  3.17e+09  1.98e+04  5.31e+04  7.07e-09  5.84e-06  1.81e-04  2.22e-02  1.00e-20 -4.83e+19  9.22e+18 -5.06e+19  6.40e+02  8.80e+03  7.79e+05  0.00e+00  5.02e+05 
3.08e+10 1.38e+10 3.55e+10 1.59e+10   15   12      1        0  7.44e+06  9.84e+06  3.43e+06  1.71e+31  0.00e+00  8.45e-18  5.67e+02  5.40e+04  0.00e+00  0.00e+00  0.00e+00  0.00e+00  0.00e+00 -5.88e+19 -1.11e+19 -2.81e+19       inf       inf  9.75e+05  0.00e+00  6.38e+05 
3.08e+10 1.80e+10 3.55e+10 2.08e+10   15   13      1        0  7.87e+06  9.01e+06  4.71e+06  6.37e+30  0.00e+00  8.24e-18  4.31e+02  5.47e+04  0.00e+00  0.00e+00  0.00e+00  0.00e+00  0.00e+00 -1.01e+19 -2.14e+17  7.24e+18       inf       inf  5.08e+05  0.00e+00  3.32e+05 
3.08e+10 2.36e+10 3.55e+10 2.72e+10   15   14     -1        0  8.91e+06  9.01e+06  6.93e+06  0.00e+00  0.00e+00  0.00e+00  0.00e+00  0.00e+00  0.00e+00  0.00e+00  0.00e+00  0.00e+00  0.00e+00  0.00e+00  0.00e+00  0.00e+00  0.00e+00  0.00e+00  0.00e+00  0.00e+00  0.00e+00 
3.08e+10 3.08e+10 3.55e+10 3.55e+10   15   15     -1        0  1.06e+07  9.01e+06  1.07e+07  0.00e+00  0.00e+00  0.00e+00  0.00e+00  0.00e+00  0.00e+00  0.00e+00  0.00e+00  0.00e+00  0.00e+00  0.00e+00  0.00e+00  0.00e+00  0.00e+00  0.00e+00  0.00e+00  0.00e+00  0.00e+00 
3.08e+10 4.02e+10 3.55e+10 4.64e+10   15   16     -1        0  1.32e+07  9.01e+06  1.74e+07  0.00e+00  0.00e+00  0.00e+00  0.00e+00  0.00e+00  0.00e+00  0.00e+00  0.00e+00  0.00e+00  0.00e+00  0.00e+00  0.00e+00  0.00e+00  0.00e+00  0.00e+00  0.00e+00  0.00e+00  0.00e+00 
3.08e+10 5.26e+10 3.55e+10 6.07e+10   15   17     -1        0  1.70e+07  9.01e+06  2.92e+07  0.00e+00  0.00e+00  0.00e+00  0.00e+00  0.00e+00  0.00e+00  0.00e+00  0.00e+00  0.00e+00  0.00e+00  0.00e+00  0.00e+00  0.00e+00  0.00e+00  0.00e+00  0.00e+00  0.00e+00  0.00e+00 
3.08e+10 6.87e+10 3.55e+10 7.93e+10   15   18     -1        0  2.20e+07  9.01e+06  4.93e+07  0.00e+00  0.00e+00  0.00e+00  0.00e+00  0.00e+00  0.00e+00  0.00e+00  0.00e+00  0.00e+00  0.00e+00  0.00e+00  0.00e+00  0.00e+00  0.00e+00  0.00e+00  0.00e+00  0.00e+00  0.00e+00 
3.08e+10 8.98e+10 3.55e+10 1.04e+11   15   19     -1        0  2.78e+07  9.01e+06  8.16e+07  0.00e+00  0.00e+00  0.00e+00  0.00e+00  0.00e+00  0.00e+00  0.00e+00  0.00e+00  0.00e+00  0.00e+00  0.00e+00  0.00e+00  0.00e+00  0.00e+00  0.00e+00  0.00e+00  0.00e+00  0.00e+00 
3.08e+10 1.17e+11 3.55e+10 1.35e+11   15   20     -1        0  3.37e+07  9.01e+06  1.29e+08  0.00e+00  0.00e+00  0.00e+00  0.00e+00  0.00e+00  0.00e+00  0.00e+00  0.00e+00  0.00e+00  0.00e+00  0.00e+00  0.00e+00  0.00e+00  0.00e+00  0.00e+00  0.00e+00  0.00e+00  0.00e+00 
3.08e+10 1.53e+11 3.55e+10 1.77e+11   15   21     -1        0  3.86e+07  9.01e+06  1.93e+08  0.00e+00  0.00e+00  0.00e+00  0.00e+00  0.00e+00  0.00e+00  0.00e+00  0.00e+00  0.00e+00  0.00e+00  0.00e+00  0.00e+00  0.00e+00  0.00e+00  0.00e+00  0.00e+00  0.00e+00  0.00e+00 
3.08e+10 2.01e+11 3.55e+10 2.31e+11   15   22     -1        0  4.17e+07  9.01e+06  2.72e+08  0.00e+00  0.00e+00  0.00e+00  0.00e+00  0.00e+00  0.00e+00  0.00e+00  0.00e+00  0.00e+00  0.00e+00  0.00e+00  0.00e+00  0.00e+00  0.00e+00  0.00e+00  0.00e+00  0.00e+00  0.00e+00 
3.08e+10 2.62e+11 3.55e+10 3.02e+11   15   23     -1        0  4.24e+07  9.01e+06  3.62e+08  0.00e+00  0.00e+00  0.00e+00  0.00e+00  0.00e+00  0.00e+00  0.00e+00  0.00e+00  0.00e+00  0.00e+00  0.00e+00  0.00e+00  0.00e+00  0.00e+00  0.00e+00  0.00e+00  0.00e+00  0.00e+00 
3.08e+10 3.43e+11 3.55e+10 3.95e+11   15   24     -1        0  4.10e+07  9.01e+06  4.57e+08  0.00e+00  0.00e+00  0.00e+00  0.00e+00  0.00e+00  0.00e+00  0.00e+00  0.00e+00  0.00e+00  0.00e+00  0.00e+00  0.00e+00  0.00e+00  0.00e+00  0.00e+00  0.00e+00  0.00e+00  0.00e+00 
3.08e+10 4.48e+11 3.55e+10 5.17e+11   15   25     -1        0  3.79e+07  9.01e+06  5.51e+08  0.00e+00  0.00e+00  0.00e+00  0.00e+00  0.00e+00  0.00e+00  0.00e+00  0.00e+00  0.00e+00  0.00e+00  0.00e+00  0.00e+00  0.00e+00  0.00e+00  0.00e+00  0.00e+00  0.00e+00  0.00e+00 
3.08e+10 5.85e+11 3.55e+10 6.75e+11   15   26     -1        0  3.36e+07  9.01e+06  6.40e+08  0.00e+00  0.00e+00  0.00e+00  0.00e+00  0.00e+00  0.00e+00  0.00e+00  0.00e+00  0.00e+00  0.00e+00  0.00e+00  0.00e+00  0.00e+00  0.00e+00  0.00e+00  0.00e+00  0.00e+00  0.00e+00 
3.08e+10 7.65e+11 3.55e+10 8.83e+11   15   27     -1        0  2.90e+07  9.01e+06  7.20e+08  0.00e+00  0.00e+00  0.00e+00  0.00e+00  0.00e+00  0.00e+00  0.00e+00  0.00e+00  0.00e+00  0.00e+00  0.00e+00  0.00e+00  0.00e+00  0.00e+00  0.00e+00  0.00e+00  0.00e+00  0.00e+00 
3.08e+10 1.00e+12 3.55e+10 1.15e+12   15   28     -1        0  2.43e+07  9.01e+06  7.90e+08  0.00e+00  0.00e+00  0.00e+00  0.00e+00  0.00e+00  0.00e+00  0.00e+00  0.00e+00  0.00e+00  0.00e+00  0.00e+00  0.00e+00  0.00e+00  0.00e+00  0.00e+00  0.00e+00  0.00e+00  0.00e+00 
3.08e+10 1.31e+12 3.55e+10 1.51e+12   15   29     -1        0  2.00e+07  9.01e+06  8.49e+08  0.00e+00  0.00e+00  0.00e+00  0.00e+00  0.00e+00  0.00e+00  0.00e+00  0.00e+00  0.00e+00  0.00e+00  0.00e+00  0.00e+00  0.00e+00  0.00e+00  0.00e+00  0.00e+00  0.00e+00  0.00e+00 
4.02e+10 0.00e+00 4.64e+10 3.63e+08   16    0      1        2  9.30e+05  5.14e+07  9.22e+03  1.90e+30  0.00e+00  2.91e-18  7.18e+03  2.22e+04  0.00e+00  0.00e+00  0.00e+00  0.00e+00  0.00e+00 -1.23e+19 -1.26e+19  6.86e+18       inf      -nan  1.87e+03  0.00e+00  1.30e+01 
4.02e+10 7.25e+08 4.64e+10 8.37e+08   16    1      0        0  1.95e+06  3.06e+07  5.46e+04  1.60e+30  3.09e-11  5.21e+11  5.87e+03  2.25e+04  9.62e-01  1.40e-03  1.00e-20  1.00e-20  1.00e-20  0.00e+00  0.00e+00  0.00e+00  2.04e-09  0.00e+00  2.55e+03  0.00e+00  3.80e+01 
4.02e+10 9.48e+08 4.64e+10 1.09e+09   16    2      0        0  2.32e+06  2.79e+07  7.76e+04  2.10e+30  1.44e-11  4.43e+11  5.27e+03  2.23e+04  9.28e-01  1.14e-19  1.00e-20  1.00e-20  1.00e-20 -2.34e+18 -2.19e+19 -2.94e+19  7.11e-09  7.54e-08  2.86e+03  0.00e+00  3.70e+01 
4.02e+10 1.24e+09 4.64e+10 1.43e+09   16    3      0        0  2.76e+06  2.53e+07  1.12e+05  2.74e+30  6.44e-12  7.32e+11  5.49e+03  2.28e+04  7.32e-01  4.73e-04  1.00e-20  1.00e-20  1.00e-20 -6.19e+19 -8.63e+18  1.31e+19  1.21e-07  9.85e-07  3.26e+03  0.00e+00  1.18e+02 
4.02e+10 1.62e+09 4.64e+10 1.87e+09   16    4      0        0  3.29e+06  2.28e+07  1.65e+05  3.58e+30  2.80e-12  1.29e+12  6.54e+03  2.27e+04  3.46e-03  9.58e-01  9.72e-06  1.00e-20  1.00e-20 -3.34e+20  7.45e+19  1.93e+20  4.87e-04  5.07e-03  4.30e+03  0.00e+00  8.00e+02 
4.02e+10 2.12e+09 4.64e+10 2.44e+09   16    5      0        0  3.90e+06  2.05e+07  2.44e+05  4.68e+30  1.19e-12  5.52e+11  1.34e+04  2.51e+04  2.66e-04  9.99e-01  9.65e-02  1.00e-20  1.00e-20 -1.21e+20 -2.32e+19 -4.30e+19  9.15e-03  1.37e-01  7.08e+03  0.00e+00  1.30e+03 
4.02e+10 2.77e+09 4.64e+10 3.19e+09   16    6      0        0  4.60e+06  1.82e+07  3.62e+05  6.12e+30  4.96e-13  2.31e+11  1.57e+04  3.70e+04  3.00e-05  9.99e-01  6.28e-01  8.88e-05  1.00e-20 -1.12e+20 -6.53e+19 -3.74e+19  1.94e-01  2.93e+00  1.59e+04  0.00e+00  5.81e+03 
4.02e+10 3.62e+09 4.64e+10 4.17e+09   16    7      0        0  5.39e+06  1.62e+07  5.37e+05  8.00e+30  2.04e-13  9.69e+10  1.54e+04  4.68e+04  3.19e-06  7.89e-01  7.12e-01  5.36e-03  1.00e-20 -4.10e+19 -2.42e+19 -2.61e+19  1.73e+00  2.50e+01  3.71e+04  0.00e+00  1.92e+04 
4.02e+10 4.73e+09 4.64e+10 5.45e+09   16    8      0        0  6.28e+06  1.43e+07  7.99e+05  1.05e+31  8.31e-14  4.20e+10  1.94e+04  4.94e+04  5.61e-07  4.82e-02  1.51e-01  1.20e-01  1.00e-20 -7.97e+19 -1.92e+18  1.14e+19  7.43e+00  1.02e+02  7.33e+04  0.00e+00  4.23e+04 
4.02e+10 6.18e+09 4.64e+10 7.12e+09   16    9      0        0  7.28e+06  1.26e+07  1.19e+06  1.37e+31  3.35e-14  1.70e+10  2.12e+04  5.08e+04  1.45e-07  4.32e-04  1.29e-02  6.77e-01  1.00e-20 -1.06e+20 -2.25e+18 -2.10e+19  2.67e+01  3.64e+02  1.37e+05  0.00e+00  8.35e+04 
4.02e+10 8.07e+09 4.64e+10 9.31e+09   16   10      0        0  8.44e+06  1.11e+07  1.78e+06  1.79e+31  1.34e-14  6.81e+09  2.20e+04  5.24e+04  4.03e-08  4.78e-05  1.52e-03  2.02e-01  1.00e-20 -3.99e+19  6.67e+18 -1.86e+19  9.36e+01  1.31e+03  2.52e+05  0.00e+00  1.60e+05 
4.02e+10 1.05e+10 4.64e+10 1.22e+10   16   11      0        0  9.78e+06  9.80e+06  2.66e+06  2.33e+31  5.30e-15  2.69e+09  1.67e+04  5.33e+04  1.46e-08  1.34e-05  4.25e-04  5.25e-02  1.00e-20 -7.58e+19 -2.14e+19 -1.49e+19  3.25e+02  4.46e+03  4.46e+05  0.00e+00  2.90e+05 
4.02e+10 1.38e+10 4.64e+10 1.59e+10   16   12      0        0  1.14e+07  8.61e+06  4.02e+06  3.05e+31  2.07e-15  1.05e+09  9.76e+03  5.40e+04  6.53e-09  5.17e-06  1.71e-04  2.09e-02  1.00e-20 -1.04e+20 -3.14e+19 -1.78e+19  1.12e+03  1.56e+04  7.54e+05  0.00e+00  4.98e+05 
4.02e+10 1.80e+10 4.64e+10 2.08e+10   16   13      1        0  1.34e+07  7.56e+06  6.12e+06  3.85e+31  0.00e+00  8.45e-18  2.30e+02  5.47e+04  0.00e+00  0.00e+00  0.00e+00  0.00e+00  0.00e+00 -7.38e+19 -1.05e+19 -2.55e+19       inf       inf  9.64e+05  0.00e+00  6.43e+05 
4.02e+10 2.36e+10 4.64e+10 2.72e+10   16   14      1        0  1.50e+07  6.89e+06  8.95e+06  1.49e+31  0.00e+00  8.45e-18  1.83e+02  5.52e+04  0.00e+00  0.00e+00  0.00e+00  0.00e+00  0.00e+00 -3.62e+19 -2.14e+19 -2.29e+19       inf       inf  5.07e+05  0.00e+00  3.38e+05 
4.02e+10 3.08e+10 4.64e+10 3.55e+10   16   15     -1        0  1.71e+07  6.89e+06  1.32e+07  0.00e+00  0.00e+00  0.00e+00  0.00e+00  0.00e+00  0.00e+00  0.00e+00  0.00e+00  0.00e+00  0.00e+00  0.00e+00  0.00e+00  0.00e+00  0.00e+00  0.00e+00  0.00e+00  0.00e+00  0.00e+00 
4.02e+10 4.02e+10 4.64e+10 4.64e+10   16   16     -1        0  2.01e+07  6.89e+06  2.03e+07  0.00e+00  0.00e+00  0.00e+00  0.00e+00  0.00e+00  0.00e+00  0.00e+00  0.00e+00  0.00e+00  0.00e+00  0.00e+00  0.00e+00  0.00e+00  0.00e+00  0.00e+00  0.00e+00  0.00e+00  0.00e+00 
4.02e+10 5.26e+10 4.64e+10 6.07e+10   16   17     -1        0  2.46e+07  6.89e+06  3.24e+07  0.00e+00  0.00e+00  0.00e+00  0.00e+00  0.00e+00  0.00e+00  0.00e+00  0.00e+00  0.00e+00  0.00e+00  0.00e+00  0.00e+00  0.00e+00  0.00e+00  0.00e+00  0.00e+00  0.00e+00  0.00e+00 
4.02e+10 6.87e+10 4.64e+10 7.93e+10   16   18     -1        0  3.05e+07  6.89e+06  5.24e+07  0.00e+00  0.00e+00  0.00e+00  0.00e+00  0.00e+00  0.00e+00  0.00e+00  0.00e+00  0.00e+00  0.00e+00  0.00e+00  0.00e+00  0.00e+00  0.00e+00  0.00e+00  0.00e+00  0.00e+00  0.00e+00 
4.02e+10 8.98e+10 4.64e+10 1.04e+11   16   19     -1        0  3.75e+07  6.89e+06  8.42e+07  0.00e+00  0.00e+00  0.00e+00  0.00e+00  0.00e+00  0.00e+00  0.00e+00  0.00e+00  0.00e+00  0.00e+00  0.00e+00  0.00e+00  0.00e+00  0.00e+00  0.00e+00  0.00e+00  0.00e+00  0.00e+00 
4.02e+10 1.17e+11 4.64e+10 1.35e+11   16   20     -1        0  4.47e+07  6.89e+06  1.31e+08  0.00e+00  0.00e+00  0.00e+00  0.00e+00  0.00e+00  0.00e+00  0.00e+00  0.00e+00  0.00e+00  0.00e+00  0.00e+00  0.00e+00  0.00e+00  0.00e+00  0.00e+00  0.00e+00  0.00e+00  0.00e+00 
4.02e+10 1.53e+11 4.64e+10 1.77e+11   16   21     -1        0  5.08e+07  6.89e+06  1.94e+08  0.00e+00  0.00e+00  0.00e+00  0.00e+00  0.00e+00  0.00e+00  0.00e+00  0.00e+00  0.00e+00  0.00e+00  0.00e+00  0.00e+00  0.00e+00  0.00e+00  0.00e+00  0.00e+00  0.00e+00  0.00e+00 
4.02e+10 2.01e+11 4.64e+10 2.31e+11   16   22     -1        0  5.45e+07  6.89e+06  2.72e+08  0.00e+00  0.00e+00  0.00e+00  0.00e+00  0.00e+00  0.00e+00  0.00e+00  0.00e+00  0.00e+00  0.00e+00  0.00e+00  0.00e+00  0.00e+00  0.00e+00  0.00e+00  0.00e+00  0.00e+00  0.00e+00 
4.02e+10 2.62e+11 4.64e+10 3.02e+11   16   23     -1        0  5.55e+07  6.89e+06  3.62e+08  0.00e+00  0.00e+00  0.00e+00  0.00e+00  0.00e+00  0.00e+00  0.00e+00  0.00e+00  0.00e+00  0.00e+00  0.00e+00  0.00e+00  0.00e+00  0.00e+00  0.00e+00  0.00e+00  0.00e+00  0.00e+00 
4.02e+10 3.43e+11 4.64e+10 3.95e+11   16   24     -1        0  5.36e+07  6.89e+06  4.57e+08  0.00e+00  0.00e+00  0.00e+00  0.00e+00  0.00e+00  0.00e+00  0.00e+00  0.00e+00  0.00e+00  0.00e+00  0.00e+00  0.00e+00  0.00e+00  0.00e+00  0.00e+00  0.00e+00  0.00e+00  0.00e+00 
4.02e+10 4.48e+11 4.64e+10 5.17e+11   16   25     -1        0  4.95e+07  6.89e+06  5.51e+08  0.00e+00  0.00e+00  0.00e+00  0.00e+00  0.00e+00  0.00e+00  0.00e+00  0.00e+00  0.00e+00  0.00e+00  0.00e+00  0.00e+00  0.00e+00  0.00e+00  0.00e+00  0.00e+00  0.00e+00  0.00e+00 
4.02e+10 5.85e+11 4.64e+10 6.75e+11   16   26     -1        0  4.40e+07  6.89e+06  6.40e+08  0.00e+00  0.00e+00  0.00e+00  0.00e+00  0.00e+00  0.00e+00  0.00e+00  0.00e+00  0.00e+00  0.00e+00  0.00e+00  0.00e+00  0.00e+00  0.00e+00  0.00e+00  0.00e+00  0.00e+00  0.00e+00 
4.02e+10 7.65e+11 4.64e+10 8.83e+11   16   27     -1        0  3.78e+07  6.89e+06  7.20e+08  0.00e+00  0.00e+00  0.00e+00  0.00e+00  0.00e+00  0.00e+00  0.00e+00  0.00e+00  0.00e+00  0.00e+00  0.00e+00  0.00e+00  0.00e+00  0.00e+00  0.00e+00  0.00e+00  0.00e+00  0.00e+00 
4.02e+10 1.00e+12 4.64e+10 1.15e+12   16   28     -1        0  3.18e+07  6.89e+06  7.90e+08  0.00e+00  0.00e+00  0.00e+00  0.00e+00  0.00e+00  0.00e+00  0.00e+00  0.00e+00  0.00e+00  0.00e+00  0.00e+00  0.00e+00  0.00e+00  0.00e+00  0.00e+00  0.00e+00  0.00e+00  0.00e+00 
4.02e+10 1.31e+12 4.64e+10 1.51e+12   16   29     -1        0  2.61e+07  6.89e+06  8.49e+08  0.00e+00  0.00e+00  0.00e+00  0.00e+00  0.00e+00  0.00e+00  0.00e+00  0.00e+00  0.00e+00  0.00e+00  0.00e+00  0.00e+00  0.00e+00  0.00e+00  0.00e+00  0.00e+00  0.00e+00  0.00e+00 
5.26e+10 0.00e+00 6.07e+10 3.63e+08   17    0      1        0  8.44e+05  4.49e+07  6.40e+03  4.43e+29  0.00e+00  2.56e-18  4.72e+03  2.27e+04  0.00e+00  0.00e+00  0.00e+00  0.00e+00  0.00e+00  0.00e+00  0.00e+00  0.00e+00       inf      -nan  8.08e+02  0.00e+00  4.00e+00 
5.26e+10 7.25e+08 6.07e+10 8.37e+08   17    1      1        2  2.47e+06  2.68e+07  5.27e+04  2.28e+30  0.00e+00  2.56e-18  9.70e+02  2.16e+04  0.00e+00  0.00e+00  0.00e+00  0.00e+00  0.00e+00  0.00e+00  0.00e+00  0.00e+00       inf      -nan  1.72e+03  0.00e+00  5.00e+00 
5.26e+10 9.48e+08 6.07e+10 1.09e+09   17    2      0        0  3.07e+06  2.44e+07  7.87e+04  3.58e+30  1.31e-11  3.62e+11  5.35e+03  2.22e+04  9.36e-01  2.53e-19  1.00e-20  1.00e-20  1.00e-20 -4.10e+19  2.36e+18 -2.87e+19  5.74e-09  0.00e+00  2.18e+03  0.00e+00  3.70e+01 
5.26e+10 1.24e+09 6.07e+10 1.43e+09   17    3      0        0  3.81e+06  2.22e+07  1.19e+05  4.68e+30  5.73e-12  3.33e+11  5.20e+03  2.23e+04  8.64e-01  5.43e-20  1.00e-20  1.00e-20  1.00e-20 -7.06e+19  9.25e+18  1.51e+18  2.77e-08  2.13e-07  2.43e+03  0.00e+00  5.20e+01 
5.26e+10 1.62e+09 6.07e+10 1.87e+09   17    4      0        0  4.67e+06  2.00e+07  1.79e+05  6.12e+30  2.45e-12  8.30e+11  5.64e+03  2.31e+04  2.23e-01  2.53e-01  1.00e-20  1.00e-20  1.00e-20 -8.17e+19 -3.76e+19  5.43e+19  4.39e-06  5.18e-05  2.79e+03  0.00e+00  4.08e+02 
5.26e+10 2.12e+09 6.07e+10 2.44e+09   17    5      0        0  5.67e+06  1.79e+07  2.71e+05  8.00e+30  1.02e-12  4.76e+11  9.98e+03  2.35e+04  1.27e-03  9.97e-01  3.18e-03  1.00e-20  1.00e-20 -8.12e+19 -8.76e+18  4.71e+19  1.90e-03  1.50e-02  3.82e+03  0.00e+00  6.75e+02 
5.26e+10 2.77e+09 6.07e+10 3.19e+09   17    6      0        0  6.81e+06  1.59e+07  4.10e+05  1.05e+31  4.24e-13  1.97e+11  1.58e+04  2.58e+04  3.08e-04  1.00e+00  1.60e-01  1.00e-20  1.00e-20 -3.62e+19 -1.67e+19 -3.06e+19  1.44e-02  1.61e-01  6.46e+03  0.00e+00  1.16e+03 
5.26e+10 3.62e+09 6.07e+10 4.17e+09   17    7      0        0  8.09e+06  1.42e+07  6.18e+05  1.37e+31  1.73e-13  8.10e+10  1.51e+04  3.76e+04  1.75e-05  9.44e-01  7.42e-01  3.44e-04  1.00e-20 -3.98e+19  1.37e+19  1.87e+19  3.22e-01  4.95e+00  1.51e+04  0.00e+00  5.65e+03 
5.26e+10 4.73e+09 6.07e+10 5.45e+09   17    8      0        0  9.54e+06  1.25e+07  9.29e+05  1.79e+31  7.01e-14  3.44e+10  1.60e+04  4.73e+04  1.81e-06  4.06e-01  6.15e-01  8.40e-03  1.00e-20 -8.61e+19  4.20e+19 -3.23e+19  2.89e+00  4.21e+01  3.55e+04  0.00e+00  1.89e+04 
5.26e+10 6.18e+09 6.07e+10 7.12e+09   17    9      0        0  1.12e+07  1.11e+07  1.40e+06  2.33e+31  2.82e-14  1.43e+10  2.04e+04  5.00e+04  3.14e-07  1.91e-02  8.93e-02  1.92e-01  1.00e-20 -2.21e+19  8.93e+17 -1.05e+18  1.27e+01  1.71e+02  7.07e+04  0.00e+00  4.17e+04 
5.26e+10 8.07e+09 6.07e+10 9.31e+09   17   10      0        0  1.30e+07  9.75e+06  2.10e+06  3.05e+31  1.12e-14  5.70e+09  1.89e+04  5.15e+04  9.01e-08  2.65e-04  8.06e-03  6.92e-01  1.00e-20 -1.38e+20 -2.82e+19 -1.67e+19  4.60e+01  6.39e+02  1.33e+05  0.00e+00  8.25e+04 
5.26e+10 1.05e+10 6.07e+10 1.22e+10   17   11      0        0  1.52e+07  8.57e+06  3.16e+06  3.99e+31  4.45e-15  2.26e+09  1.39e+04  5.30e+04  3.21e-08  3.66e-05  1.22e-03  1.70e-01  1.00e-20 -1.18e+20  2.05e+19 -2.90e+19  1.64e+02  2.30e+03  2.45e+05  0.00e+00  1.58e+05 
5.26e+10 1.38e+10 6.07e+10 1.59e+10   17   12      0        0  1.77e+07  7.53e+06  4.78e+06  5.21e+31  1.74e-15  8.86e+08  8.01e+03  5.39e+04  1.38e-08  1.18e-05  4.06e-04  4.99e-02  1.00e-20 -1.16e+20  3.20e+18 -3.78e+19  5.73e+02  7.84e+03  4.36e+05  0.00e+00  2.87e+05 
5.26e+10 1.80e+10 6.07e+10 2.08e+10   17   13      0        0  2.08e+07  6.61e+06  7.30e+06  6.81e+31  6.76e-16  3.43e+08  4.33e+03  5.45e+04  6.09e-09  4.65e-06  1.69e-04  2.04e-02  1.00e-20 -1.55e+20  5.23e+19 -1.10e+20  2.00e+03  2.74e+04  7.41e+05  0.00e+00  4.95e+05 
5.26e+10 2.36e+10 6.07e+10 2.72e+10   17   14      1        2  2.47e+07  5.80e+06  1.13e+07  8.62e+31  0.00e+00  8.45e-18  8.75e+01  5.51e+04  0.00e+00  0.00e+00  0.00e+00  0.00e+00  0.00e+00 -1.04e+20 -3.12e+18 -4.35e+19       inf       inf  9.62e+05  0.00e+00  6.48e+05 
5.26e+10 3.08e+10 6.07e+10 3.55e+10   17   15      1        2  2.85e+07  5.28e+06  1.69e+07  3.44e+31  0.00e+00  8.45e-18  6.65e+01  5.55e+04  0.00e+00  0.00e+00  0.00e+00  0.00e+00  0.00e+00 -2.70e+19 -7.26e+18 -1.83e+19       inf       inf  5.09e+05  0.00e+00  3.43e+05 
5.26e+10 4.02e+10 6.07e+10 4.64e+10   17   16     -1        0  3.19e+07  5.28e+06  2.47e+07  0.00e+00  0.00e+00  0.00e+00  0.00e+00  0.00e+00  0.00e+00  0.00e+00  0.00e+00  0.00e+00  0.00e+00  0.00e+00  0.00e+00  0.00e+00  0.00e+00  0.00e+00  0.00e+00  0.00e+00  0.00e+00 
5.26e+10 5.26e+10 6.07e+10 6.07e+10   17   17     -1        0  3.68e+07  5.28e+06  3.71e+07  0.00e+00  0.00e+00  0.00e+00  0.00e+00  0.00e+00  0.00e+00  0.00e+00  0.00e+00  0.00e+00  0.00e+00  0.00e+00  0.00e+00  0.00e+00  0.00e+00  0.00e+00  0.00e+00  0.00e+00  0.00e+00 
5.26e+10 6.87e+10 6.07e+10 7.93e+10   17   18     -1        0  4.34e+07  5.28e+06  5.71e+07  0.00e+00  0.00e+00  0.00e+00  0.00e+00  0.00e+00  0.00e+00  0.00e+00  0.00e+00  0.00e+00  0.00e+00  0.00e+00  0.00e+00  0.00e+00  0.00e+00  0.00e+00  0.00e+00  0.00e+00  0.00e+00 
5.26e+10 8.98e+10 6.07e+10 1.04e+11   17   19     -1        0  5.14e+07  5.28e+06  8.82e+07  0.00e+00  0.00e+00  0.00e+00  0.00e+00  0.00e+00  0.00e+00  0.00e+00  0.00e+00  0.00e+00  0.00e+00  0.00e+00  0.00e+00  0.00e+00  0.00e+00  0.00e+00  0.00e+00  0.00e+00  0.00e+00 
5.26e+10 1.17e+11 6.07e+10 1.35e+11   17   20     -1        0  5.97e+07  5.28e+06  1.34e+08  0.00e+00  0.00e+00  0.00e+00  0.00e+00  0.00e+00  0.00e+00  0.00e+00  0.00e+00  0.00e+00  0.00e+00  0.00e+00  0.00e+00  0.00e+00  0.00e+00  0.00e+00  0.00e+00  0.00e+00  0.00e+00 
5.26e+10 1.53e+11 6.07e+10 1.77e+11   17   21     -1        0  6.69e+07  5.28e+06  1.96e+08  0.00e+00  0.00e+00  0.00e+00  0.00e+00  0.00e+00  0.00e+00  0.00e+00  0.00e+00  0.00e+00  0.00e+00  0.00e+00  0.00e+00  0.00e+00  0.00e+00  0.00e+00  0.00e+00  0.00e+00  0.00e+00 
5.26e+10 2.01e+11 6.07e+10 2.31e+11   17   22     -1        0  7.14e+07  5.28e+06  2.73e+08  0.00e+00  0.00e+00  0.00e+00  0.00e+00  0.00e+00  0.00e+00  0.00e+00  0.00e+00  0.00e+00  0.00e+00  0.00e+00  0.00e+00  0.00e+00  0.00e+00  0.00e+00  0.00e+00  0.00e+00  0.00e+00 
5.26e+10 2.62e+11 6.07e+10 3.02e+11   17   23     -1        0  7.25e+07  5.28e+06  3.62e+08  0.00e+00  0.00e+00  0.00e+00  0.00e+00  0.00e+00  0.00e+00  0.00e+00  0.00e+00  0.00e+00  0.00e+00  0.00e+00  0.00e+00  0.00e+00  0.00e+00  0.00e+00  0.00e+00  0.00e+00  0.00e+00 
5.26e+10 3.43e+11 6.07e+10 3.95e+11   17   24     -1        0  6.99e+07  5.28e+06  4.56e+08  0.00e+00  0.00e+00  0.00e+00  0.00e+00  0.00e+00  0.00e+00  0.00e+00  0.00e+00  0.00e+00  0.00e+00  0.00e+00  0.00e+00  0.00e+00  0.00e+00  0.00e+00  0.00e+00  0.00e+00  0.00e+00 
5.26e+10 4.48e+11 6.07e+10 5.17e+11   17   25     -1        0  6.46e+07  5.28e+06  5.50e+08  0.00e+00  0.00e+00  0.00e+00  0.00e+00  0.00e+00  0.00e+00  0.00e+00  0.00e+00  0.00e+00  0.00e+00  0.00e+00  0.00e+00  0.00e+00  0.00e+00  0.00e+00  0.00e+00  0.00e+00  0.00e+00 
5.26e+10 5.85e+11 6.07e+10 6.75e+11   17   26     -1        0  5.74e+07  5.28e+06  6.39e+08  0.00e+00  0.00e+00  0.00e+00  0.00e+00  0.00e+00  0.00e+00  0.00e+00  0.00e+00  0.00e+00  0.00e+00  0.00e+00  0.00e+00  0.00e+00  0.00e+00  0.00e+00  0.00e+00  0.00e+00  0.00e+00 
5.26e+10 7.65e+11 6.07e+10 8.83e+11   17   27     -1        0  4.94e+07  5.28e+06  7.20e+08  0.00e+00  0.00e+00  0.00e+00  0.00e+00  0.00e+00  0.00e+00  0.00e+00  0.00e+00  0.00e+00  0.00e+00  0.00e+00  0.00e+00  0.00e+00  0.00e+00  0.00e+00  0.00e+00  0.00e+00  0.00e+00 
5.26e+10 1.00e+12 6.07e+10 1.15e+12   17   28     -1        0  4.15e+07  5.28e+06  7.89e+08  0.00e+00  0.00e+00  0.00e+00  0.00e+00  0.00e+00  0.00e+00  0.00e+00  0.00e+00  0.00e+00  0.00e+00  0.00e+00  0.00e+00  0.00e+00  0.00e+00  0.00e+00  0.00e+00  0.00e+00  0.00e+00 
5.26e+10 1.31e+12 6.07e+10 1.51e+12   17   29     -1        0  3.41e+07  5.28e+06  8.49e+08  0.00e+00  0.00e+00  0.00e+00  0.00e+00  0.00e+00  0.00e+00  0.00e+00  0.00e+00  0.00e+00  0.00e+00  0.00e+00  0.00e+00  0.00e+00  0.00e+00  0.00e+00  0.00e+00  0.00e+00  0.00e+00 
6.87e+10 0.00e+00 7.93e+10 3.63e+08   18    0     -1        0  7.65e+05  3.93e+07  4.44e+03  0.00e+00  0.00e+00  0.00e+00  0.00e+00  0.00e+00  0.00e+00  0.00e+00  0.00e+00  0.00e+00  0.00e+00  0.00e+00  0.00e+00  0.00e+00  0.00e+00  0.00e+00  0.00e+00  0.00e+00  0.00e+00 
6.87e+10 7.25e+08 7.93e+10 8.37e+08   18    1      1        1  3.49e+06  2.34e+07  5.70e+04  1.59e+29  0.00e+00  2.91e-18  9.26e+02  2.10e+04  0.00e+00  0.00e+00  0.00e+00  0.00e+00  0.00e+00  0.00e+00  0.00e+00  0.00e+00       inf       inf  3.36e+02  0.00e+00  1.00e+00 
6.87e+10 9.48e+08 7.93e+10 1.09e+09   18    2      1        2  4.49e+06  2.14e+07  8.79e+04  3.35e+30  0.00e+00  2.91e-18  1.88e+03  2.17e+04  0.00e+00  0.00e+00  0.00e+00  0.00e+00  0.00e+00  0.00e+00  0.00e+00  0.00e+00       inf       inf  1.27e+03  0.00e+00  1.00e+00 
6.87e+10 1.24e+09 7.93e+10 1.43e+09   18    3      1        2  5.68e+06  1.94e+07  1.35e+05  7.99e+30  0.00e+00  2.91e-18  5.70e+02  2.26e+04  0.00e+00  0.00e+00  0.00e+00  0.00e+00  0.00e+00  0.00e+00  0.00e+00  0.00e+00       inf      -nan  1.99e+03  0.00e+00  1.00e+00 
6.87e+10 1.62e+09 7.93e+10 1.87e+09   18    4      0        0  7.07e+06  1.75e+07  2.08e+05  1.05e+31  2.09e-12  3.14e+11  5.14e+03  2.29e+04  6.46e-01  2.81e-20  1.00e-20  1.00e-20  1.00e-20 -2.14e+19 -6.54e+18  1.93e+19  2.60e-07  1.45e-06  2.15e+03  0.00e+00  8.20e+01 
6.87e+10 2.12e+09 7.93e+10 2.44e+09   18    5      0        0  8.66e+06  1.56e+07  3.17e+05  1.37e+31  8.75e-13  4.03e+11  7.25e+03  2.37e+04  7.28e-03  9.63e-01  1.16e-04  1.00e-20  1.00e-20 -3.86e+18 -2.18e+19  1.02e+20  3.15e-04  6.27e-03  2.62e+03  0.00e+00  5.07e+02 
6.87e+10 2.77e+09 7.93e+10 3.19e+09   18    6      0        0  1.05e+07  1.39e+07  4.82e+05  1.79e+31  3.61e-13  1.68e+11  1.61e+04  2.50e+04  8.01e-04  9.99e-01  1.31e-01  1.00e-20  1.00e-20 -3.70e+19  2.29e+19 -9.29e+18  4.96e-03  7.38e-02  3.74e+03  0.00e+00  7.81e+02 
6.87e+10 3.62e+09 7.93e+10 4.17e+09   18    7      0        0  1.25e+07  1.24e+07  7.29e+05  2.33e+31  1.48e-13  6.88e+10  1.60e+04  2.68e+04  1.48e-04  9.85e-01  2.40e-01  1.22e-04  1.00e-20  8.89e+18 -3.04e+18  3.56e+19  3.23e-02  7.00e-01  6.28e+03  0.00e+00  1.18e+03 
6.87e+10 4.73e+09 7.93e+10 5.45e+09   18    8      0        0  1.48e+07  1.10e+07  1.10e+06  3.05e+31  5.98e-14  2.85e+10  1.50e+04  3.83e+04  9.81e-06  7.33e-01  7.96e-01  1.21e-03  1.00e-20 -1.13e+20 -1.05e+19 -5.98e+19  5.71e-01  1.00e+01  1.47e+04  0.00e+00  5.68e+03 
6.87e+10 6.18e+09 7.93e+10 7.12e+09   18    9      0        0  1.73e+07  9.68e+06  1.66e+06  3.99e+31  2.40e-14  1.20e+10  1.66e+04  4.76e+04  1.00e-06  1.62e-01  4.79e-01  1.66e-02  1.00e-20 -8.10e+19 -1.24e+19  6.58e+18  4.87e+00  7.18e+01  3.47e+04  0.00e+00  1.87e+04 
6.87e+10 8.07e+09 7.93e+10 9.31e+09   18   10      0        0  2.02e+07  8.53e+06  2.49e+06  5.21e+31  9.60e-15  4.87e+09  1.82e+04  5.03e+04  1.98e-07  1.09e-02  5.81e-02  3.01e-01  1.00e-20 -1.25e+20 -7.93e+18 -2.61e+19  2.15e+01  3.03e+02  6.92e+04  0.00e+00  4.12e+04 
6.87e+10 1.05e+10 7.93e+10 1.22e+10   18   11      0        0  2.36e+07  7.50e+06  3.75e+06  6.81e+31  3.81e-15  1.94e+09  1.21e+04  5.18e+04  7.25e-08  2.03e-04  6.49e-03  6.90e-01  1.00e-20 -9.54e+19 -2.81e+19 -5.16e+19  7.86e+01  1.08e+03  1.30e+05  0.00e+00  8.17e+04 
6.87e+10 1.38e+10 7.93e+10 1.59e+10   18   12      0        0  2.74e+07  6.59e+06  5.66e+06  8.90e+31  1.50e-15  7.63e+08  6.83e+03  5.33e+04  3.06e-08  3.25e-05  1.17e-03  1.64e-01  1.00e-20 -1.05e+20 -7.37e+18 -5.95e+19  2.81e+02  3.82e+03  2.41e+05  0.00e+00  1.57e+05 
6.87e+10 1.80e+10 7.93e+10 2.08e+10   18   13      0        0  3.20e+07  5.78e+06  8.57e+06  1.16e+32  5.88e-16  2.99e+08  3.71e+03  5.41e+04  1.31e-08  1.07e-05  3.99e-04  4.88e-02  1.00e-20 -4.16e+19 -3.26e+19 -4.71e+19  9.90e+02  1.34e+04  4.31e+05  0.00e+00  2.86e+05 
6.87e+10 2.36e+10 7.93e+10 2.72e+10   18   14      0        0  3.76e+07  5.07e+06  1.31e+07  1.52e+32  2.28e-16  1.16e+08  1.96e+03  5.47e+04  5.71e-09  4.17e-06  1.66e-04  1.99e-02  1.00e-20 -3.24e+19 -7.41e+18 -2.80e+17  3.45e+03  4.72e+04  7.34e+05  0.00e+00  4.93e+05 
6.87e+10 3.08e+10 7.93e+10 3.55e+10   18   15      1        1  4.46e+07  4.44e+06  2.02e+07  1.93e+32  0.00e+00  8.45e-18  5.88e+01  5.53e+04  0.00e+00  0.00e+00  0.00e+00  0.00e+00  0.00e+00 -5.15e+19  1.47e+19 -2.29e+19       inf       inf  9.63e+05  0.00e+00  6.52e+05 
6.87e+10 4.02e+10 7.93e+10 4.64e+10   18   16      1        1  5.16e+07  4.04e+06  3.05e+07  7.90e+31  0.00e+00  8.45e-18  2.89e+01  5.56e+04  0.00e+00  0.00e+00  0.00e+00  0.00e+00  0.00e+00  0.00e+00  0.00e+00  0.00e+00       inf       inf  5.12e+05  0.00e+00  3.47e+05 
6.87e+10 5.26e+10 7.93e+10 6.07e+10   18   17     -1        0  5.65e+07  4.04e+06  4.35e+07  0.00e+00  0.00e+00  0.00e+00  0.00e+00  0.00e+00  0.00e+00  0.00e+00  0.00e+00  0.00e+00  0.00e+00  0.00e+00  0.00e+00  0.00e+00  0.00e+00  0.00e+00  0.00e+00  0.00e+00  0.00e+00 
6.87e+10 6.87e+10 7.93e+10 7.93e+10   18   18     -1        0  6.32e+07  4.04e+06  6.36e+07  0.00e+00  0.00e+00  0.00e+00  0.00e+00  0.00e+00  0.00e+00  0.00e+00  0.00e+00  0.00e+00  0.00e+00  0.00e+00  0.00e+00  0.00e+00  0.00e+00  0.00e+00  0.00e+00  0.00e+00  0.00e+00 
6.87e+10 8.98e+10 7.93e+10 1.04e+11   18   19     -1        0  7.16e+07  4.04e+06  9.39e+07  0.00e+00  0.00e+00  0.00e+00  0.00e+00  0.00e+00  0.00e+00  0.00e+00  0.00e+00  0.00e+00  0.00e+00  0.00e+00  0.00e+00  0.00e+00  0.00e+00  0.00e+00  0.00e+00  0.00e+00  0.00e+00 
6.87e+10 1.17e+11 7.93e+10 1.35e+11   18   20     -1        0  8.06e+07  4.04e+06  1.38e+08  0.00e+00  0.00e+00  0.00e+00  0.00e+00  0.00e+00  0.00e+00  0.00e+00  0.00e+00  0.00e+00  0.00e+00  0.00e+00  0.00e+00  0.00e+00  0.00e+00  0.00e+00  0.00e+00  0.00e+00  0.00e+00 
6.87e+10 1.53e+11 7.93e+10 1.77e+11   18   21     -1        0  8.86e+07  4.04e+06  1.98e+08  0.00e+00  0.00e+00  0.00e+00  0.00e+00  0.00e+00  0.00e+00  0.00e+00  0.00e+00  0.00e+00  0.00e+00  0.00e+00  0.00e+00  0.00e+00  0.00e+00  0.00e+00  0.00e+00  0.00e+00  0.00e+00 
6.87e+10 2.01e+11 7.93e+10 2.31e+11   18   22     -1        0  9.37e+07  4.04e+06  2.74e+08  0.00e+00  0.00e+00  0.00e+00  0.00e+00  0.00e+00  0.00e+00  0.00e+00  0.00e+00  0.00e+00  0.00e+00  0.00e+00  0.00e+00  0.00e+00  0.00e+00  0.00e+00  0.00e+00  0.00e+00  0.00e+00 
6.87e+10 2.62e+11 7.93e+10 3.02e+11   18   23     -1        0  9.46e+07  4.04e+06  3.62e+08  0.00e+00  0.00e+00  0.00e+00  0.00e+00  0.00e+00  0.00e+00  0.00e+00  0.00e+00  0.00e+00  0.00e+00  0.00e+00  0.00e+00  0.00e+00  0.00e+00  0.00e+00  0.00e+00  0.00e+00  0.00e+00 
6.87e+10 3.43e+11 7.93e+10 3.95e+11   18   24     -1        0  9.12e+07  4.04e+06  4.55e+08  0.00e+00  0.00e+00  0.00e+00  0.00e+00  0.00e+00  0.00e+00  0.00e+00  0.00e+00  0.00e+00  0.00e+00  0.00e+00  0.00e+00  0.00e+00  0.00e+00  0.00e+00  0.00e+00  0.00e+00  0.00e+00 
6.87e+10 4.48e+11 7.93e+10 5.17e+11   18   25     -1        0  8.42e+07  4.04e+06  5.49e+08  0.00e+00  0.00e+00  0.00e+00  0.00e+00  0.00e+00  0.00e+00  0.00e+00  0.00e+00  0.00e+00  0.00e+00  0.00e+00  0.00e+00  0.00e+00  0.00e+00  0.00e+00  0.00e+00  0.00e+00  0.00e+00 
6.87e+10 5.85e+11 7.93e+10 6.75e+11   18   26     -1        0  7.49e+07  4.04e+06  6.38e+08  0.00e+00  0.00e+00  0.00e+00  0.00e+00  0.00e+00  0.00e+00  0.00e+00  0.00e+00  0.00e+00  0.00e+00  0.00e+00  0.00e+00  0.00e+00  0.00e+00  0.00e+00  0.00e+00  0.00e+00  0.00e+00 
6.87e+10 7.65e+11 7.93e+10 8.83e+11   18   27     -1        0  6.46e+07  4.04e+06  7.19e+08  0.00e+00  0.00e+00  0.00e+00  0.00e+00  0.00e+00  0.00e+00  0.00e+00  0.00e+00  0.00e+00  0.00e+00  0.00e+00  0.00e+00  0.00e+00  0.00e+00  0.00e+00  0.00e+00  0.00e+00  0.00e+00 
6.87e+10 1.00e+12 7.93e+10 1.15e+12   18   28     -1        0  5.42e+07  4.04e+06  7.89e+08  0.00e+00  0.00e+00  0.00e+00  0.00e+00  0.00e+00  0.00e+00  0.00e+00  0.00e+00  0.00e+00  0.00e+00  0.00e+00  0.00e+00  0.00e+00  0.00e+00  0.00e+00  0.00e+00  0.00e+00  0.00e+00 
6.87e+10 1.31e+12 7.93e+10 1.51e+12   18   29     -1        0  4.46e+07  4.04e+06  8.48e+08  0.00e+00  0.00e+00  0.00e+00  0.00e+00  0.00e+00  0.00e+00  0.00e+00  0.00e+00  0.00e+00  0.00e+00  0.00e+00  0.00e+00  0.00e+00  0.00e+00  0.00e+00  0.00e+00  0.00e+00  0.00e+00 
8.98e+10 0.00e+00 1.04e+11 3.63e+08   19    0     -1        0  6.93e+05  3.44e+07  3.08e+03  0.00e+00  0.00e+00  0.00e+00  0.00e+00  0.00e+00  0.00e+00  0.00e+00  0.00e+00  0.00e+00  0.00e+00  0.00e+00  0.00e+00  0.00e+00  0.00e+00  0.00e+00  0.00e+00  0.00e+00  0.00e+00 
8.98e+10 7.25e+08 1.04e+11 8.37e+08   19    1     -1        0  5.22e+06  2.05e+07  6.53e+04  0.00e+00  0.00e+00  0.00e+00  0.00e+00  0.00e+00  0.00e+00  0.00e+00  0.00e+00  0.00e+00  0.00e+00  0.00e+00  0.00e+00  0.00e+00  0.00e+00  0.00e+00  0.00e+00  0.00e+00  0.00e+00 
8.98e+10 9.48e+08 1.04e+11 1.09e+09   19    2     -1        0  6.79e+06  1.87e+07  1.02e+05  0.00e+00  0.00e+00  0.00e+00  0.00e+00  0.00e+00  0.00e+00  0.00e+00  0.00e+00  0.00e+00  0.00e+00  0.00e+00  0.00e+00  0.00e+00  0.00e+00  0.00e+00  0.00e+00  0.00e+00  0.00e+00 
8.98e+10 1.24e+09 1.04e+11 1.43e+09   19    3      1        2  8.62e+06  1.70e+07  1.57e+05  4.23e+30  0.00e+00  2.91e-18  9.78e+02  2.28e+04  0.00e+00  0.00e+00  0.00e+00  0.00e+00  0.00e+00  0.00e+00  0.00e+00  0.00e+00       inf      -nan  7.55e+02  0.00e+00  3.00e+00 
8.98e+10 1.62e+09 1.04e+11 1.87e+09   19    4      1        1  1.07e+07  1.53e+07  2.41e+05  1.71e+31  0.00e+00  2.91e-18  2.87e+02  2.26e+04  0.00e+00  0.00e+00  0.00e+00  0.00e+00  0.00e+00  0.00e+00  0.00e+00  0.00e+00       inf      -nan  1.57e+03  0.00e+00  5.00e+00 
8.98e+10 2.12e+09 1.04e+11 2.44e+09   19    5      0        0  1.31e+07  1.37e+07  3.68e+05  2.33e+31  7.71e-13  2.99e+11  5.62e+03  2.31e+04  1.19e-01  3.72e-01  2.11e-07  1.00e-20  1.00e-20 -6.47e+19  1.19e+19  1.38e+19  1.20e-05  3.37e-05  1.95e+03  0.00e+00  3.19e+02 
8.98e+10 2.77e+09 1.04e+11 3.19e+09   19    6      0        0  1.58e+07  1.22e+07  5.57e+05  3.05e+31  3.20e-13  1.49e+11  1.50e+04  2.49e+04  2.22e-03  9.97e-01  4.60e-02  1.00e-20  1.00e-20 -8.28e+19  1.50e+19  6.30e+19  1.76e-03  1.87e-02  2.42e+03  0.00e+00  5.35e+02 
8.98e+10 3.62e+09 1.04e+11 4.17e+09   19    7      0        0  1.88e+07  1.08e+07  8.42e+05  3.99e+31  1.31e-13  6.11e+10  1.71e+04  2.54e+04  4.60e-04  9.99e-01  9.36e-02  3.22e-05  1.00e-20 -1.47e+18  5.91e+18  5.49e+18  1.01e-02  1.43e-01  3.53e+03  0.00e+00  6.83e+02 
8.98e+10 4.73e+09 1.04e+11 5.45e+09   19    8      0        0  2.22e+07  9.59e+06  1.27e+06  5.21e+31  5.33e-14  2.50e+10  1.50e+04  2.73e+04  7.83e-05  9.42e-01  3.94e-01  4.50e-04  1.00e-20 -6.30e+18 -2.42e+19  6.04e+18  6.16e-02  7.31e-01  6.03e+03  0.00e+00  1.15e+03 
8.98e+10 6.18e+09 1.04e+11 7.12e+09   19    9      0        0  2.61e+07  8.47e+06  1.91e+06  6.81e+31  2.15e-14  1.06e+10  1.53e+04  3.85e+04  5.95e-06  3.76e-01  7.73e-01  2.89e-03  1.00e-20 -6.51e+19 -6.99e+18  6.58e+18  9.51e-01  1.42e+01  1.43e+04  0.00e+00  5.61e+03 
8.98e+10 8.07e+09 1.04e+11 9.31e+09   19   10      0        0  3.04e+07  7.46e+06  2.86e+06  8.90e+31  8.61e-15  4.35e+09  1.60e+04  4.76e+04  6.35e-07  4.96e-02  3.62e-01  2.83e-02  1.00e-20 -1.20e+20 -2.93e+18 -2.07e+19  7.84e+00  9.91e+01  3.39e+04  0.00e+00  1.84e+04 
8.98e+10 1.05e+10 1.04e+11 1.22e+10   19   11      0        0  3.53e+07  6.56e+06  4.30e+06  1.16e+32  3.43e-15  1.74e+09  1.20e+04  5.03e+04  1.66e-07  7.42e-03  5.00e-02  3.91e-01  1.00e-20 -1.24e+20 -3.26e+19  9.82e+18  3.48e+01  4.62e+02  6.80e+04  0.00e+00  4.07e+04 
8.98e+10 1.38e+10 1.04e+11 1.59e+10   19   12      0        0  4.09e+07  5.76e+06  6.46e+06  1.52e+32  1.36e-15  6.90e+08  6.30e+03  5.19e+04  7.03e-08  1.82e-04  6.35e-03  7.03e-01  1.00e-20 -1.21e+20 -6.47e+18 -3.23e+17  1.28e+02  1.75e+03  1.29e+05  0.00e+00  8.10e+04 
8.98e+10 1.80e+10 1.04e+11 2.08e+10   19   13      0        0  4.74e+07  5.06e+06  9.72e+06  1.99e+32  5.35e-16  2.72e+08  3.38e+03  5.34e+04  2.95e-08  2.98e-05  1.17e-03  1.62e-01  1.00e-20 -1.52e+19 -1.65e+18 -2.26e+19  4.59e+02  6.29e+03  2.39e+05  0.00e+00  1.56e+05 
8.98e+10 2.36e+10 1.04e+11 2.72e+10   19   14      0        0  5.51e+07  4.44e+06  1.47e+07  2.60e+32  2.09e-16  1.06e+08  1.80e+03  5.43e+04  1.24e-08  9.75e-06  3.96e-04  4.82e-02  1.00e-20 -1.01e+20  4.26e+18 -3.50e+18  1.62e+03  2.25e+04  4.28e+05  0.00e+00  2.85e+05 
8.98e+10 3.08e+10 1.04e+11 3.55e+10   19   15      0        0  6.44e+07  3.89e+06  2.23e+07  3.40e+32  8.14e-17  4.13e+07  9.31e+02  5.47e+04  5.37e-09  3.80e-06  1.64e-04  1.96e-02  1.00e-20 -2.70e+19 -2.28e+19  2.27e+18  5.62e+03  7.81e+04  7.30e+05  0.00e+00  4.91e+05 
8.98e+10 4.02e+10 1.04e+11 4.64e+10   19   16      1        1  7.59e+07  3.41e+06  3.43e+07  4.32e+32  0.00e+00  8.45e-18  2.94e+01  5.53e+04  0.00e+00  0.00e+00  0.00e+00  0.00e+00  0.00e+00 -2.69e+19 -9.46e+18 -1.95e+19       inf       inf  9.65e+05  0.00e+00  6.55e+05 
8.98e+10 5.26e+10 1.04e+11 6.07e+10   19   17      1        2  8.72e+07  3.09e+06  5.14e+07  1.80e+32  0.00e+00  8.45e-18  2.18e+01  5.56e+04  0.00e+00  0.00e+00  0.00e+00  0.00e+00  0.00e+00 -8.59e+18 -1.24e+19 -2.45e+18       inf       inf  5.15e+05  0.00e+00  3.50e+05 
8.98e+10 6.87e+10 1.04e+11 7.93e+10   19   18     -1        0  9.33e+07  3.09e+06  7.18e+07  0.00e+00  0.00e+00  0.00e+00  0.00e+00  0.00e+00  0.00e+00  0.00e+00  0.00e+00  0.00e+00  0.00e+00  0.00e+00  0.00e+00  0.00e+00  0.00e+00  0.00e+00  0.00e+00  0.00e+00  0.00e+00 
8.98e+10 8.98e+10 1.04e+11 1.04e+11   19   19     -1        0  1.01e+08  3.09e+06  1.01e+08  0.00e+00  0.00e+00  0.00e+00  0.00e+00  0.00e+00  0.00e+00  0.00e+00  0.00e+00  0.00e+00  0.00e+00  0.00e+00  0.00e+00  0.00e+00  0.00e+00  0.00e+00  0.00e+00  0.00e+00  0.00e+00 
8.98e+10 1.17e+11 1.04e+11 1.35e+11   19   20     -1        0  1.10e+08  3.09e+06  1.44e+08  0.00e+00  0.00e+00  0.00e+00  0.00e+00  0.00e+00  0.00e+00  0.00e+00  0.00e+00  0.00e+00  0.00e+00  0.00e+00  0.00e+00  0.00e+00  0.00e+00  0.00e+00  0.00e+00  0.00e+00  0.00e+00 
8.98e+10 1.53e+11 1.04e+11 1.77e+11   19   21     -1        0  1.18e+08  3.09e+06  2.02e+08  0.00e+00  0.00e+00  0.00e+00  0.00e+00  0.00e+00  0.00e+00  0.00e+00  0.00e+00  0.00e+00  0.00e+00  0.00e+00  0.00e+00  0.00e+00  0.00e+00  0.00e+00  0.00e+00  0.00e+00  0.00e+00 
8.98e+10 2.01e+11 1.04e+11 2.31e+11   19   22     -1        0  1.23e+08  3.09e+06  2.75e+08  0.00e+00  0.00e+00  0.00e+00  0.00e+00  0.00e+00  0.00e+00  0.00e+00  0.00e+00  0.00e+00  0.00e+00  0.00e+00  0.00e+00  0.00e+00  0.00e+00  0.00e+00  0.00e+00  0.00e+00  0.00e+00 
8.98e+10 2.62e+11 1.04e+11 3.02e+11   19   23     -1        0  1.24e+08  3.09e+06  3.61e+08  0.00e+00  0.00e+00  0.00e+00  0.00e+00  0.00e+00  0.00e+00  0.00e+00  0.00e+00  0.00e+00  0.00e+00  0.00e+00  0.00e+00  0.00e+00  0.00e+00  0.00e+00  0.00e+00  0.00e+00  0.00e+00 
8.98e+10 3.43e+11 1.04e+11 3.95e+11   19   24     -1        0  1.19e+08  3.09e+06  4.54e+08  0.00e+00  0.00e+00  0.00e+00  0.00e+00  0.00e+00  0.00e+00  0.00e+00  0.00e+00  0.00e+00  0.00e+00  0.00e+00  0.00e+00  0.00e+00  0.00e+00  0.00e+00  0.00e+00  0.00e+00  0.00e+00 
8.98e+10 4.48e+11 1.04e+11 5.17e+11   19   25     -1        0  1.10e+08  3.09e+06  5.48e+08  0.00e+00  0.00e+00  0.00e+00  0.00e+00  0.00e+00  0.00e+00  0.00e+00  0.00e+00  0.00e+00  0.00e+00  0.00e+00  0.00e+00  0.00e+00  0.00e+00  0.00e+00  0.00e+00  0.00e+00  0.00e+00 
8.98e+10 5.85e+11 1.04e+11 6.75e+11   19   26     -1        0  9.77e+07  3.09e+06  6.37e+08  0.00e+00  0.00e+00  0.00e+00  0.00e+00  0.00e+00  0.00e+00  0.00e+00  0.00e+00  0.00e+00  0.00e+00  0.00e+00  0.00e+00  0.00e+00  0.00e+00  0.00e+00  0.00e+00  0.00e+00  0.00e+00 
8.98e+10 7.65e+11 1.04e+11 8.83e+11   19   27     -1        0  8.42e+07  3.09e+06  7.18e+08  0.00e+00  0.00e+00  0.00e+00  0.00e+00  0.00e+00  0.00e+00  0.00e+00  0.00e+00  0.00e+00  0.00e+00  0.00e+00  0.00e+00  0.00e+00  0.00e+00  0.00e+00  0.00e+00  0.00e+00  0.00e+00 
8.98e+10 1.00e+12 1.04e+11 1.15e+12   19   28     -1        0  7.08e+07  3.09e+06  7.88e+08  0.00e+00  0.00e+00  0.00e+00  0.00e+00  0.00e+00  0.00e+00  0.00e+00  0.00e+00  0.00e+00  0.00e+00  0.00e+00  0.00e+00  0.00e+00  0.00e+00  0.00e+00  0.00e+00  0.00e+00  0.00e+00 
8.98e+10 1.31e+12 1.04e+11 1.51e+12   19   29     -1        0  5.82e+07  3.09e+06  8.48e+08  0.00e+00  0.00e+00  0.00e+00  0.00e+00  0.00e+00  0.00e+00  0.00e+00  0.00e+00  0.00e+00  0.00e+00  0.00e+00  0.00e+00  0.00e+00  0.00e+00  0.00e+00  0.00e+00  0.00e+00  0.00e+00 
1.17e+11 0.00e+00 1.35e+11 3.63e+08   20    0     -1        0  6.28e+05  3.01e+07  2.13e+03  0.00e+00  0.00e+00  0.00e+00  0.00e+00  0.00e+00  0.00e+00  0.00e+00  0.00e+00  0.00e+00  0.00e+00  0.00e+00  0.00e+00  0.00e+00  0.00e+00  0.00e+00  0.00e+00  0.00e+00  0.00e+00 
1.17e+11 7.25e+08 1.35e+11 8.37e+08   20    1     -1        0  7.83e+06  1.79e+07  7.49e+04  0.00e+00  0.00e+00  0.00e+00  0.00e+00  0.00e+00  0.00e+00  0.00e+00  0.00e+00  0.00e+00  0.00e+00  0.00e+00  0.00e+00  0.00e+00  0.00e+00  0.00e+00  0.00e+00  0.00e+00  0.00e+00 
1.17e+11 9.48e+08 1.35e+11 1.09e+09   20    2     -1        0  1.01e+07  1.64e+07  1.16e+05  0.00e+00  0.00e+00  0.00e+00  0.00e+00  0.00e+00  0.00e+00  0.00e+00  0.00e+00  0.00e+00  0.00e+00  0.00e+00  0.00e+00  0.00e+00  0.00e+00  0.00e+00  0.00e+00  0.00e+00  0.00e+00 
1.17e+11 1.24e+09 1.35e+11 1.43e+09   20    3     -1        0  1.27e+07  1.48e+07  1.78e+05  0.00e+00  0.00e+00  0.00e+00  0.00e+00  0.00e+00  0.00e+00  0.00e+00  0.00e+00  0.00e+00  0.00e+00  0.00e+00  0.00e+00  0.00e+00  0.00e+00  0.00e+00  0.00e+00  0.00e+00  0.00e+00 
1.17e+11 1.62e+09 1.35e+11 1.87e+09   20    4      1        2  1.57e+07  1.34e+07  2.70e+05  5.08e+30  0.00e+00  1.60e-18  4.17e+02  2.24e+04  0.00e+00  0.00e+00  0.00e+00  0.00e+00  0.00e+00  0.00e+00  0.00e+00  0.00e+00       inf      -nan  5.62e+02  0.00e+00  1.00e+00 
1.17e+11 2.12e+09 1.35e+11 2.44e+09   20    5      1        2  1.91e+07  1.20e+07  4.08e+05  3.49e+31  0.00e+00  5.10e-18  1.48e+02  2.27e+04  0.00e+00  0.00e+00  0.00e+00  0.00e+00  0.00e+00 -3.14e+19  1.88e+19 -3.27e+18       inf      -nan  1.27e+03  0.00e+00  1.60e+01 
1.17e+11 2.77e+09 1.35e+11 3.19e+09   20    6      0        0  2.28e+07  1.07e+07  6.15e+05  5.21e+31  3.00e-13  1.34e+11  8.53e+03  2.30e+04  3.65e-02  9.27e-01  4.43e-05  1.00e-20  1.00e-20 -1.35e+20  2.06e+18  2.73e+19  9.42e-05  1.07e-03  1.76e+03  0.00e+00  4.05e+02 
1.17e+11 3.62e+09 1.35e+11 4.17e+09   20    7      0        0  2.71e+07  9.48e+06  9.25e+05  6.81e+31  1.24e-13  5.75e+10  1.68e+04  2.56e+04  1.05e-03  9.99e-01  5.29e-02  1.00e-20  1.00e-20  1.08e+19 -1.79e+18 -2.71e+19  4.40e-03  7.90e-02  2.34e+03  0.00e+00  5.62e+02 
1.17e+11 4.73e+09 1.35e+11 5.45e+09   20    8      0        0  3.18e+07  8.39e+06  1.39e+06  8.90e+31  5.05e-14  2.35e+10  1.61e+04  2.62e+04  2.41e-04  9.97e-01  2.23e-01  3.44e-04  1.00e-20  1.77e+19 -2.71e+19  9.09e+18  2.04e-02  2.63e-01  3.37e+03  0.00e+00  6.86e+02 
1.17e+11 6.18e+09 1.35e+11 7.12e+09   20    9      0        0  3.71e+07  7.40e+06  2.08e+06  1.16e+32  2.04e-14  9.70e+09  1.46e+04  2.85e+04  4.90e-05  7.85e-01  6.00e-01  4.23e-03  1.00e-20 -1.29e+19 -5.27e+18 -1.21e+19  1.13e-01  1.52e+00  5.93e+03  0.00e+00  1.22e+03 
1.17e+11 8.07e+09 1.35e+11 9.31e+09   20   10      0        1  4.31e+07  6.52e+06  3.11e+06  1.52e+32  8.21e-15  4.11e+09  1.46e+04  3.85e+04  4.04e-06  1.53e-01  7.45e-01  4.35e-03  1.00e-20 -8.25e+19 -4.18e+18  2.41e+19  1.45e+00  1.92e+01  1.39e+04  0.00e+00  5.54e+03 
1.17e+11 1.05e+10 1.35e+11 1.22e+10   20   11      0        1  5.00e+07  5.74e+06  4.66e+06  1.99e+32  3.28e-15  1.66e+09  1.26e+04  4.74e+04  4.95e-07  3.82e-02  3.60e-01  2.93e-02  1.00e-20 -6.93e+19 -9.97e+18 -2.72e+19  1.19e+01  1.72e+02  3.33e+04  0.00e+00  1.81e+04 
1.17e+11 1.38e+10 1.35e+11 1.59e+10   20   12      0        0  5.77e+07  5.04e+06  6.97e+06  2.60e+32  1.30e-15  6.61e+08  6.66e+03  5.03e+04  1.64e-07  5.72e-03  5.09e-02  4.55e-01  1.00e-20 -1.11e+20  2.08e+19 -1.13e+19  5.28e+01  7.07e+02  6.72e+04  0.00e+00  4.02e+04 
1.17e+11 1.80e+10 1.35e+11 2.08e+10   20   13      0        0  6.66e+07  4.42e+06  1.04e+07  3.40e+32  5.15e-16  2.62e+08  3.35e+03  5.19e+04  6.91e-08  1.69e-04  6.46e-03  7.21e-01  1.00e-20 -2.71e+19  4.33e+19  1.27e+19  1.95e+02  2.52e+03  1.28e+05  0.00e+00  8.04e+04 
1.17e+11 2.36e+10 1.35e+11 2.72e+10   20   14      0        0  7.69e+07  3.88e+06  1.57e+07  4.44e+32  2.03e-16  1.03e+08  1.77e+03  5.35e+04  2.86e-08  2.78e-05  1.17e-03  1.63e-01  1.00e-20 -3.16e+19  4.74e+18  2.27e+19  7.03e+02  9.37e+03  2.38e+05  0.00e+00  1.56e+05 
1.17e+11 3.08e+10 1.35e+11 3.55e+10   20   15      0        0  8.89e+07  3.40e+06  2.36e+07  5.80e+32  7.96e-17  4.05e+07  9.31e+02  5.43e+04  1.20e-08  9.07e-06  3.97e-04  4.81e-02  1.00e-20 -1.06e+19  1.08e+18  9.40e+18  2.48e+03  3.40e+04  4.25e+05  0.00e+00  2.84e+05 
1.17e+11 4.02e+10 1.35e+11 4.64e+10   20   16      0        0  1.03e+08  2.98e+06  3.57e+07  7.58e+32  3.11e-17  1.58e+07  4.69e+02  5.47e+04  5.17e-09  3.58e-06  1.65e-04  1.96e-02  1.00e-20 -9.96e+19 -1.83e+19 -5.60e+19  8.56e+03  1.18e+05  7.27e+05  0.00e+00  4.90e+05 
1.17e+11 5.26e+10 1.35e+11 6.07e+10   20   17      1        2  1.21e+08  2.61e+06  5.44e+07  9.66e+32  0.00e+00  8.45e-18  2.18e+01  5.53e+04  0.00e+00  0.00e+00  0.00e+00  0.00e+00  0.00e+00 -4.18e+18  4.63e+18 -1.42e+19       inf       inf  9.67e+05  0.00e+00  6.57e+05 
1.17e+11 6.87e+10 1.35e+11 7.93e+10   20   18      1        2  1.37e+08  2.36e+06  8.07e+07  4.08e+32  0.00e+00  8.45e-18  2.18e+01  5.55e+04  0.00e+00  0.00e+00  0.00e+00  0.00e+00  0.00e+00  0.00e+00  0.00e+00  0.00e+00       inf       inf  5.17e+05  0.00e+00  3.52e+05 
1.17e+11 8.98e+10 1.35e+11 1.04e+11   20   19     -1        0  1.43e+08  2.36e+06  1.10e+08  0.00e+00  0.00e+00  0.00e+00  0.00e+00  0.00e+00  0.00e+00  0.00e+00  0.00e+00  0.00e+00  0.00e+00  0.00e+00  0.00e+00  0.00e+00  0.00e+00  0.00e+00  0.00e+00  0.00e+00  0.00e+00 
1.17e+11 1.17e+11 1.35e+11 1.35e+11   20   20     -1        0  1.50e+08  2.36e+06  1.51e+08  0.00e+00  0.00e+00  0.00e+00  0.00e+00  0.00e+00  0.00e+00  0.00e+00  0.00e+00  0.00e+00  0.00e+00  0.00e+00  0.00e+00  0.00e+00  0.00e+00  0.00e+00  0.00e+00  0.00e+00  0.00e+00 
1.17e+11 1.53e+11 1.35e+11 1.77e+11   20   21     -1        0  1.57e+08  2.36e+06  2.06e+08  0.00e+00  0.00e+00  0.00e+00  0.00e+00  0.00e+00  0.00e+00  0.00e+00  0.00e+00  0.00e+00  0.00e+00  0.00e+00  0.00e+00  0.00e+00  0.00e+00  0.00e+00  0.00e+00  0.00e+00  0.00e+00 
1.17e+11 2.01e+11 1.35e+11 2.31e+11   20   22     -1        0  1.62e+08  2.36e+06  2.76e+08  0.00e+00  0.00e+00  0.00e+00  0.00e+00  0.00e+00  0.00e+00  0.00e+00  0.00e+00  0.00e+00  0.00e+00  0.00e+00  0.00e+00  0.00e+00  0.00e+00  0.00e+00  0.00e+00  0.00e+00  0.00e+00 
1.17e+11 2.62e+11 1.35e+11 3.02e+11   20   23     -1        0  1.61e+08  2.36e+06  3.60e+08  0.00e+00  0.00e+00  0.00e+00  0.00e+00  0.00e+00  0.00e+00  0.00e+00  0.00e+00  0.00e+00  0.00e+00  0.00e+00  0.00e+00  0.00e+00  0.00e+00  0.00e+00  0.00e+00  0.00e+00  0.00e+00 
1.17e+11 3.43e+11 1.35e+11 3.95e+11   20   24     -1        0  1.55e+08  2.36e+06  4.51e+08  0.00e+00  0.00e+00  0.00e+00  0.00e+00  0.00e+00  0.00e+00  0.00e+00  0.00e+00  0.00e+00  0.00e+00  0.00e+00  0.00e+00  0.00e+00  0.00e+00  0.00e+00  0.00e+00  0.00e+00  0.00e+00 
1.17e+11 4.48e+11 1.35e+11 5.17e+11   20   25     -1        0  1.43e+08  2.36e+06  5.45e+08  0.00e+00  0.00e+00  0.00e+00  0.00e+00  0.00e+00  0.00e+00  0.00e+00  0.00e+00  0.00e+00  0.00e+00  0.00e+00  0.00e+00  0.00e+00  0.00e+00  0.00e+00  0.00e+00  0.00e+00  0.00e+00 
1.17e+11 5.85e+11 1.35e+11 6.75e+11   20   26     -1        0  1.27e+08  2.36e+06  6.34e+08  0.00e+00  0.00e+00  0.00e+00  0.00e+00  0.00e+00  0.00e+00  0.00e+00  0.00e+00  0.00e+00  0.00e+00  0.00e+00  0.00e+00  0.00e+00  0.00e+00  0.00e+00  0.00e+00  0.00e+00  0.00e+00 
1.17e+11 7.65e+11 1.35e+11 8.83e+11   20   27     -1        0  1.10e+08  2.36e+06  7.16e+08  0.00e+00  0.00e+00  0.00e+00  0.00e+00  0.00e+00  0.00e+00  0.00e+00  0.00e+00  0.00e+00  0.00e+00  0.00e+00  0.00e+00  0.00e+00  0.00e+00  0.00e+00  0.00e+00  0.00e+00  0.00e+00 
1.17e+11 1.00e+12 1.35e+11 1.15e+12   20   28     -1        0  9.23e+07  2.36e+06  7.86e+08  0.00e+00  0.00e+00  0.00e+00  0.00e+00  0.00e+00  0.00e+00  0.00e+00  0.00e+00  0.00e+00  0.00e+00  0.00e+00  0.00e+00  0.00e+00  0.00e+00  0.00e+00  0.00e+00  0.00e+00  0.00e+00 
1.17e+11 1.31e+12 1.35e+11 1.51e+12   20   29     -1        0  7.60e+07  2.36e+06  8.46e+08  0.00e+00  0.00e+00  0.00e+00  0.00e+00  0.00e+00  0.00e+00  0.00e+00  0.00e+00  0.00e+00  0.00e+00  0.00e+00  0.00e+00  0.00e+00  0.00e+00  0.00e+00  0.00e+00  0.00e+00  0.00e+00 
1.53e+11 0.00e+00 1.77e+11 3.63e+08   21    0     -1        0  5.68e+05  2.63e+07  1.48e+03  0.00e+00  0.00e+00  0.00e+00  0.00e+00  0.00e+00  0.00e+00  0.00e+00  0.00e+00  0.00e+00  0.00e+00  0.00e+00  0.00e+00  0.00e+00  0.00e+00  0.00e+00  0.00e+00  0.00e+00  0.00e+00 
1.53e+11 7.25e+08 1.77e+11 8.37e+08   21    1     -1        0  1.13e+07  1.57e+07  8.27e+04  0.00e+00  0.00e+00  0.00e+00  0.00e+00  0.00e+00  0.00e+00  0.00e+00  0.00e+00  0.00e+00  0.00e+00  0.00e+00  0.00e+00  0.00e+00  0.00e+00  0.00e+00  0.00e+00  0.00e+00  0.00e+00 
1.53e+11 9.48e+08 1.77e+11 1.09e+09   21    2     -1        0  1.44e+07  1.43e+07  1.26e+05  0.00e+00  0.00e+00  0.00e+00  0.00e+00  0.00e+00  0.00e+00  0.00e+00  0.00e+00  0.00e+00  0.00e+00  0.00e+00  0.00e+00  0.00e+00  0.00e+00  0.00e+00  0.00e+00  0.00e+00  0.00e+00 
1.53e+11 1.24e+09 1.77e+11 1.43e+09   21    3     -1        0  1.78e+07  1.30e+07  1.90e+05  0.00e+00  0.00e+00  0.00e+00  0.00e+00  0.00e+00  0.00e+00  0.00e+00  0.00e+00  0.00e+00  0.00e+00  0.00e+00  0.00e+00  0.00e+00  0.00e+00  0.00e+00  0.00e+00  0.00e+00  0.00e+00 
1.53e+11 1.62e+09 1.77e+11 1.87e+09   21    4     -1        0  2.17e+07  1.17e+07  2.86e+05  0.00e+00  0.00e+00  0.00e+00  0.00e+00  0.00e+00  0.00e+00  0.00e+00  0.00e+00  0.00e+00  0.00e+00  0.00e+00  0.00e+00  0.00e+00  0.00e+00  0.00e+00  0.00e+00  0.00e+00  0.00e+00 
1.53e+11 2.12e+09 1.77e+11 2.44e+09   21    5      1        2  2.61e+07  1.05e+07  4.28e+05  6.07e+30  0.00e+00  5.10e-18  1.05e+02  2.29e+04  0.00e+00  0.00e+00  0.00e+00  0.00e+00  0.00e+00  0.00e+00  0.00e+00  0.00e+00       inf       inf  4.71e+02  0.00e+00  1.28e+02 
1.53e+11 2.77e+09 1.77e+11 3.19e+09   21    6      1        2  3.10e+07  9.34e+06  6.39e+05  7.05e+31  0.00e+00  5.10e-18  2.06e+02  2.45e+04  0.00e+00  0.00e+00  0.00e+00  0.00e+00  0.00e+00 -7.88e+18  7.30e+18 -1.72e+19       inf       inf  1.27e+03  0.00e+00  3.91e+02 
1.53e+11 3.62e+09 1.77e+11 4.17e+09   21    7      0        0  3.65e+07  8.29e+06  9.55e+05  1.16e+32  1.25e-13  5.78e+10  1.60e+04  2.58e+04  2.20e-03  9.97e-01  5.82e-02  1.00e-20  1.00e-20 -6.58e+19 -1.74e+19  8.08e+19  2.24e-03  2.54e-02  1.78e+03  0.00e+00  6.53e+02 
1.53e+11 4.73e+09 1.77e+11 5.45e+09   21    8      0        0  4.27e+07  7.34e+06  1.42e+06  1.52e+32  5.11e-14  2.38e+10  1.63e+04  2.70e+04  5.49e-04  9.95e-01  1.03e-01  2.91e-05  1.00e-20  1.37e+19 -1.32e+19 -1.36e+18  9.12e-03  1.62e-01  2.20e+03  0.00e+00  6.63e+02 
1.53e+11 6.18e+09 1.77e+11 7.12e+09   21    9      0        0  4.96e+07  6.48e+06  2.13e+06  1.99e+32  2.07e-14  9.74e+09  1.51e+04  2.72e+04  1.53e-04  8.91e-01  2.97e-01  2.51e-04  1.00e-20 -3.80e+19 -2.44e+19 -1.01e+19  3.41e-02  3.29e-01  3.17e+03  0.00e+00  7.66e+02 
1.53e+11 8.07e+09 1.77e+11 9.31e+09   21   10      0        0  5.75e+07  5.71e+06  3.17e+06  2.60e+32  8.35e-15  4.06e+09  1.41e+04  2.85e+04  3.31e-05  4.98e-01  6.35e-01  8.98e-03  1.00e-20 -1.04e+20  5.98e+18 -3.35e+19  1.68e-01  2.22e+00  5.64e+03  0.00e+00  1.26e+03 
1.53e+11 1.05e+10 1.77e+11 1.22e+10   21   11      0        1  6.63e+07  5.02e+06  4.73e+06  3.40e+32  3.34e-15  1.67e+09  1.27e+04  3.84e+04  3.01e-06  1.63e-01  7.96e-01  2.43e-03  1.00e-20 -1.48e+19  1.89e+19  2.60e+18  2.10e+00  2.99e+01  1.36e+04  0.00e+00  5.52e+03 
1.53e+11 1.38e+10 1.77e+11 1.59e+10   21   12      0        0  7.64e+07  4.41e+06  7.07e+06  4.44e+32  1.33e-15  6.74e+08  7.71e+03  4.73e+04  4.89e-07  3.46e-02  3.53e-01  3.83e-02  1.00e-20 -5.81e+19  2.47e+18  2.47e+18  1.69e+01  2.17e+02  3.29e+04  0.00e+00  1.80e+04 
1.53e+11 1.80e+10 1.77e+11 2.08e+10   21   13      0        0  8.79e+07  3.87e+06  1.06e+07  5.80e+32  5.28e-16  2.68e+08  3.75e+03  5.02e+04  1.67e-07  5.46e-03  5.45e-02  5.41e-01  1.00e-20 -1.12e+20 -4.76e+18 -4.38e+19  7.54e+01  1.03e+03  6.65e+04  0.00e+00  3.99e+04 
1.53e+11 2.36e+10 1.77e+11 2.72e+10   21   14      0        0  1.01e+08  3.39e+06  1.58e+07  7.58e+32  2.09e-16  1.06e+08  1.91e+03  5.19e+04  6.81e-08  1.60e-04  6.65e-03  7.34e-01  1.00e-20 -2.76e+19  1.25e+19  6.11e+18  2.79e+02  3.87e+03  1.27e+05  0.00e+00  8.00e+04 
1.53e+11 3.08e+10 1.77e+11 3.55e+10   21   15      0        0  1.16e+08  2.97e+06  2.36e+07  9.91e+32  8.24e-17  4.18e+07  9.90e+02  5.34e+04  2.81e-08  2.67e-05  1.20e-03  1.66e-01  1.00e-20 -5.63e+19  7.85e+18 -3.12e+19  1.01e+03  1.37e+04  2.37e+05  0.00e+00  1.55e+05 
1.53e+11 4.02e+10 1.77e+11 4.64e+10   21   16      0        0  1.34e+08  2.61e+06  3.54e+07  1.30e+33  3.24e-17  1.64e+07  5.10e+02  5.43e+04  1.18e-08  8.73e-06  4.04e-04  4.89e-02  1.00e-20 -8.56e+19  1.02e+19 -3.71e+19  3.54e+03  4.95e+04  4.24e+05  0.00e+00  2.83e+05 
1.53e+11 5.26e+10 1.77e+11 6.07e+10   21   17      0        0  1.54e+08  2.28e+06  5.33e+07  1.69e+33  1.27e-17  6.44e+06  2.51e+02  5.47e+04  5.11e-09  3.50e-06  1.70e-04  2.02e-02  1.00e-20 -3.22e+19  1.80e+19 -2.02e+18  1.22e+04  1.70e+05  7.26e+05  0.00e+00  4.89e+05 
1.53e+11 6.87e+10 1.77e+11 7.93e+10   21   18      1        2  1.79e+08  2.00e+06  8.06e+07  2.16e+33  0.00e+00  8.45e-18  2.18e+01  5.52e+04  0.00e+00  0.00e+00  0.00e+00  0.00e+00  0.00e+00 -1.73e+19 -2.43e+18 -2.76e+19       inf       inf  9.69e+05  0.00e+00  6.58e+05 
1.53e+11 8.98e+10 1.77e+11 1.04e+11   21   19      1        2  2.01e+08  1.81e+06  1.18e+08  9.21e+32  0.00e+00  8.24e-18  2.18e+01  5.54e+04  0.00e+00  0.00e+00  0.00e+00  0.00e+00  0.00e+00  0.00e+00  0.00e+00  0.00e+00       inf       inf  5.19e+05  0.00e+00  3.53e+05 
1.53e+11 1.17e+11 1.77e+11 1.35e+11   21   20     -1        0  2.05e+08  1.81e+06  1.58e+08  0.00e+00  0.00e+00  0.00e+00  0.00e+00  0.00e+00  0.00e+00  0.00e+00  0.00e+00  0.00e+00  0.00e+00  0.00e+00  0.00e+00  0.00e+00  0.00e+00  0.00e+00  0.00e+00  0.00e+00  0.00e+00 
1.53e+11 1.53e+11 1.77e+11 1.77e+11   21   21     -1        0  2.10e+08  1.81e+06  2.10e+08  0.00e+00  0.00e+00  0.00e+00  0.00e+00  0.00e+00  0.00e+00  0.00e+00  0.00e+00  0.00e+00  0.00e+00  0.00e+00  0.00e+00  0.00e+00  0.00e+00  0.00e+00  0.00e+00  0.00e+00  0.00e+00 
1.53e+11 2.01e+11 1.77e+11 2.31e+11   21   22     -1        0  2.12e+08  1.81e+06  2.77e+08  0.00e+00  0.00e+00  0.00e+00  0.00e+00  0.00e+00  0.00e+00  0.00e+00  0.00e+00  0.00e+00  0.00e+00  0.00e+00  0.00e+00  0.00e+00  0.00e+00  0.00e+00  0.00e+00  0.00e+00  0.00e+00 
1.53e+11 2.62e+11 1.77e+11 3.02e+11   21   23     -1        0  2.09e+08  1.81e+06  3.58e+08  0.00e+00  0.00e+00  0.00e+00  0.00e+00  0.00e+00  0.00e+00  0.00e+00  0.00e+00  0.00e+00  0.00e+00  0.00e+00  0.00e+00  0.00e+00  0.00e+00  0.00e+00  0.00e+00  0.00e+00  0.00e+00 
1.53e+11 3.43e+11 1.77e+11 3.95e+11   21   24     -1        0  2.00e+08  1.81e+06  4.47e+08  0.00e+00  0.00e+00  0.00e+00  0.00e+00  0.00e+00  0.00e+00  0.00e+00  0.00e+00  0.00e+00  0.00e+00  0.00e+00  0.00e+00  0.00e+00  0.00e+00  0.00e+00  0.00e+00  0.00e+00  0.00e+00 
1.53e+11 4.48e+11 1.77e+11 5.17e+11   21   25     -1        0  1.85e+08  1.81e+06  5.40e+08  0.00e+00  0.00e+00  0.00e+00  0.00e+00  0.00e+00  0.00e+00  0.00e+00  0.00e+00  0.00e+00  0.00e+00  0.00e+00  0.00e+00  0.00e+00  0.00e+00  0.00e+00  0.00e+00  0.00e+00  0.00e+00 
1.53e+11 5.85e+11 1.77e+11 6.75e+11   21   26     -1        0  1.65e+08  1.81e+06  6.30e+08  0.00e+00  0.00e+00  0.00e+00  0.00e+00  0.00e+00  0.00e+00  0.00e+00  0.00e+00  0.00e+00  0.00e+00  0.00e+00  0.00e+00  0.00e+00  0.00e+00  0.00e+00  0.00e+00  0.00e+00  0.00e+00 
1.53e+11 7.65e+11 1.77e+11 8.83e+11   21   27     -1        0  1.43e+08  1.81e+06  7.12e+08  0.00e+00  0.00e+00  0.00e+00  0.00e+00  0.00e+00  0.00e+00  0.00e+00  0.00e+00  0.00e+00  0.00e+00  0.00e+00  0.00e+00  0.00e+00  0.00e+00  0.00e+00  0.00e+00  0.00e+00  0.00e+00 
1.53e+11 1.00e+12 1.77e+11 1.15e+12   21   28     -1        0  1.20e+08  1.81e+06  7.84e+08  0.00e+00  0.00e+00  0.00e+00  0.00e+00  0.00e+00  0.00e+00  0.00e+00  0.00e+00  0.00e+00  0.00e+00  0.00e+00  0.00e+00  0.00e+00  0.00e+00  0.00e+00  0.00e+00  0.00e+00  0.00e+00 
1.53e+11 1.31e+12 1.77e+11 1.51e+12   21   29     -1        0  9.92e+07  1.81e+06  8.45e+08  0.00e+00  0.00e+00  0.00e+00  0.00e+00  0.00e+00  0.00e+00  0.00e+00  0.00e+00  0.00e+00  0.00e+00  0.00e+00  0.00e+00  0.00e+00  0.00e+00  0.00e+00  0.00e+00  0.00e+00  0.00e+00 
2.01e+11 0.00e+00 2.31e+11 3.63e+08   22    0     -1        0  5.15e+05  2.30e+07  1.02e+03  0.00e+00  0.00e+00  0.00e+00  0.00e+00  0.00e+00  0.00e+00  0.00e+00  0.00e+00  0.00e+00  0.00e+00  0.00e+00  0.00e+00  0.00e+00  0.00e+00  0.00e+00  0.00e+00  0.00e+00  0.00e+00 
2.01e+11 7.25e+08 2.31e+11 8.37e+08   22    1     -1        0  1.54e+07  1.37e+07  8.63e+04  0.00e+00  0.00e+00  0.00e+00  0.00e+00  0.00e+00  0.00e+00  0.00e+00  0.00e+00  0.00e+00  0.00e+00  0.00e+00  0.00e+00  0.00e+00  0.00e+00  0.00e+00  0.00e+00  0.00e+00  0.00e+00 
2.01e+11 9.48e+08 2.31e+11 1.09e+09   22    2     -1        0  1.92e+07  1.25e+07  1.29e+05  0.00e+00  0.00e+00  0.00e+00  0.00e+00  0.00e+00  0.00e+00  0.00e+00  0.00e+00  0.00e+00  0.00e+00  0.00e+00  0.00e+00  0.00e+00  0.00e+00  0.00e+00  0.00e+00  0.00e+00  0.00e+00 
2.01e+11 1.24e+09 2.31e+11 1.43e+09   22    3     -1        0  2.34e+07  1.14e+07  1.91e+05  0.00e+00  0.00e+00  0.00e+00  0.00e+00  0.00e+00  0.00e+00  0.00e+00  0.00e+00  0.00e+00  0.00e+00  0.00e+00  0.00e+00  0.00e+00  0.00e+00  0.00e+00  0.00e+00  0.00e+00  0.00e+00 
2.01e+11 1.62e+09 2.31e+11 1.87e+09   22    4     -1        0  2.82e+07  1.02e+07  2.84e+05  0.00e+00  0.00e+00  0.00e+00  0.00e+00  0.00e+00  0.00e+00  0.00e+00  0.00e+00  0.00e+00  0.00e+00  0.00e+00  0.00e+00  0.00e+00  0.00e+00  0.00e+00  0.00e+00  0.00e+00  0.00e+00 
2.01e+11 2.12e+09 2.31e+11 2.44e+09   22    5     -1        0  3.35e+07  9.16e+06  4.20e+05  0.00e+00  0.00e+00  0.00e+00  0.00e+00  0.00e+00  0.00e+00  0.00e+00  0.00e+00  0.00e+00  0.00e+00  0.00e+00  0.00e+00  0.00e+00  0.00e+00  0.00e+00  0.00e+00  0.00e+00  0.00e+00 
2.01e+11 2.77e+09 2.31e+11 3.19e+09   22    6      1        1  3.95e+07  8.17e+06  6.23e+05  7.12e+30  0.00e+00  4.45e-18  8.90e+01  2.45e+04  0.00e+00  0.00e+00  0.00e+00  0.00e+00  0.00e+00  0.00e+00  0.00e+00  0.00e+00       inf       inf  3.01e+02  0.00e+00  1.06e+02 
2.01e+11 3.62e+09 2.31e+11 4.17e+09   22    7      1        2  4.61e+07  7.25e+06  9.23e+05  1.42e+32  0.00e+00  5.10e-18  9.26e+01  2.55e+04  0.00e+00  0.00e+00  0.00e+00  0.00e+00  0.00e+00  0.00e+00  0.00e+00  0.00e+00       inf       inf  1.00e+03  0.00e+00  3.72e+02 
2.01e+11 4.73e+09 2.31e+11 5.45e+09   22    8      0        0  5.37e+07  6.42e+06  1.37e+06  2.60e+32  5.50e-14  2.56e+10  1.58e+04  2.67e+04  1.24e-03  9.98e-01  5.10e-02  1.00e-20  1.00e-20 -3.78e+19 -7.73e+18  6.77e+18  3.93e-03  3.71e-02  1.53e+03  0.00e+00  5.92e+02 
2.01e+11 6.18e+09 2.31e+11 7.12e+09   22    9      0        1  6.21e+07  5.67e+06  2.04e+06  3.40e+32  2.24e-14  1.05e+10  1.55e+04  2.74e+04  3.74e-04  8.91e-01  1.93e-01  1.00e-20  1.00e-20  1.16e+19  1.29e+19 -4.72e+19  1.33e-02  1.10e-01  1.94e+03  0.00e+00  6.20e+02 
2.01e+11 8.07e+09 2.31e+11 9.31e+09   22   10      0        0  7.17e+07  4.99e+06  3.03e+06  4.44e+32  9.05e-15  4.29e+09  1.43e+04  2.68e+04  1.30e-04  7.82e-01  3.15e-01  8.96e-04  1.00e-20 -7.83e+18 -4.64e+17 -5.83e+18  4.43e-02  7.66e-01  2.90e+03  0.00e+00  6.92e+02 
2.01e+11 1.05e+10 2.31e+11 1.22e+10   22   11      0        0  8.26e+07  4.39e+06  4.51e+06  5.80e+32  3.63e-15  1.79e+09  1.24e+04  2.86e+04  2.45e-05  3.65e-01  6.50e-01  4.60e-03  1.00e-20 -2.42e+19 -2.55e+19  2.20e+19  2.42e-01  1.64e+00  5.41e+03  0.00e+00  1.24e+03 
2.01e+11 1.38e+10 2.31e+11 1.59e+10   22   12      0        0  9.50e+07  3.86e+06  6.72e+06  7.58e+32  1.45e-15  7.27e+08  9.44e+03  3.84e+04  2.76e-06  1.29e-01  6.83e-01  1.73e-02  1.00e-20 -2.42e+19  1.53e+19 -4.32e+17  2.82e+00  3.26e+01  1.33e+04  0.00e+00  5.44e+03 
2.01e+11 1.80e+10 2.31e+11 2.08e+10   22   13      0        1  1.09e+08  3.38e+06  1.00e+07  9.91e+32  5.76e-16  2.91e+08  4.83e+03  4.72e+04  4.94e-07  3.51e-02  3.86e-01  4.28e-02  1.00e-20 -6.62e+19 -7.41e+18 -1.58e+19  2.27e+01  3.14e+02  3.24e+04  0.00e+00  1.77e+04 
2.01e+11 2.36e+10 2.31e+11 2.72e+10   22   14      0        0  1.25e+08  2.97e+06  1.49e+07  1.30e+33  2.28e-16  1.16e+08  2.24e+03  5.01e+04  1.73e-07  5.20e-03  6.04e-02  5.82e-01  1.00e-20 -2.94e+19 -2.76e+18  1.19e+19  1.01e+02  1.34e+03  6.58e+04  0.00e+00  3.95e+04 
2.01e+11 3.08e+10 2.31e+11 3.55e+10   22   15      0        0  1.43e+08  2.60e+06  2.23e+07  1.69e+33  9.01e-17  4.58e+07  1.15e+03  5.18e+04  6.87e-08  1.58e-04  6.91e-03  7.43e-01  1.00e-20 -5.55e+19 -1.54e+19  2.48e+19  3.76e+02  5.21e+03  1.26e+05  0.00e+00  7.97e+04 
2.01e+11 4.02e+10 2.31e+11 4.64e+10   22   16      0        0  1.64e+08  2.28e+06  3.33e+07  2.21e+33  3.55e-17  1.81e+07  5.90e+02  5.33e+04  2.82e-08  2.61e-05  1.23e-03  1.73e-01  1.00e-20 -5.36e+19  1.47e+19 -2.84e+19  1.36e+03  1.86e+04  2.36e+05  0.00e+00  1.54e+05 
2.01e+11 5.26e+10 2.31e+11 6.07e+10   22   17      0        0  1.89e+08  2.00e+06  4.98e+07  2.89e+33  1.40e-17  7.11e+06  2.90e+02  5.42e+04  1.20e-08  8.76e-06  4.26e-04  5.13e-02  1.00e-20 -5.38e+19  8.76e+18 -5.71e+18  4.76e+03  6.50e+04  4.23e+05  0.00e+00  2.82e+05 
2.01e+11 6.87e+10 2.31e+11 7.93e+10   22   18      0        0  2.16e+08  1.75e+06  7.46e+07  3.78e+33  5.50e-18  2.80e+06  1.37e+02  5.46e+04  5.26e-09  3.58e-06  1.81e-04  2.16e-02  1.00e-20 -3.32e+19 -2.23e+19 -3.68e+19  1.63e+04  2.25e+05  7.25e+05  0.00e+00  4.88e+05 
2.01e+11 8.98e+10 2.31e+11 1.04e+11   22   19      1        2  2.48e+08  1.53e+06  1.12e+08  4.82e+33  0.00e+00  8.24e-18  2.18e+01  5.51e+04  0.00e+00  0.00e+00  0.00e+00  0.00e+00  0.00e+00 -2.38e+19 -5.27e+18 -3.71e+18       inf       inf  9.71e+05  0.00e+00  6.59e+05 
2.01e+11 1.17e+11 2.31e+11 1.35e+11   22   20      1        2  2.76e+08  1.38e+06  1.62e+08  2.07e+33  0.00e+00  8.24e-18  2.18e+01  5.53e+04  0.00e+00  0.00e+00  0.00e+00  0.00e+00  0.00e+00  0.00e+00  0.00e+00  0.00e+00       inf       inf  5.20e+05  0.00e+00  3.54e+05 
2.01e+11 1.53e+11 2.31e+11 1.77e+11   22   21     -1        0  2.76e+08  1.38e+06  2.12e+08  0.00e+00  0.00e+00  0.00e+00  0.00e+00  0.00e+00  0.00e+00  0.00e+00  0.00e+00  0.00e+00  0.00e+00  0.00e+00  0.00e+00  0.00e+00  0.00e+00  0.00e+00  0.00e+00  0.00e+00  0.00e+00 
2.01e+11 2.01e+11 2.31e+11 2.31e+11   22   22     -1        0  2.75e+08  1.38e+06  2.76e+08  0.00e+00  0.00e+00  0.00e+00  0.00e+00  0.00e+00  0.00e+00  0.00e+00  0.00e+00  0.00e+00  0.00e+00  0.00e+00  0.00e+00  0.00e+00  0.00e+00  0.00e+00  0.00e+00  0.00e+00  0.00e+00 
2.01e+11 2.62e+11 2.31e+11 3.02e+11   22   23     -1        0  2.69e+08  1.38e+06  3.53e+08  0.00e+00  0.00e+00  0.00e+00  0.00e+00  0.00e+00  0.00e+00  0.00e+00  0.00e+00  0.00e+00  0.00e+00  0.00e+00  0.00e+00  0.00e+00  0.00e+00  0.00e+00  0.00e+00  0.00e+00  0.00e+00 
2.01e+11 3.43e+11 2.31e+11 3.95e+11   22   24     -1        0  2.57e+08  1.38e+06  4.40e+08  0.00e+00  0.00e+00  0.00e+00  0.00e+00  0.00e+00  0.00e+00  0.00e+00  0.00e+00  0.00e+00  0.00e+00  0.00e+00  0.00e+00  0.00e+00  0.00e+00  0.00e+00  0.00e+00  0.00e+00  0.00e+00 
2.01e+11 4.48e+11 2.31e+11 5.17e+11   22   25     -1        0  2.38e+08  1.38e+06  5.32e+08  0.00e+00  0.00e+00  0.00e+00  0.00e+00  0.00e+00  0.00e+00  0.00e+00  0.00e+00  0.00e+00  0.00e+00  0.00e+00  0.00e+00  0.00e+00  0.00e+00  0.00e+00  0.00e+00  0.00e+00  0.00e+00 
2.01e+11 5.85e+11 2.31e+11 6.75e+11   22   26     -1        0  2.13e+08  1.38e+06  6.23e+08  0.00e+00  0.00e+00  0.00e+00  0.00e+00  0.00e+00  0.00e+00  0.00e+00  0.00e+00  0.00e+00  0.00e+00  0.00e+00  0.00e+00  0.00e+00  0.00e+00  0.00e+00  0.00e+00  0.00e+00  0.00e+00 
2.01e+11 7.65e+11 2.31e+11 8.83e+11   22   27     -1        0  1.85e+08  1.38e+06  7.06e+08  0.00e+00  0.00e+00  0.00e+00  0.00e+00  0.00e+00  0.00e+00  0.00e+00  0.00e+00  0.00e+00  0.00e+00  0.00e+00  0.00e+00  0.00e+00  0.00e+00  0.00e+00  0.00e+00  0.00e+00  0.00e+00 
2.01e+11 1.00e+12 2.31e+11 1.15e+12   22   28     -1        0  1.56e+08  1.38e+06  7.79e+08  0.00e+00  0.00e+00  0.00e+00  0.00e+00  0.00e+00  0.00e+00  0.00e+00  0.00e+00  0.00e+00  0.00e+00  0.00e+00  0.00e+00  0.00e+00  0.00e+00  0.00e+00  0.00e+00  0.00e+00  0.00e+00 
2.01e+11 1.31e+12 2.31e+11 1.51e+12   22   29     -1        0  1.29e+08  1.38e+06  8.42e+08  0.00e+00  0.00e+00  0.00e+00  0.00e+00  0.00e+00  0.00e+00  0.00e+00  0.00e+00  0.00e+00  0.00e+00  0.00e+00  0.00e+00  0.00e+00  0.00e+00  0.00e+00  0.00e+00  0.00e+00  0.00e+00 
2.62e+11 0.00e+00 3.02e+11 3.63e+08   23    0     -1        0  4.66e+05  2.01e+07  7.09e+02  0.00e+00  0.00e+00  0.00e+00  0.00e+00  0.00e+00  0.00e+00  0.00e+00  0.00e+00  0.00e+00  0.00e+00  0.00e+00  0.00e+00  0.00e+00  0.00e+00  0.00e+00  0.00e+00  0.00e+00  0.00e+00 
2.62e+11 7.25e+08 3.02e+11 8.37e+08   23    1     -1        0  1.97e+07  1.20e+07  8.46e+04  0.00e+00  0.00e+00  0.00e+00  0.00e+00  0.00e+00  0.00e+00  0.00e+00  0.00e+00  0.00e+00  0.00e+00  0.00e+00  0.00e+00  0.00e+00  0.00e+00  0.00e+00  0.00e+00  0.00e+00  0.00e+00 
2.62e+11 9.48e+08 3.02e+11 1.09e+09   23    2     -1        0  2.41e+07  1.09e+07  1.24e+05  0.00e+00  0.00e+00  0.00e+00  0.00e+00  0.00e+00  0.00e+00  0.00e+00  0.00e+00  0.00e+00  0.00e+00  0.00e+00  0.00e+00  0.00e+00  0.00e+00  0.00e+00  0.00e+00  0.00e+00  0.00e+00 
2.62e+11 1.24e+09 3.02e+11 1.43e+09   23    3     -1        0  2.90e+07  9.93e+06  1.81e+05  0.00e+00  0.00e+00  0.00e+00  0.00e+00  0.00e+00  0.00e+00  0.00e+00  0.00e+00  0.00e+00  0.00e+00  0.00e+00  0.00e+00  0.00e+00  0.00e+00  0.00e+00  0.00e+00  0.00e+00  0.00e+00 
2.62e+11 1.62e+09 3.02e+11 1.87e+09   23    4     -1        0  3.44e+07  8.94e+06  2.65e+05  0.00e+00  0.00e+00  0.00e+00  0.00e+00  0.00e+00  0.00e+00  0.00e+00  0.00e+00  0.00e+00  0.00e+00  0.00e+00  0.00e+00  0.00e+00  0.00e+00  0.00e+00  0.00e+00  0.00e+00  0.00e+00 
2.62e+11 2.12e+09 3.02e+11 2.44e+09   23    5     -1        0  4.04e+07  8.01e+06  3.88e+05  0.00e+00  0.00e+00  0.00e+00  0.00e+00  0.00e+00  0.00e+00  0.00e+00  0.00e+00  0.00e+00  0.00e+00  0.00e+00  0.00e+00  0.00e+00  0.00e+00  0.00e+00  0.00e+00  0.00e+00  0.00e+00 
2.62e+11 2.77e+09 3.02e+11 3.19e+09   23    6     -1        0  4.72e+07  7.14e+06  5.70e+05  0.00e+00  0.00e+00  0.00e+00  0.00e+00  0.00e+00  0.00e+00  0.00e+00  0.00e+00  0.00e+00  0.00e+00  0.00e+00  0.00e+00  0.00e+00  0.00e+00  0.00e+00  0.00e+00  0.00e+00  0.00e+00 
2.62e+11 3.62e+09 3.02e+11 4.17e+09   23    7      1        2  5.49e+07  6.34e+06  8.40e+05  8.14e+30  0.00e+00  5.10e-18  9.57e+01  2.54e+04  0.00e+00  0.00e+00  0.00e+00  0.00e+00  0.00e+00  0.00e+00  0.00e+00  0.00e+00       inf       inf  2.05e+02  0.00e+00  9.60e+01 
2.62e+11 4.73e+09 3.02e+11 5.45e+09   23    8      1        2  6.35e+07  5.61e+06  1.24e+06  2.87e+32  0.00e+00  5.10e-18  7.79e+01  2.65e+04  0.00e+00  0.00e+00  0.00e+00  0.00e+00  0.00e+00  5.68e+18 -6.35e+18 -6.62e+18       inf       inf  8.39e+02  0.00e+00  3.48e+02 
2.62e+11 6.18e+09 3.02e+11 7.12e+09   23    9      0        0  7.32e+07  4.96e+06  1.84e+06  5.80e+32  2.56e-14  1.19e+10  1.57e+04  2.67e+04  9.06e-04  9.99e-01  1.14e-01  1.00e-20  1.00e-20  4.26e+18 -9.31e+18  4.94e+18  5.60e-03  3.46e-02  1.34e+03  0.00e+00  5.10e+02 
2.62e+11 8.07e+09 3.02e+11 9.31e+09   23   10      0        1  8.43e+07  4.37e+06  2.72e+06  7.58e+32  1.04e-14  4.84e+09  1.44e+04  2.71e+04  3.39e-04  9.91e-01  1.71e-01  2.21e-04  1.00e-20  5.46e+18  3.73e+18 -1.67e+19  1.66e-02  7.63e-02  1.72e+03  0.00e+00  5.19e+02 
2.62e+11 1.05e+10 3.02e+11 1.22e+10   23   11      0        0  9.68e+07  3.84e+06  4.04e+06  9.91e+32  4.17e-15  1.95e+09  1.29e+04  2.73e+04  8.49e-05  9.42e-01  3.73e-01  9.39e-04  1.00e-20 -7.36e+18  1.96e+19 -5.97e+18  6.79e-02  4.49e-01  2.70e+03  0.00e+00  6.23e+02 
2.62e+11 1.38e+10 3.02e+11 1.59e+10   23   12      0        0  1.11e+08  3.37e+06  6.01e+06  1.30e+33  1.67e-15  7.98e+08  9.36e+03  2.85e+04  2.23e-05  6.93e-01  6.35e-01  6.30e-03  1.00e-20 -3.57e+19  6.78e+18 -7.84e+18  3.16e-01  5.16e+00  5.20e+03  0.00e+00  1.17e+03 
2.62e+11 1.80e+10 3.02e+11 2.08e+10   23   13      0        0  1.27e+08  2.96e+06  8.95e+06  1.69e+33  6.64e-16  3.33e+08  6.24e+03  3.83e+04  2.84e-06  1.31e-01  6.65e-01  2.47e-02  1.00e-20 -3.87e+19 -5.50e+17 -4.82e+18  3.61e+00  5.87e+01  1.31e+04  0.00e+00  5.34e+03 
2.62e+11 2.36e+10 3.02e+11 2.72e+10   23   14      0        0  1.46e+08  2.60e+06  1.33e+07  2.21e+33  2.63e-16  1.33e+08  2.78e+03  4.71e+04  5.60e-07  4.14e-02  4.20e-01  5.51e-02  1.00e-20 -5.08e+19  1.03e+18 -2.53e+19  2.86e+01  3.93e+02  3.20e+04  0.00e+00  1.75e+04 
2.62e+11 3.08e+10 3.02e+11 3.55e+10   23   15      0        0  1.67e+08  2.28e+06  1.99e+07  2.89e+33  1.04e-16  5.28e+07  1.49e+03  5.01e+04  1.74e-07  4.61e-03  6.10e-02  6.06e-01  1.00e-20 -5.18e+19 -2.13e+19 -1.21e+19  1.28e+02  1.68e+03  6.54e+04  0.00e+00  3.92e+04 
2.62e+11 4.02e+10 3.02e+11 4.64e+10   23   16      0        0  1.91e+08  1.99e+06  2.96e+07  3.78e+33  4.11e-17  2.09e+07  7.35e+02  5.18e+04  7.01e-08  1.56e-04  7.21e-03  7.50e-01  1.00e-20 -5.07e+18 -1.01e+18 -1.66e+19  4.78e+02  6.44e+03  1.26e+05  0.00e+00  7.92e+04 
2.62e+11 5.26e+10 3.02e+11 6.07e+10   23   17      0        0  2.19e+08  1.75e+06  4.42e+07  4.94e+33  1.62e-17  8.24e+06  3.70e+02  5.32e+04  2.87e-08  2.62e-05  1.29e-03  1.76e-01  1.00e-20 -4.43e+19  2.16e+19 -2.16e+19  1.73e+03  2.41e+04  2.35e+05  0.00e+00  1.54e+05 
2.62e+11 6.87e+10 3.02e+11 7.93e+10   23   18      0        0  2.50e+08  1.53e+06  6.59e+07  6.46e+33  6.40e-18  3.25e+06  1.79e+02  5.41e+04  1.22e-08  8.91e-06  4.48e-04  5.39e-02  1.00e-20 -2.57e+19  3.29e+18 -8.71e+17  6.06e+03  8.29e+04  4.23e+05  0.00e+00  2.81e+05 
2.62e+11 8.98e+10 3.02e+11 1.04e+11   23   19      0        2  2.85e+08  1.34e+06  9.81e+07  8.44e+33  2.52e-18  1.28e+06  9.71e+01  5.45e+04  4.96e-09  3.41e-06  1.76e-04  2.13e-02  1.00e-20  0.00e+00  0.00e+00  0.00e+00  2.07e+04  2.80e+05  7.24e+05  0.00e+00  4.87e+05 
2.62e+11 1.17e+11 3.02e+11 1.35e+11   23   20      1        2  3.25e+08  1.17e+06  1.46e+08  1.08e+34  0.00e+00  8.24e-18  2.18e+01  5.49e+04  0.00e+00  0.00e+00  0.00e+00  0.00e+00  0.00e+00 -1.85e+19 -9.42e+18 -1.16e+19       inf       inf  9.73e+05  0.00e+00  6.59e+05 
2.62e+11 1.53e+11 3.02e+11 1.77e+11   23   21      1        2  3.57e+08  1.06e+06  2.09e+08  4.66e+33  0.00e+00  8.24e-18  2.18e+01  5.51e+04  0.00e+00  0.00e+00  0.00e+00  0.00e+00  0.00e+00  0.00e+00  0.00e+00  0.00e+00       inf       inf  5.21e+05  0.00e+00  3.54e+05 
2.62e+11 2.01e+11 3.02e+11 2.31e+11   23   22     -1        0  3.52e+08  1.06e+06  2.70e+08  0.00e+00  0.00e+00  0.00e+00  0.00e+00  0.00e+00  0.00e+00  0.00e+00  0.00e+00  0.00e+00  0.00e+00  0.00e+00  0.00e+00  0.00e+00  0.00e+00  0.00e+00  0.00e+00  0.00e+00  0.00e+00 
2.62e+11 2.62e+11 3.02e+11 3.02e+11   23   23     -1        0  3.43e+08  1.06e+06  3.43e+08  0.00e+00  0.00e+00  0.00e+00  0.00e+00  0.00e+00  0.00e+00  0.00e+00  0.00e+00  0.00e+00  0.00e+00  0.00e+00  0.00e+00  0.00e+00  0.00e+00  0.00e+00  0.00e+00  0.00e+00  0.00e+00 
2.62e+11 3.43e+11 3.02e+11 3.95e+11   23   24     -1        0  3.27e+08  1.06e+06  4.28e+08  0.00e+00  0.00e+00  0.00e+00  0.00e+00  0.00e+00  0.00e+00  0.00e+00  0.00e+00  0.00e+00  0.00e+00  0.00e+00  0.00e+00  0.00e+00  0.00e+00  0.00e+00  0.00e+00  0.00e+00  0.00e+00 
2.62e+11 4.48e+11 3.02e+11 5.17e+11   23   25     -1        0  3.04e+08  1.06e+06  5.19e+08  0.00e+00  0.00e+00  0.00e+00  0.00e+00  0.00e+00  0.00e+00  0.00e+00  0.00e+00  0.00e+00  0.00e+00  0.00e+00  0.00e+00  0.00e+00  0.00e+00  0.00e+00  0.00e+00  0.00e+00  0.00e+00 
2.62e+11 5.85e+11 3.02e+11 6.75e+11   23   26     -1        0  2.73e+08  1.06e+06  6.11e+08  0.00e+00  0.00e+00  0.00e+00  0.00e+00  0.00e+00  0.00e+00  0.00e+00  0.00e+00  0.00e+00  0.00e+00  0.00e+00  0.00e+00  0.00e+00  0.00e+00  0.00e+00  0.00e+00  0.00e+00  0.00e+00 
2.62e+11 7.65e+11 3.02e+11 8.83e+11   23   27     -1        0  2.38e+08  1.06e+06  6.96e+08  0.00e+00  0.00e+00  0.00e+00  0.00e+00  0.00e+00  0.00e+00  0.00e+00  0.00e+00  0.00e+00  0.00e+00  0.00e+00  0.00e+00  0.00e+00  0.00e+00  0.00e+00  0.00e+00  0.00e+00  0.00e+00 
2.62e+11 1.00e+12 3.02e+11 1.15e+12   23   28     -1        0  2.02e+08  1.06e+06  7.72e+08  0.00e+00  0.00e+00  0.00e+00  0.00e+00  0.00e+00  0.00e+00  0.00e+00  0.00e+00  0.00e+00  0.00e+00  0.00e+00  0.00e+00  0.00e+00  0.00e+00  0.00e+00  0.00e+00  0.00e+00  0.00e+00 
2.62e+11 1.31e+12 3.02e+11 1.51e+12   23   29     -1        0  1.68e+08  1.06e+06  8.36e+08  0.00e+00  0.00e+00  0.00e+00  0.00e+00  0.00e+00  0.00e+00  0.00e+00  0.00e+00  0.00e+00  0.00e+00  0.00e+00  0.00e+00  0.00e+00  0.00e+00  0.00e+00  0.00e+00  0.00e+00  0.00e+00 
3.43e+11 0.00e+00 3.95e+11 3.63e+08   24    0     -1        0  4.22e+05  1.76e+07  4.91e+02  0.00e+00  0.00e+00  0.00e+00  0.00e+00  0.00e+00  0.00e+00  0.00e+00  0.00e+00  0.00e+00  0.00e+00  0.00e+00  0.00e+00  0.00e+00  0.00e+00  0.00e+00  0.00e+00  0.00e+00  0.00e+00 
3.43e+11 7.25e+08 3.95e+11 8.37e+08   24    1     -1        0  2.38e+07  1.05e+07  7.79e+04  0.00e+00  0.00e+00  0.00e+00  0.00e+00  0.00e+00  0.00e+00  0.00e+00  0.00e+00  0.00e+00  0.00e+00  0.00e+00  0.00e+00  0.00e+00  0.00e+00  0.00e+00  0.00e+00  0.00e+00  0.00e+00 
3.43e+11 9.48e+08 3.95e+11 1.09e+09   24    2     -1        0  2.85e+07  9.58e+06  1.12e+05  0.00e+00  0.00e+00  0.00e+00  0.00e+00  0.00e+00  0.00e+00  0.00e+00  0.00e+00  0.00e+00  0.00e+00  0.00e+00  0.00e+00  0.00e+00  0.00e+00  0.00e+00  0.00e+00  0.00e+00  0.00e+00 
3.43e+11 1.24e+09 3.95e+11 1.43e+09   24    3     -1        0  3.37e+07  8.69e+06  1.61e+05  0.00e+00  0.00e+00  0.00e+00  0.00e+00  0.00e+00  0.00e+00  0.00e+00  0.00e+00  0.00e+00  0.00e+00  0.00e+00  0.00e+00  0.00e+00  0.00e+00  0.00e+00  0.00e+00  0.00e+00  0.00e+00 
3.43e+11 1.62e+09 3.95e+11 1.87e+09   24    4     -1        0  3.95e+07  7.82e+06  2.33e+05  0.00e+00  0.00e+00  0.00e+00  0.00e+00  0.00e+00  0.00e+00  0.00e+00  0.00e+00  0.00e+00  0.00e+00  0.00e+00  0.00e+00  0.00e+00  0.00e+00  0.00e+00  0.00e+00  0.00e+00  0.00e+00 
3.43e+11 2.12e+09 3.95e+11 2.44e+09   24    5     -1        0  4.61e+07  7.01e+06  3.38e+05  0.00e+00  0.00e+00  0.00e+00  0.00e+00  0.00e+00  0.00e+00  0.00e+00  0.00e+00  0.00e+00  0.00e+00  0.00e+00  0.00e+00  0.00e+00  0.00e+00  0.00e+00  0.00e+00  0.00e+00  0.00e+00 
3.43e+11 2.77e+09 3.95e+11 3.19e+09   24    6     -1        0  5.34e+07  6.25e+06  4.93e+05  0.00e+00  0.00e+00  0.00e+00  0.00e+00  0.00e+00  0.00e+00  0.00e+00  0.00e+00  0.00e+00  0.00e+00  0.00e+00  0.00e+00  0.00e+00  0.00e+00  0.00e+00  0.00e+00  0.00e+00  0.00e+00 
3.43e+11 3.62e+09 3.95e+11 4.17e+09   24    7     -1        0  6.17e+07  5.55e+06  7.23e+05  0.00e+00  0.00e+00  0.00e+00  0.00e+00  0.00e+00  0.00e+00  0.00e+00  0.00e+00  0.00e+00  0.00e+00  0.00e+00  0.00e+00  0.00e+00  0.00e+00  0.00e+00  0.00e+00  0.00e+00  0.00e+00 
3.43e+11 4.73e+09 3.95e+11 5.45e+09   24    8      1        2  7.11e+07  4.91e+06  1.06e+06  8.91e+30  0.00e+00  5.10e-18  6.76e+02  2.74e+04  0.00e+00  0.00e+00  0.00e+00  0.00e+00  0.00e+00  0.00e+00  0.00e+00  0.00e+00       inf       inf  1.40e+02  0.00e+00  7.00e+01 
3.43e+11 6.18e+09 3.95e+11 7.12e+09   24    9      1        2  8.17e+07  4.33e+06  1.57e+06  5.86e+32  0.00e+00  5.10e-18  1.65e+02  2.72e+04  0.00e+00  0.00e+00  0.00e+00  0.00e+00  0.00e+00  0.00e+00  0.00e+00  0.00e+00       inf       inf  7.74e+02  0.00e+00  3.47e+02 
3.43e+11 8.07e+09 3.95e+11 9.31e+09   24   10      0        0  9.38e+07  3.82e+06  2.32e+06  1.30e+33  1.25e-14  5.83e+09  1.52e+04  2.71e+04  5.56e-04  9.95e-01  1.15e-01  1.00e-20  1.00e-20 -1.94e+19 -1.57e+19  1.15e+19  8.48e-03  9.48e-02  1.27e+03  0.00e+00  5.01e+02 
3.43e+11 1.05e+10 3.95e+11 1.22e+10   24   11      0        0  1.08e+08  3.36e+06  3.44e+06  1.69e+33  5.04e-15  2.36e+09  1.39e+04  2.77e+04  1.81e-04  9.30e-01  1.61e-01  1.00e-20  1.00e-20  0.00e+00  0.00e+00  0.00e+00  2.74e-02  4.40e-01  1.68e+03  0.00e+00  5.20e+02 
3.43e+11 1.38e+10 3.95e+11 1.59e+10   24   12      0        2  1.23e+08  2.95e+06  5.10e+06  2.21e+33  2.02e-15  9.59e+08  1.13e+04  2.74e+04  7.32e-05  7.68e-01  4.24e-01  1.00e-20  1.00e-20  0.00e+00  0.00e+00  0.00e+00  8.62e-02  1.13e+00  2.63e+03  0.00e+00  6.21e+02 
3.43e+11 1.80e+10 3.95e+11 2.08e+10   24   13      0        0  1.41e+08  2.59e+06  7.59e+06  2.89e+33  8.04e-16  3.85e+08  7.10e+03  2.86e+04  2.06e-05  6.97e-01  5.76e-01  8.27e-03  1.00e-20  0.00e+00  0.00e+00  0.00e+00  4.04e-01  4.53e+00  5.14e+03  0.00e+00  1.16e+03 
3.43e+11 2.36e+10 3.95e+11 2.72e+10   24   14      0        1  1.61e+08  2.27e+06  1.13e+07  3.78e+33  3.19e-16  1.61e+08  5.02e+03  3.83e+04  2.66e-06  8.32e-02  6.25e-01  3.77e-02  1.00e-20 -3.70e+18  5.84e+18  6.00e+18  4.39e+00  5.77e+01  1.30e+04  0.00e+00  5.29e+03 
3.43e+11 3.08e+10 3.95e+11 3.55e+10   24   15      0        0  1.85e+08  1.99e+06  1.68e+07  4.94e+33  1.26e-16  6.39e+07  2.03e+03  4.70e+04  5.62e-07  3.72e-02  4.29e-01  5.96e-02  1.00e-20 -6.00e+19  3.09e+19  1.39e+19  3.45e+01  4.88e+02  3.18e+04  0.00e+00  1.73e+04 
3.43e+11 4.02e+10 3.95e+11 4.64e+10   24   16      0        0  2.11e+08  1.74e+06  2.50e+07  6.46e+33  4.99e-17  2.53e+07  1.01e+03  4.99e+04  1.81e-07  4.66e-03  6.56e-02  6.00e-01  1.00e-20 -6.23e+19  2.36e+18 -1.38e+19  1.55e+02  2.06e+03  6.50e+04  0.00e+00  3.89e+04 
3.43e+11 5.26e+10 3.95e+11 6.07e+10   24   17      0        0  2.41e+08  1.53e+06  3.73e+07  8.44e+33  1.97e-17  1.00e+07  4.95e+02  5.17e+04  7.25e-08  1.58e-04  7.62e-03  7.59e-01  1.00e-20 -3.68e+19  2.07e+19 -2.44e+19  5.80e+02  8.01e+03  1.25e+05  0.00e+00  7.90e+04 
3.43e+11 6.87e+10 3.95e+11 7.93e+10   24   18      0        0  2.75e+08  1.34e+06  5.55e+07  1.10e+34  7.77e-18  3.95e+06  2.42e+02  5.31e+04  2.99e-08  2.72e-05  1.38e-03  1.85e-01  1.00e-20 -3.92e+19  1.07e+19 -1.02e+19  2.10e+03  2.81e+04  2.35e+05  0.00e+00  1.53e+05 
3.43e+11 8.98e+10 3.95e+11 1.04e+11   24   19      0        1  3.14e+08  1.17e+06  8.26e+07  1.44e+34  3.07e-18  1.56e+06  1.17e+02  5.40e+04  1.26e-08  9.18e-06  4.75e-04  5.73e-02  1.00e-20  0.00e+00  0.00e+00  0.00e+00  7.35e+03  9.93e+04  4.22e+05  0.00e+00  2.80e+05 
3.43e+11 1.17e+11 3.95e+11 1.35e+11   24   20      0        1  3.57e+08  1.02e+06  1.23e+08  1.88e+34  1.21e-18  6.17e+05  5.19e+01  5.43e+04  5.66e-09  3.91e-06  2.08e-04  2.54e-02  1.00e-20  0.00e+00  0.00e+00  0.00e+00  2.50e+04  3.42e+05  7.24e+05  0.00e+00  4.85e+05 
3.43e+11 1.53e+11 3.95e+11 1.77e+11   24   21      1        2  4.04e+08  8.96e+05  1.81e+08  2.41e+34  0.00e+00  8.24e-18  2.18e+01  5.48e+04  0.00e+00  0.00e+00  0.00e+00  0.00e+00  0.00e+00  0.00e+00  0.00e+00  0.00e+00       inf       inf  9.75e+05  0.00e+00  6.59e+05 
3.43e+11 2.01e+11 3.95e+11 2.31e+11   24   22      1        2  4.39e+08  8.10e+05  2.58e+08  1.05e+34  0.00e+00  8.24e-18  2.18e+01  5.50e+04  0.00e+00  0.00e+00  0.00e+00  0.00e+00  0.00e+00  0.00e+00  0.00e+00  0.00e+00       inf       inf  5.22e+05  0.00e+00  3.54e+05 
3.43e+11 2.62e+11 3.95e+11 3.02e+11   24   23     -1        0  4.28e+08  8.10e+05  3.28e+08  0.00e+00  0.00e+00  0.00e+00  0.00e+00  0.00e+00  0.00e+00  0.00e+00  0.00e+00  0.00e+00  0.00e+00  0.00e+00  0.00e+00  0.00e+00  0.00e+00  0.00e+00  0.00e+00  0.00e+00  0.00e+00 
3.43e+11 3.43e+11 3.95e+11 3.95e+11   24   24     -1        0  4.09e+08  8.10e+05  4.09e+08  0.00e+00  0.00e+00  0.00e+00  0.00e+00  0.00e+00  0.00e+00  0.00e+00  0.00e+00  0.00e+00  0.00e+00  0.00e+00  0.00e+00  0.00e+00  0.00e+00  0.00e+00  0.00e+00  0.00e+00  0.00e+00 
3.43e+11 4.48e+11 3.95e+11 5.17e+11   24   25     -1        0  3.82e+08  8.10e+05  4.99e+08  0.00e+00  0.00e+00  0.00e+00  0.00e+00  0.00e+00  0.00e+00  0.00e+00  0.00e+00  0.00e+00  0.00e+00  0.00e+00  0.00e+00  0.00e+00  0.00e+00  0.00e+00  0.00e+00  0.00e+00  0.00e+00 
3.43e+11 5.85e+11 3.95e+11 6.75e+11   24   26     -1        0  3.46e+08  8.10e+05  5.92e+08  0.00e+00  0.00e+00  0.00e+00  0.00e+00  0.00e+00  0.00e+00  0.00e+00  0.00e+00  0.00e+00  0.00e+00  0.00e+00  0.00e+00  0.00e+00  0.00e+00  0.00e+00  0.00e+00  0.00e+00  0.00e+00 
3.43e+11 7.65e+11 3.95e+11 8.83e+11   24   27     -1        0  3.05e+08  8.10e+05  6.81e+08  0.00e+00  0.00e+00  0.00e+00  0.00e+00  0.00e+00  0.00e+00  0.00e+00  0.00e+00  0.00e+00  0.00e+00  0.00e+00  0.00e+00  0.00e+00  0.00e+00  0.00e+00  0.00e+00  0.00e+00  0.00e+00 
3.43e+11 1.00e+12 3.95e+11 1.15e+12   24   28     -1        0  2.60e+08  8.10e+05  7.60e+08  0.00e+00  0.00e+00  0.00e+00  0.00e+00  0.00e+00  0.00e+00  0.00e+00  0.00e+00  0.00e+00  0.00e+00  0.00e+00  0.00e+00  0.00e+00  0.00e+00  0.00e+00  0.00e+00  0.00e+00  0.00e+00 
3.43e+11 1.31e+12 3.95e+11 1.51e+12   24   29     -1        0  2.17e+08  8.10e+05  8.28e+08  0.00e+00  0.00e+00  0.00e+00  0.00e+00  0.00e+00  0.00e+00  0.00e+00  0.00e+00  0.00e+00  0.00e+00  0.00e+00  0.00e+00  0.00e+00  0.00e+00  0.00e+00  0.00e+00  0.00e+00  0.00e+00 
4.48e+11 0.00e+00 5.17e+11 3.63e+08   25    0     -1        0  3.82e+05  1.54e+07  3.40e+02  0.00e+00  0.00e+00  0.00e+00  0.00e+00  0.00e+00  0.00e+00  0.00e+00  0.00e+00  0.00e+00  0.00e+00  0.00e+00  0.00e+00  0.00e+00  0.00e+00  0.00e+00  0.00e+00  0.00e+00  0.00e+00 
4.48e+11 7.25e+08 5.17e+11 8.37e+08   25    1     -1        0  2.70e+07  9.17e+06  6.79e+04  0.00e+00  0.00e+00  0.00e+00  0.00e+00  0.00e+00  0.00e+00  0.00e+00  0.00e+00  0.00e+00  0.00e+00  0.00e+00  0.00e+00  0.00e+00  0.00e+00  0.00e+00  0.00e+00  0.00e+00  0.00e+00 
4.48e+11 9.48e+08 5.17e+11 1.09e+09   25    2     -1        0  3.19e+07  8.38e+06  9.58e+04  0.00e+00  0.00e+00  0.00e+00  0.00e+00  0.00e+00  0.00e+00  0.00e+00  0.00e+00  0.00e+00  0.00e+00  0.00e+00  0.00e+00  0.00e+00  0.00e+00  0.00e+00  0.00e+00  0.00e+00  0.00e+00 
4.48e+11 1.24e+09 5.17e+11 1.43e+09   25    3     -1        0  3.72e+07  7.60e+06  1.36e+05  0.00e+00  0.00e+00  0.00e+00  0.00e+00  0.00e+00  0.00e+00  0.00e+00  0.00e+00  0.00e+00  0.00e+00  0.00e+00  0.00e+00  0.00e+00  0.00e+00  0.00e+00  0.00e+00  0.00e+00  0.00e+00 
4.48e+11 1.62e+09 5.17e+11 1.87e+09   25    4     -1        0  4.32e+07  6.84e+06  1.95e+05  0.00e+00  0.00e+00  0.00e+00  0.00e+00  0.00e+00  0.00e+00  0.00e+00  0.00e+00  0.00e+00  0.00e+00  0.00e+00  0.00e+00  0.00e+00  0.00e+00  0.00e+00  0.00e+00  0.00e+00  0.00e+00 
4.48e+11 2.12e+09 5.17e+11 2.44e+09   25    5     -1        0  4.99e+07  6.13e+06  2.80e+05  0.00e+00  0.00e+00  0.00e+00  0.00e+00  0.00e+00  0.00e+00  0.00e+00  0.00e+00  0.00e+00  0.00e+00  0.00e+00  0.00e+00  0.00e+00  0.00e+00  0.00e+00  0.00e+00  0.00e+00  0.00e+00 
4.48e+11 2.77e+09 5.17e+11 3.19e+09   25    6     -1        0  5.75e+07  5.46e+06  4.06e+05  0.00e+00  0.00e+00  0.00e+00  0.00e+00  0.00e+00  0.00e+00  0.00e+00  0.00e+00  0.00e+00  0.00e+00  0.00e+00  0.00e+00  0.00e+00  0.00e+00  0.00e+00  0.00e+00  0.00e+00  0.00e+00 
4.48e+11 3.62e+09 5.17e+11 4.17e+09   25    7     -1        0  6.61e+07  4.85e+06  5.92e+05  0.00e+00  0.00e+00  0.00e+00  0.00e+00  0.00e+00  0.00e+00  0.00e+00  0.00e+00  0.00e+00  0.00e+00  0.00e+00  0.00e+00  0.00e+00  0.00e+00  0.00e+00  0.00e+00  0.00e+00  0.00e+00 
4.48e+11 4.73e+09 5.17e+11 5.45e+09   25    8     -1        0  7.59e+07  4.29e+06  8.68e+05  0.00e+00  0.00e+00  0.00e+00  0.00e+00  0.00e+00  0.00e+00  0.00e+00  0.00e+00  0.00e+00  0.00e+00  0.00e+00  0.00e+00  0.00e+00  0.00e+00  0.00e+00  0.00e+00  0.00e+00  0.00e+00 
4.48e+11 6.18e+09 5.17e+11 7.12e+09   25    9      1        2  8.70e+07  3.79e+06  1.28e+06  9.10e+30  0.00e+00  5.10e-18  8.48e+01  2.64e+04  0.00e+00  0.00e+00  0.00e+00  0.00e+00  0.00e+00  0.00e+00  0.00e+00  0.00e+00       inf       inf  1.07e+02  0.00e+00  4.90e+01 
4.48e+11 8.07e+09 5.17e+11 9.31e+09   25   10      1        2  9.96e+07  3.34e+06  1.88e+06  1.21e+33  0.00e+00  6.16e-18  3.90e+01  2.60e+04  0.00e+00  0.00e+00  0.00e+00  0.00e+00  0.00e+00  0.00e+00  0.00e+00  0.00e+00       inf       inf  6.41e+02  0.00e+00  2.66e+02 
4.48e+11 1.05e+10 5.17e+11 1.22e+10   25   11      0        1  1.14e+08  2.94e+06  2.79e+06  2.89e+33  6.36e-15  2.96e+09  1.40e+04  2.71e+04  6.25e-04  9.83e-01  1.22e-01  1.00e-20  1.00e-20 -1.52e+18 -5.18e+18 -2.42e+19  8.79e-03  2.34e-01  1.13e+03  0.00e+00  3.92e+02 
4.48e+11 1.38e+10 5.17e+11 1.59e+10   25   12      0        0  1.30e+08  2.58e+06  4.13e+06  3.78e+33  2.55e-15  1.19e+09  1.23e+04  2.78e+04  1.80e-04  9.49e-01  2.27e-01  1.00e-20  1.00e-20 -5.21e+19  2.67e+19 -6.08e+18  3.23e-02  4.56e-01  1.56e+03  0.00e+00  4.38e+02 
4.48e+11 1.80e+10 5.17e+11 2.08e+10   25   13      0        1  1.49e+08  2.27e+06  6.14e+06  4.94e+33  1.02e-15  4.83e+08  8.73e+03  2.78e+04  8.01e-05  7.50e-01  3.84e-01  1.00e-20  1.00e-20 -1.86e+18  1.49e+19  1.42e+19  1.01e-01  1.01e+00  2.51e+03  0.00e+00  5.46e+02 
4.48e+11 2.36e+10 5.17e+11 2.72e+10   25   14      0        1  1.71e+08  1.99e+06  9.13e+06  6.46e+33  4.03e-16  2.00e+08  5.85e+03  2.86e+04  1.98e-05  2.95e-01  5.48e-01  2.22e-02  1.00e-20 -4.35e+18  2.94e+18 -1.27e+19  4.85e-01  6.30e+00  5.04e+03  0.00e+00  1.12e+03 
4.48e+11 3.08e+10 5.17e+11 3.55e+10   25   15      0        1  1.95e+08  1.74e+06  1.36e+07  8.44e+33  1.60e-16  8.03e+07  3.07e+03  3.82e+04  3.15e-06  1.02e-01  6.85e-01  3.63e-02  1.00e-20 -2.03e+19 -8.33e+18 -7.92e+18  5.11e+00  6.59e+01  1.29e+04  0.00e+00  5.21e+03 
4.48e+11 4.02e+10 5.17e+11 4.64e+10   25   16      0        0  2.23e+08  1.53e+06  2.02e+07  1.10e+34  6.31e-17  3.19e+07  1.49e+03  4.69e+04  5.87e-07  3.54e-02  4.59e-01  5.47e-02  1.00e-20 -2.30e+19  1.60e+19 -5.23e+18  4.00e+01  5.57e+02  3.16e+04  0.00e+00  1.71e+04 
4.48e+11 5.26e+10 5.17e+11 6.07e+10   25   17      0        0  2.55e+08  1.34e+06  3.01e+07  1.44e+34  2.49e-17  1.26e+07  7.21e+02  4.98e+04  1.90e-07  4.71e-03  7.22e-02  5.81e-01  1.00e-20 -4.41e+19 -3.06e+18  1.04e+19  1.80e+02  2.52e+03  6.47e+04  0.00e+00  3.86e+04 
4.48e+11 6.87e+10 5.17e+11 7.93e+10   25   18      0        0  2.91e+08  1.17e+06  4.49e+07  1.88e+34  9.82e-18  4.99e+06  3.47e+02  5.16e+04  7.59e-08  1.65e-04  8.14e-03  7.68e-01  1.00e-20 -2.80e+19  1.06e+19 -2.60e+18  6.75e+02  9.50e+03  1.25e+05  0.00e+00  7.86e+04 
4.48e+11 8.98e+10 5.17e+11 1.04e+11   25   19      0        0  3.31e+08  1.02e+06  6.67e+07  2.46e+34  3.88e-18  1.97e+06  1.67e+02  5.31e+04  3.13e-08  2.85e-05  1.48e-03  1.96e-01  1.00e-20 -3.23e+19  2.24e+19 -1.71e+19  2.44e+03  3.27e+04  2.35e+05  0.00e+00  1.53e+05 
4.48e+11 1.17e+11 5.17e+11 1.35e+11   25   20      0        2  3.77e+08  8.96e+05  9.91e+07  3.22e+34  1.53e-18  7.78e+05  9.03e+01  5.39e+04  1.24e-08  9.11e-06  4.78e-04  5.89e-02  1.00e-20  0.00e+00  0.00e+00  0.00e+00  8.56e+03  1.18e+05  4.22e+05  0.00e+00  2.80e+05 
4.48e+11 1.53e+11 5.17e+11 1.77e+11   25   21      0        1  4.27e+08  7.84e+05  1.47e+08  4.21e+34  6.08e-19  3.09e+05  3.65e+01  5.42e+04  5.83e-09  4.07e-06  2.20e-04  2.75e-02  1.00e-20 -5.98e+18 -7.60e+18  3.47e+18  2.91e+04  4.01e+05  7.24e+05  0.00e+00  4.84e+05 
4.48e+11 2.01e+11 5.17e+11 2.31e+11   25   22      1        2  4.80e+08  6.86e+05  2.16e+08  5.38e+34  0.00e+00  8.24e-18  2.18e+01  5.46e+04  0.00e+00  0.00e+00  0.00e+00  0.00e+00  0.00e+00  0.00e+00  0.00e+00  0.00e+00       inf       inf  9.76e+05  0.00e+00  6.58e+05 
4.48e+11 2.62e+11 5.17e+11 3.02e+11   25   23      1        2  5.19e+08  6.19e+05  3.04e+08  2.35e+34  0.00e+00  8.24e-18  2.18e+01  5.48e+04  0.00e+00  0.00e+00  0.00e+00  0.00e+00  0.00e+00  0.00e+00  0.00e+00  0.00e+00       inf       inf  5.23e+05  0.00e+00  3.54e+05 
4.48e+11 3.43e+11 5.17e+11 3.95e+11   25   24     -1        0  4.99e+08  6.19e+05  3.82e+08  0.00e+00  0.00e+00  0.00e+00  0.00e+00  0.00e+00  0.00e+00  0.00e+00  0.00e+00  0.00e+00  0.00e+00  0.00e+00  0.00e+00  0.00e+00  0.00e+00  0.00e+00  0.00e+00  0.00e+00  0.00e+00 
4.48e+11 4.48e+11 5.17e+11 5.17e+11   25   25     -1        0  4.70e+08  6.19e+05  4.70e+08  0.00e+00  0.00e+00  0.00e+00  0.00e+00  0.00e+00  0.00e+00  0.00e+00  0.00e+00  0.00e+00  0.00e+00  0.00e+00  0.00e+00  0.00e+00  0.00e+00  0.00e+00  0.00e+00  0.00e+00  0.00e+00 
4.48e+11 5.85e+11 5.17e+11 6.75e+11   25   26     -1        0  4.31e+08  6.19e+05  5.64e+08  0.00e+00  0.00e+00  0.00e+00  0.00e+00  0.00e+00  0.00e+00  0.00e+00  0.00e+00  0.00e+00  0.00e+00  0.00e+00  0.00e+00  0.00e+00  0.00e+00  0.00e+00  0.00e+00  0.00e+00  0.00e+00 
4.48e+11 7.65e+11 5.17e+11 8.83e+11   25   27     -1        0  3.84e+08  6.19e+05  6.56e+08  0.00e+00  0.00e+00  0.00e+00  0.00e+00  0.00e+00  0.00e+00  0.00e+00  0.00e+00  0.00e+00  0.00e+00  0.00e+00  0.00e+00  0.00e+00  0.00e+00  0.00e+00  0.00e+00  0.00e+00  0.00e+00 
4.48e+11 1.00e+12 5.17e+11 1.15e+12   25   28     -1        0  3.32e+08  6.19e+05  7.41e+08  0.00e+00  0.00e+00  0.00e+00  0.00e+00  0.00e+00  0.00e+00  0.00e+00  0.00e+00  0.00e+00  0.00e+00  0.00e+00  0.00e+00  0.00e+00  0.00e+00  0.00e+00  0.00e+00  0.00e+00  0.00e+00 
4.48e+11 1.31e+12 5.17e+11 1.51e+12   25   29     -1        0  2.79e+08  6.19e+05  8.14e+08  0.00e+00  0.00e+00  0.00e+00  0.00e+00  0.00e+00  0.00e+00  0.00e+00  0.00e+00  0.00e+00  0.00e+00  0.00e+00  0.00e+00  0.00e+00  0.00e+00  0.00e+00  0.00e+00  0.00e+00  0.00e+00 
5.85e+11 0.00e+00 6.75e+11 3.63e+08   26    0     -1        0  3.46e+05  1.35e+07  2.35e+02  0.00e+00  0.00e+00  0.00e+00  0.00e+00  0.00e+00  0.00e+00  0.00e+00  0.00e+00  0.00e+00  0.00e+00  0.00e+00  0.00e+00  0.00e+00  0.00e+00  0.00e+00  0.00e+00  0.00e+00  0.00e+00 
5.85e+11 7.25e+08 6.75e+11 8.37e+08   26    1     -1        0  2.93e+07  8.02e+06  5.62e+04  0.00e+00  0.00e+00  0.00e+00  0.00e+00  0.00e+00  0.00e+00  0.00e+00  0.00e+00  0.00e+00  0.00e+00  0.00e+00  0.00e+00  0.00e+00  0.00e+00  0.00e+00  0.00e+00  0.00e+00  0.00e+00 
5.85e+11 9.48e+08 6.75e+11 1.09e+09   26    2     -1        0  3.40e+07  7.33e+06  7.83e+04  0.00e+00  0.00e+00  0.00e+00  0.00e+00  0.00e+00  0.00e+00  0.00e+00  0.00e+00  0.00e+00  0.00e+00  0.00e+00  0.00e+00  0.00e+00  0.00e+00  0.00e+00  0.00e+00  0.00e+00  0.00e+00 
5.85e+11 1.24e+09 6.75e+11 1.43e+09   26    3     -1        0  3.93e+07  6.65e+06  1.10e+05  0.00e+00  0.00e+00  0.00e+00  0.00e+00  0.00e+00  0.00e+00  0.00e+00  0.00e+00  0.00e+00  0.00e+00  0.00e+00  0.00e+00  0.00e+00  0.00e+00  0.00e+00  0.00e+00  0.00e+00  0.00e+00 
5.85e+11 1.62e+09 6.75e+11 1.87e+09   26    4     -1        0  4.52e+07  5.99e+06  1.56e+05  0.00e+00  0.00e+00  0.00e+00  0.00e+00  0.00e+00  0.00e+00  0.00e+00  0.00e+00  0.00e+00  0.00e+00  0.00e+00  0.00e+00  0.00e+00  0.00e+00  0.00e+00  0.00e+00  0.00e+00  0.00e+00 
5.85e+11 2.12e+09 6.75e+11 2.44e+09   26    5     -1        0  5.19e+07  5.36e+06  2.23e+05  0.00e+00  0.00e+00  0.00e+00  0.00e+00  0.00e+00  0.00e+00  0.00e+00  0.00e+00  0.00e+00  0.00e+00  0.00e+00  0.00e+00  0.00e+00  0.00e+00  0.00e+00  0.00e+00  0.00e+00  0.00e+00 
5.85e+11 2.77e+09 6.75e+11 3.19e+09   26    6     -1        0  5.94e+07  4.78e+06  3.21e+05  0.00e+00  0.00e+00  0.00e+00  0.00e+00  0.00e+00  0.00e+00  0.00e+00  0.00e+00  0.00e+00  0.00e+00  0.00e+00  0.00e+00  0.00e+00  0.00e+00  0.00e+00  0.00e+00  0.00e+00  0.00e+00 
5.85e+11 3.62e+09 6.75e+11 4.17e+09   26    7     -1        0  6.80e+07  4.24e+06  4.66e+05  0.00e+00  0.00e+00  0.00e+00  0.00e+00  0.00e+00  0.00e+00  0.00e+00  0.00e+00  0.00e+00  0.00e+00  0.00e+00  0.00e+00  0.00e+00  0.00e+00  0.00e+00  0.00e+00  0.00e+00  0.00e+00 
5.85e+11 4.73e+09 6.75e+11 5.45e+09   26    8     -1        0  7.78e+07  3.76e+06  6.81e+05  0.00e+00  0.00e+00  0.00e+00  0.00e+00  0.00e+00  0.00e+00  0.00e+00  0.00e+00  0.00e+00  0.00e+00  0.00e+00  0.00e+00  0.00e+00  0.00e+00  0.00e+00  0.00e+00  0.00e+00  0.00e+00 
5.85e+11 6.18e+09 6.75e+11 7.12e+09   26    9     -1        0  8.90e+07  3.32e+06  9.99e+05  0.00e+00  0.00e+00  0.00e+00  0.00e+00  0.00e+00  0.00e+00  0.00e+00  0.00e+00  0.00e+00  0.00e+00  0.00e+00  0.00e+00  0.00e+00  0.00e+00  0.00e+00  0.00e+00  0.00e+00  0.00e+00 
5.85e+11 8.07e+09 6.75e+11 9.31e+09   26   10      1        3  1.02e+08  2.92e+06  1.47e+06  8.22e+30  0.00e+00  2.91e-18  1.89e+03  2.43e+04  0.00e+00  0.00e+00  0.00e+00  0.00e+00  0.00e+00  0.00e+00  0.00e+00  0.00e+00       inf      -nan  4.60e+01  0.00e+00  2.00e+01 
5.85e+11 1.05e+10 6.75e+11 1.22e+10   26   11      1        2  1.16e+08  2.57e+06  2.17e+06  2.53e+33  0.00e+00  5.10e-18  5.85e+02  2.57e+04  0.00e+00  0.00e+00  0.00e+00  0.00e+00  0.00e+00  0.00e+00  0.00e+00  0.00e+00       inf       inf  5.03e+02  0.00e+00  1.69e+02 
5.85e+11 1.38e+10 6.75e+11 1.59e+10   26   12      0        0  1.33e+08  2.26e+06  3.22e+06  6.46e+33  3.33e-15  1.55e+09  1.33e+04  2.77e+04  4.61e-04  9.89e-01  6.33e-02  1.00e-20  1.00e-20 -6.06e+18  8.05e+18  1.10e+19  1.17e-02  1.57e-01  9.78e+02  0.00e+00  2.63e+02 
5.85e+11 1.80e+10 6.75e+11 2.08e+10   26   13      0        1  1.52e+08  1.98e+06  4.78e+06  8.44e+33  1.33e-15  6.23e+08  1.09e+04  2.78e+04  2.12e-04  9.04e-01  2.49e-01  1.00e-20  1.00e-20 -2.24e+19 -3.80e+18 -1.92e+19  3.29e-02  1.07e+00  1.38e+03  0.00e+00  3.06e+02 
5.85e+11 2.36e+10 6.75e+11 2.72e+10   26   14      0        1  1.74e+08  1.74e+06  7.10e+06  1.10e+34  5.27e-16  2.52e+08  7.00e+03  2.75e+04  8.57e-05  6.91e-01  4.00e-01  1.00e-20  1.00e-20  0.00e+00  0.00e+00  0.00e+00  1.07e-01  1.72e+00  2.34e+03  0.00e+00  4.23e+02 
5.85e+11 3.08e+10 6.75e+11 3.55e+10   26   15      0        1  1.98e+08  1.52e+06  1.06e+07  1.44e+34  2.09e-16  1.03e+08  3.77e+03  2.84e+04  2.32e-05  3.53e-01  4.88e-01  1.05e-02  1.00e-20 -9.73e+18  6.66e+18  4.58e+18  5.45e-01  6.75e+00  4.90e+03  0.00e+00  1.00e+03 
5.85e+11 4.02e+10 6.75e+11 4.64e+10   26   16      0        2  2.27e+08  1.33e+06  1.57e+07  1.88e+34  8.25e-17  4.09e+07  1.85e+03  3.81e+04  3.83e-06  2.86e-01  8.37e-01  3.47e-03  1.00e-20 -5.62e+18 -1.14e+19  6.60e+18  5.76e+00  7.31e+01  1.27e+04  0.00e+00  5.09e+03 
5.85e+11 5.26e+10 6.75e+11 6.07e+10   26   17      0        1  2.59e+08  1.17e+06  2.34e+07  2.46e+34  3.26e-17  1.65e+07  1.08e+03  4.68e+04  6.34e-07  3.30e-02  4.68e-01  5.75e-02  1.00e-20 -2.26e+19  5.42e+18 -1.19e+19  4.48e+01  5.86e+02  3.14e+04  0.00e+00  1.70e+04 
5.85e+11 6.87e+10 6.75e+11 7.93e+10   26   18      0        0  2.95e+08  1.02e+06  3.49e+07  3.22e+34  1.28e-17  6.52e+06  5.24e+02  4.97e+04  2.03e-07  4.86e-03  7.90e-02  5.59e-01  1.00e-20 -1.98e+19 -5.39e+18 -1.11e+19  2.02e+02  2.56e+03  6.44e+04  0.00e+00  3.84e+04 
5.85e+11 8.98e+10 6.75e+11 1.04e+11   26   19      0        0  3.37e+08  8.95e+05  5.19e+07  4.21e+34  5.06e-18  2.57e+06  2.39e+02  5.15e+04  8.26e-08  1.77e-04  9.02e-03  7.81e-01  1.00e-20 -4.68e+19 -7.55e+18 -2.83e+19  7.61e+02  1.05e+04  1.25e+05  0.00e+00  7.83e+04 
5.85e+11 1.17e+11 6.75e+11 1.35e+11   26   20      0        1  3.84e+08  7.83e+05  7.72e+07  5.50e+34  2.00e-18  1.02e+06  1.14e+02  5.30e+04  3.40e-08  3.10e-05  1.65e-03  2.19e-01  1.00e-20 -1.41e+19  5.92e+18 -1.40e+19  2.76e+03  3.89e+04  2.35e+05  0.00e+00  1.53e+05 
5.85e+11 1.53e+11 6.75e+11 1.77e+11   26   21      0        1  4.35e+08  6.86e+05  1.14e+08  7.19e+34  7.91e-19  4.02e+05  6.52e+01  5.38e+04  1.30e-08  9.63e-06  5.14e-04  6.41e-02  1.00e-20 -3.89e+18  8.66e+18  7.13e+17  9.66e+03  1.35e+05  4.21e+05  0.00e+00  2.79e+05 
5.85e+11 2.01e+11 6.75e+11 2.31e+11   26   22      0        1  4.92e+08  6.00e+05  1.69e+08  9.39e+34  3.14e-19  1.60e+05  2.68e+01  5.41e+04  6.05e-09  4.27e-06  2.34e-04  2.99e-02  1.00e-20  0.00e+00  0.00e+00  0.00e+00  3.27e+04  4.48e+05  7.24e+05  0.00e+00  4.83e+05 
5.85e+11 2.62e+11 6.75e+11 3.02e+11   26   23      1        2  5.51e+08  5.25e+05  2.47e+08  1.20e+35  0.00e+00  8.24e-18  2.18e+01  5.45e+04  0.00e+00  0.00e+00  0.00e+00  0.00e+00  0.00e+00  0.00e+00  0.00e+00  0.00e+00       inf       inf  9.77e+05  0.00e+00  6.58e+05 
5.85e+11 3.43e+11 6.75e+11 3.95e+11   26   24      1        2  5.92e+08  4.74e+05  3.47e+08  5.25e+34  0.00e+00  8.24e-18  2.18e+01  5.47e+04  0.00e+00  0.00e+00  0.00e+00  0.00e+00  0.00e+00  0.00e+00  0.00e+00  0.00e+00       inf       inf  5.24e+05  0.00e+00  3.54e+05 
5.85e+11 4.48e+11 6.75e+11 5.17e+11   26   25     -1        0  5.64e+08  4.74e+05  4.32e+08  0.00e+00  0.00e+00  0.00e+00  0.00e+00  0.00e+00  0.00e+00  0.00e+00  0.00e+00  0.00e+00  0.00e+00  0.00e+00  0.00e+00  0.00e+00  0.00e+00  0.00e+00  0.00e+00  0.00e+00  0.00e+00 
5.85e+11 5.85e+11 6.75e+11 6.75e+11   26   26     -1        0  5.25e+08  4.74e+05  5.25e+08  0.00e+00  0.00e+00  0.00e+00  0.00e+00  0.00e+00  0.00e+00  0.00e+00  0.00e+00  0.00e+00  0.00e+00  0.00e+00  0.00e+00  0.00e+00  0.00e+00  0.00e+00  0.00e+00  0.00e+00  0.00e+00 
5.85e+11 7.65e+11 6.75e+11 8.83e+11   26   27     -1        0  4.74e+08  4.74e+05  6.20e+08  0.00e+00  0.00e+00  0.00e+00  0.00e+00  0.00e+00  0.00e+00  0.00e+00  0.00e+00  0.00e+00  0.00e+00  0.00e+00  0.00e+00  0.00e+00  0.00e+00  0.00e+00  0.00e+00  0.00e+00  0.00e+00 
5.85e+11 1.00e+12 6.75e+11 1.15e+12   26   28     -1        0  4.16e+08  4.74e+05  7.11e+08  0.00e+00  0.00e+00  0.00e+00  0.00e+00  0.00e+00  0.00e+00  0.00e+00  0.00e+00  0.00e+00  0.00e+00  0.00e+00  0.00e+00  0.00e+00  0.00e+00  0.00e+00  0.00e+00  0.00e+00  0.00e+00 
5.85e+11 1.31e+12 6.75e+11 1.51e+12   26   29     -1        0  3.54e+08  4.74e+05  7.91e+08  0.00e+00  0.00e+00  0.00e+00  0.00e+00  0.00e+00  0.00e+00  0.00e+00  0.00e+00  0.00e+00  0.00e+00  0.00e+00  0.00e+00  0.00e+00  0.00e+00  0.00e+00  0.00e+00  0.00e+00  0.00e+00 
7.65e+11 0.00e+00 8.83e+11 3.63e+08   27    0     -1        0  3.13e+05  1.18e+07  1.63e+02  0.00e+00  0.00e+00  0.00e+00  0.00e+00  0.00e+00  0.00e+00  0.00e+00  0.00e+00  0.00e+00  0.00e+00  0.00e+00  0.00e+00  0.00e+00  0.00e+00  0.00e+00  0.00e+00  0.00e+00  0.00e+00 
7.65e+11 7.25e+08 8.83e+11 8.37e+08   27    1     -1        0  3.04e+07  7.02e+06  4.46e+04  0.00e+00  0.00e+00  0.00e+00  0.00e+00  0.00e+00  0.00e+00  0.00e+00  0.00e+00  0.00e+00  0.00e+00  0.00e+00  0.00e+00  0.00e+00  0.00e+00  0.00e+00  0.00e+00  0.00e+00  0.00e+00 
7.65e+11 9.48e+08 8.83e+11 1.09e+09   27    2     -1        0  3.49e+07  6.41e+06  6.14e+04  0.00e+00  0.00e+00  0.00e+00  0.00e+00  0.00e+00  0.00e+00  0.00e+00  0.00e+00  0.00e+00  0.00e+00  0.00e+00  0.00e+00  0.00e+00  0.00e+00  0.00e+00  0.00e+00  0.00e+00  0.00e+00 
7.65e+11 1.24e+09 8.83e+11 1.43e+09   27    3     -1        0  3.99e+07  5.81e+06  8.54e+04  0.00e+00  0.00e+00  0.00e+00  0.00e+00  0.00e+00  0.00e+00  0.00e+00  0.00e+00  0.00e+00  0.00e+00  0.00e+00  0.00e+00  0.00e+00  0.00e+00  0.00e+00  0.00e+00  0.00e+00  0.00e+00 
7.65e+11 1.62e+09 8.83e+11 1.87e+09   27    4     -1        0  4.56e+07  5.24e+06  1.20e+05  0.00e+00  0.00e+00  0.00e+00  0.00e+00  0.00e+00  0.00e+00  0.00e+00  0.00e+00  0.00e+00  0.00e+00  0.00e+00  0.00e+00  0.00e+00  0.00e+00  0.00e+00  0.00e+00  0.00e+00  0.00e+00 
7.65e+11 2.12e+09 8.83e+11 2.44e+09   27    5     -1        0  5.20e+07  4.69e+06  1.71e+05  0.00e+00  0.00e+00  0.00e+00  0.00e+00  0.00e+00  0.00e+00  0.00e+00  0.00e+00  0.00e+00  0.00e+00  0.00e+00  0.00e+00  0.00e+00  0.00e+00  0.00e+00  0.00e+00  0.00e+00  0.00e+00 
7.65e+11 2.77e+09 8.83e+11 3.19e+09   27    6     -1        0  5.93e+07  4.18e+06  2.45e+05  0.00e+00  0.00e+00  0.00e+00  0.00e+00  0.00e+00  0.00e+00  0.00e+00  0.00e+00  0.00e+00  0.00e+00  0.00e+00  0.00e+00  0.00e+00  0.00e+00  0.00e+00  0.00e+00  0.00e+00  0.00e+00 
7.65e+11 3.62e+09 8.83e+11 4.17e+09   27    7     -1        0  6.76e+07  3.71e+06  3.55e+05  0.00e+00  0.00e+00  0.00e+00  0.00e+00  0.00e+00  0.00e+00  0.00e+00  0.00e+00  0.00e+00  0.00e+00  0.00e+00  0.00e+00  0.00e+00  0.00e+00  0.00e+00  0.00e+00  0.00e+00  0.00e+00 
7.65e+11 4.73e+09 8.83e+11 5.45e+09   27    8     -1        0  7.72e+07  3.29e+06  5.17e+05  0.00e+00  0.00e+00  0.00e+00  0.00e+00  0.00e+00  0.00e+00  0.00e+00  0.00e+00  0.00e+00  0.00e+00  0.00e+00  0.00e+00  0.00e+00  0.00e+00  0.00e+00  0.00e+00  0.00e+00  0.00e+00 
7.65e+11 6.18e+09 8.83e+11 7.12e+09   27    9     -1        0  8.81e+07  2.90e+06  7.57e+05  0.00e+00  0.00e+00  0.00e+00  0.00e+00  0.00e+00  0.00e+00  0.00e+00  0.00e+00  0.00e+00  0.00e+00  0.00e+00  0.00e+00  0.00e+00  0.00e+00  0.00e+00  0.00e+00  0.00e+00  0.00e+00 
7.65e+11 8.07e+09 8.83e+11 9.31e+09   27   10     -1        0  1.01e+08  2.56e+06  1.11e+06  0.00e+00  0.00e+00  0.00e+00  0.00e+00  0.00e+00  0.00e+00  0.00e+00  0.00e+00  0.00e+00  0.00e+00  0.00e+00  0.00e+00  0.00e+00  0.00e+00  0.00e+00  0.00e+00  0.00e+00  0.00e+00 
7.65e+11 1.05e+10 8.83e+11 1.22e+10   27   11      1        3  1.15e+08  2.25e+06  1.64e+06  5.88e+30  0.00e+00  2.56e-18  2.67e+03  3.36e+04  0.00e+00  0.00e+00  0.00e+00  0.00e+00  0.00e+00  0.00e+00  0.00e+00  0.00e+00       inf      -nan  1.80e+01  0.00e+00  8.00e+00 
7.65e+11 1.38e+10 8.83e+11 1.59e+10   27   12      1        2  1.31e+08  1.97e+06  2.43e+06  5.34e+33  0.00e+00  5.10e-18  5.75e+01  2.64e+04  0.00e+00  0.00e+00  0.00e+00  0.00e+00  0.00e+00  0.00e+00  0.00e+00  0.00e+00       inf       inf  4.05e+02  0.00e+00  1.10e+02 
7.65e+11 1.80e+10 8.83e+11 2.08e+10   27   13      1        2  1.50e+08  1.73e+06  3.61e+06  1.44e+34  0.00e+00  5.10e-18  5.79e+01  2.72e+04  0.00e+00  0.00e+00  0.00e+00  0.00e+00  0.00e+00  0.00e+00  0.00e+00  0.00e+00       inf       inf  8.31e+02  0.00e+00  1.59e+02 
7.65e+11 2.36e+10 8.83e+11 2.72e+10   27   14      1        2  1.71e+08  1.52e+06  5.36e+06  1.88e+34  0.00e+00  5.10e-18  2.18e+01  2.75e+04  0.00e+00  0.00e+00  0.00e+00  0.00e+00  0.00e+00  0.00e+00  0.00e+00  0.00e+00       inf       inf  1.22e+03  0.00e+00  1.97e+02 
7.65e+11 3.08e+10 8.83e+11 3.55e+10   27   15      1        2  1.95e+08  1.33e+06  7.97e+06  2.45e+34  0.00e+00  5.10e-18  9.57e+01  2.73e+04  0.00e+00  0.00e+00  0.00e+00  0.00e+00  0.00e+00 -6.05e+18  8.97e+18  9.92e+18       inf       inf  2.18e+03  0.00e+00  3.17e+02 
7.65e+11 4.02e+10 8.83e+11 4.64e+10   27   16      1        2  2.23e+08  1.17e+06  1.19e+07  3.20e+34  0.00e+00  5.65e-18  2.18e+01  2.83e+04  0.00e+00  0.00e+00  0.00e+00  0.00e+00  0.00e+00  2.09e+18 -3.02e+18 -2.62e+18       inf       inf  4.76e+03  0.00e+00  9.08e+02 
7.65e+11 5.26e+10 8.83e+11 6.07e+10   27   17      1        2  2.55e+08  1.02e+06  1.77e+07  4.16e+34  0.00e+00  7.47e-18  2.18e+01  3.81e+04  0.00e+00  0.00e+00  0.00e+00  0.00e+00  0.00e+00  0.00e+00  0.00e+00  0.00e+00       inf       inf  1.26e+04  0.00e+00  4.98e+03 
7.65e+11 6.87e+10 8.83e+11 7.93e+10   27   18      1        2  2.91e+08  8.95e+05  2.63e+07  5.40e+34  0.00e+00  7.66e-18  2.18e+01  4.67e+04  0.00e+00  0.00e+00  0.00e+00  0.00e+00  0.00e+00  0.00e+00  0.00e+00  0.00e+00       inf       inf  3.12e+04  0.00e+00  1.68e+04 
7.65e+11 8.98e+10 8.83e+11 1.04e+11   27   19      1        2  3.32e+08  7.83e+05  3.92e+07  6.98e+34  0.00e+00  8.24e-18  2.18e+01  4.97e+04  0.00e+00  0.00e+00  0.00e+00  0.00e+00  0.00e+00 -1.46e+19  1.15e+19  3.97e+18       inf       inf  6.40e+04  0.00e+00  3.80e+04 
7.65e+11 1.17e+11 8.83e+11 1.35e+11   27   20      1        2  3.79e+08  6.85e+05  5.83e+07  8.92e+34  0.00e+00  8.24e-18  2.18e+01  5.14e+04  0.00e+00  0.00e+00  0.00e+00  0.00e+00  0.00e+00  0.00e+00  0.00e+00  0.00e+00       inf       inf  1.24e+05  0.00e+00  7.76e+04 
7.65e+11 1.53e+11 8.83e+11 1.77e+11   27   21      1        2  4.30e+08  6.00e+05  8.66e+07  1.12e+35  0.00e+00  8.24e-18  2.18e+01  5.29e+04  0.00e+00  0.00e+00  0.00e+00  0.00e+00  0.00e+00  0.00e+00  0.00e+00  0.00e+00       inf       inf  2.32e+05  0.00e+00  1.51e+05 
7.65e+11 2.01e+11 8.83e+11 2.31e+11   27   22      1        2  4.88e+08  5.25e+05  1.28e+08  1.37e+35  0.00e+00  8.24e-18  2.18e+01  5.37e+04  0.00e+00  0.00e+00  0.00e+00  0.00e+00  0.00e+00  0.00e+00  0.00e+00  0.00e+00       inf       inf  4.13e+05  0.00e+00  2.73e+05 
7.65e+11 2.62e+11 8.83e+11 3.02e+11   27   23      1        2  5.50e+08  4.59e+05  1.89e+08  1.59e+35  0.00e+00  8.24e-18  2.18e+01  5.40e+04  0.00e+00  0.00e+00  0.00e+00  0.00e+00  0.00e+00  0.00e+00  0.00e+00  0.00e+00       inf       inf  6.96e+05  0.00e+00  4.64e+05 
7.65e+11 3.43e+11 8.83e+11 3.95e+11   27   24      1        2  6.14e+08  4.02e+05  2.75e+08  1.56e+35  0.00e+00  8.24e-18  2.18e+01  5.45e+04  0.00e+00  0.00e+00  0.00e+00  0.00e+00  0.00e+00  0.00e+00  0.00e+00  0.00e+00       inf       inf  8.91e+05  0.00e+00  5.99e+05 
7.65e+11 4.48e+11 8.83e+11 5.17e+11   27   25      1        2  6.56e+08  3.63e+05  3.84e+08  1.41e+34  0.00e+00  8.24e-18  2.18e+01  5.46e+04  0.00e+00  0.00e+00  0.00e+00  0.00e+00  0.00e+00  0.00e+00  0.00e+00  0.00e+00       inf       inf  2.58e+05  0.00e+00  1.74e+05 
7.65e+11 5.85e+11 8.83e+11 6.75e+11   27   26     -1        0  6.20e+08  3.63e+05  4.75e+08  0.00e+00  0.00e+00  0.00e+00  0.00e+00  0.00e+00  0.00e+00  0.00e+00  0.00e+00  0.00e+00  0.00e+00  0.00e+00  0.00e+00  0.00e+00  0.00e+00  0.00e+00  0.00e+00  0.00e+00  0.00e+00 
7.65e+11 7.65e+11 8.83e+11 8.83e+11   27   27     -1        0  5.72e+08  3.63e+05  5.72e+08  0.00e+00  0.00e+00  0.00e+00  0.00e+00  0.00e+00  0.00e+00  0.00e+00  0.00e+00  0.00e+00  0.00e+00  0.00e+00  0.00e+00  0.00e+00  0.00e+00  0.00e+00  0.00e+00  0.00e+00  0.00e+00 
7.65e+11 1.00e+12 8.83e+11 1.15e+12   27   28     -1        0  5.11e+08  3.63e+05  6.68e+08  0.00e+00  0.00e+00  0.00e+00  0.00e+00  0.00e+00  0.00e+00  0.00e+00  0.00e+00  0.00e+00  0.00e+00  0.00e+00  0.00e+00  0.00e+00  0.00e+00  0.00e+00  0.00e+00  0.00e+00  0.00e+00 
7.65e+11 1.31e+12 8.83e+11 1.51e+12   27   29     -1        0  4.43e+08  3.63e+05  7.57e+08  0.00e+00  0.00e+00  0.00e+00  0.00e+00  0.00e+00  0.00e+00  0.00e+00  0.00e+00  0.00e+00  0.00e+00  0.00e+00  0.00e+00  0.00e+00  0.00e+00  0.00e+00  0.00e+00  0.00e+00  0.00e+00 
1.00e+12 0.00e+00 1.15e+12 3.63e+08   28    0     -1        0  2.83e+05  1.03e+07  1.13e+02  0.00e+00  0.00e+00  0.00e+00  0.00e+00  0.00e+00  0.00e+00  0.00e+00  0.00e+00  0.00e+00  0.00e+00  0.00e+00  0.00e+00  0.00e+00  0.00e+00  0.00e+00  0.00e+00  0.00e+00  0.00e+00 
1.00e+12 7.25e+08 1.15e+12 8.37e+08   28    1     -1        0  3.04e+07  6.14e+06  3.42e+04  0.00e+00  0.00e+00  0.00e+00  0.00e+00  0.00e+00  0.00e+00  0.00e+00  0.00e+00  0.00e+00  0.00e+00  0.00e+00  0.00e+00  0.00e+00  0.00e+00  0.00e+00  0.00e+00  0.00e+00  0.00e+00 
1.00e+12 9.48e+08 1.15e+12 1.09e+09   28    2     -1        0  3.46e+07  5.61e+06  4.66e+04  0.00e+00  0.00e+00  0.00e+00  0.00e+00  0.00e+00  0.00e+00  0.00e+00  0.00e+00  0.00e+00  0.00e+00  0.00e+00  0.00e+00  0.00e+00  0.00e+00  0.00e+00  0.00e+00  0.00e+00  0.00e+00 
1.00e+12 1.24e+09 1.15e+12 1.43e+09   28    3     -1        0  3.93e+07  5.08e+06  6.43e+04  0.00e+00  0.00e+00  0.00e+00  0.00e+00  0.00e+00  0.00e+00  0.00e+00  0.00e+00  0.00e+00  0.00e+00  0.00e+00  0.00e+00  0.00e+00  0.00e+00  0.00e+00  0.00e+00  0.00e+00  0.00e+00 
1.00e+12 1.62e+09 1.15e+12 1.87e+09   28    4     -1        0  4.46e+07  4.58e+06  8.99e+04  0.00e+00  0.00e+00  0.00e+00  0.00e+00  0.00e+00  0.00e+00  0.00e+00  0.00e+00  0.00e+00  0.00e+00  0.00e+00  0.00e+00  0.00e+00  0.00e+00  0.00e+00  0.00e+00  0.00e+00  0.00e+00 
1.00e+12 2.12e+09 1.15e+12 2.44e+09   28    5     -1        0  5.06e+07  4.10e+06  1.27e+05  0.00e+00  0.00e+00  0.00e+00  0.00e+00  0.00e+00  0.00e+00  0.00e+00  0.00e+00  0.00e+00  0.00e+00  0.00e+00  0.00e+00  0.00e+00  0.00e+00  0.00e+00  0.00e+00  0.00e+00  0.00e+00 
1.00e+12 2.77e+09 1.15e+12 3.19e+09   28    6     -1        0  5.75e+07  3.66e+06  1.82e+05  0.00e+00  0.00e+00  0.00e+00  0.00e+00  0.00e+00  0.00e+00  0.00e+00  0.00e+00  0.00e+00  0.00e+00  0.00e+00  0.00e+00  0.00e+00  0.00e+00  0.00e+00  0.00e+00  0.00e+00  0.00e+00 
1.00e+12 3.62e+09 1.15e+12 4.17e+09   28    7     -1        0  6.54e+07  3.25e+06  2.63e+05  0.00e+00  0.00e+00  0.00e+00  0.00e+00  0.00e+00  0.00e+00  0.00e+00  0.00e+00  0.00e+00  0.00e+00  0.00e+00  0.00e+00  0.00e+00  0.00e+00  0.00e+00  0.00e+00  0.00e+00  0.00e+00 
1.00e+12 4.73e+09 1.15e+12 5.45e+09   28    8     -1        0  7.45e+07  2.87e+06  3.82e+05  0.00e+00  0.00e+00  0.00e+00  0.00e+00  0.00e+00  0.00e+00  0.00e+00  0.00e+00  0.00e+00  0.00e+00  0.00e+00  0.00e+00  0.00e+00  0.00e+00  0.00e+00  0.00e+00  0.00e+00  0.00e+00 
1.00e+12 6.18e+09 1.15e+12 7.12e+09   28    9     -1        0  8.49e+07  2.54e+06  5.58e+05  0.00e+00  0.00e+00  0.00e+00  0.00e+00  0.00e+00  0.00e+00  0.00e+00  0.00e+00  0.00e+00  0.00e+00  0.00e+00  0.00e+00  0.00e+00  0.00e+00  0.00e+00  0.00e+00  0.00e+00  0.00e+00 
1.00e+12 8.07e+09 1.15e+12 9.31e+09   28   10     -1        0  9.68e+07  2.24e+06  8.20e+05  0.00e+00  0.00e+00  0.00e+00  0.00e+00  0.00e+00  0.00e+00  0.00e+00  0.00e+00  0.00e+00  0.00e+00  0.00e+00  0.00e+00  0.00e+00  0.00e+00  0.00e+00  0.00e+00  0.00e+00  0.00e+00 
1.00e+12 1.05e+10 1.15e+12 1.22e+10   28   11     -1        0  1.10e+08  1.97e+06  1.21e+06  0.00e+00  0.00e+00  0.00e+00  0.00e+00  0.00e+00  0.00e+00  0.00e+00  0.00e+00  0.00e+00  0.00e+00  0.00e+00  0.00e+00  0.00e+00  0.00e+00  0.00e+00  0.00e+00  0.00e+00  0.00e+00 
1.00e+12 1.38e+10 1.15e+12 1.59e+10   28   12     -1        0  1.26e+08  1.73e+06  1.79e+06  0.00e+00  0.00e+00  0.00e+00  0.00e+00  0.00e+00  0.00e+00  0.00e+00  0.00e+00  0.00e+00  0.00e+00  0.00e+00  0.00e+00  0.00e+00  0.00e+00  0.00e+00  0.00e+00  0.00e+00  0.00e+00 
1.00e+12 1.80e+10 1.15e+12 2.08e+10   28   13     -1        0  1.44e+08  1.52e+06  2.65e+06  0.00e+00  0.00e+00  0.00e+00  0.00e+00  0.00e+00  0.00e+00  0.00e+00  0.00e+00  0.00e+00  0.00e+00  0.00e+00  0.00e+00  0.00e+00  0.00e+00  0.00e+00  0.00e+00  0.00e+00  0.00e+00 
1.00e+12 2.36e+10 1.15e+12 2.72e+10   28   14     -1        0  1.64e+08  1.33e+06  3.93e+06  0.00e+00  0.00e+00  0.00e+00  0.00e+00  0.00e+00  0.00e+00  0.00e+00  0.00e+00  0.00e+00  0.00e+00  0.00e+00  0.00e+00  0.00e+00  0.00e+00  0.00e+00  0.00e+00  0.00e+00  0.00e+00 
1.00e+12 3.08e+10 1.15e+12 3.55e+10   28   15     -1        0  1.88e+08  1.17e+06  5.85e+06  0.00e+00  0.00e+00  0.00e+00  0.00e+00  0.00e+00  0.00e+00  0.00e+00  0.00e+00  0.00e+00  0.00e+00  0.00e+00  0.00e+00  0.00e+00  0.00e+00  0.00e+00  0.00e+00  0.00e+00  0.00e+00 
1.00e+12 4.02e+10 1.15e+12 4.64e+10   28   16     -1        0  2.14e+08  1.02e+06  8.71e+06  0.00e+00  0.00e+00  0.00e+00  0.00e+00  0.00e+00  0.00e+00  0.00e+00  0.00e+00  0.00e+00  0.00e+00  0.00e+00  0.00e+00  0.00e+00  0.00e+00  0.00e+00  0.00e+00  0.00e+00  0.00e+00 
1.00e+12 5.26e+10 1.15e+12 6.07e+10   28   17     -1        0  2.45e+08  8.94e+05  1.30e+07  0.00e+00  0.00e+00  0.00e+00  0.00e+00  0.00e+00  0.00e+00  0.00e+00  0.00e+00  0.00e+00  0.00e+00  0.00e+00  0.00e+00  0.00e+00  0.00e+00  0.00e+00  0.00e+00  0.00e+00  0.00e+00 
1.00e+12 6.87e+10 1.15e+12 7.93e+10   28   18     -1        0  2.80e+08  7.82e+05  1.93e+07  0.00e+00  0.00e+00  0.00e+00  0.00e+00  0.00e+00  0.00e+00  0.00e+00  0.00e+00  0.00e+00  0.00e+00  0.00e+00  0.00e+00  0.00e+00  0.00e+00  0.00e+00  0.00e+00  0.00e+00  0.00e+00 
1.00e+12 8.98e+10 1.15e+12 1.04e+11   28   19     -1        0  3.19e+08  6.85e+05  2.88e+07  0.00e+00  0.00e+00  0.00e+00  0.00e+00  0.00e+00  0.00e+00  0.00e+00  0.00e+00  0.00e+00  0.00e+00  0.00e+00  0.00e+00  0.00e+00  0.00e+00  0.00e+00  0.00e+00  0.00e+00  0.00e+00 
1.00e+12 1.17e+11 1.15e+12 1.35e+11   28   20     -1        0  3.64e+08  5.99e+05  4.29e+07  0.00e+00  0.00e+00  0.00e+00  0.00e+00  0.00e+00  0.00e+00  0.00e+00  0.00e+00  0.00e+00  0.00e+00  0.00e+00  0.00e+00  0.00e+00  0.00e+00  0.00e+00  0.00e+00  0.00e+00  0.00e+00 
1.00e+12 1.53e+11 1.15e+12 1.77e+11   28   21     -1        0  4.15e+08  5.25e+05  6.38e+07  0.00e+00  0.00e+00  0.00e+00  0.00e+00  0.00e+00  0.00e+00  0.00e+00  0.00e+00  0.00e+00  0.00e+00  0.00e+00  0.00e+00  0.00e+00  0.00e+00  0.00e+00  0.00e+00  0.00e+00  0.00e+00 
1.00e+12 2.01e+11 1.15e+12 2.31e+11   28   22     -1        0  4.71e+08  4.59e+05  9.47e+07  0.00e+00  0.00e+00  0.00e+00  0.00e+00  0.00e+00  0.00e+00  0.00e+00  0.00e+00  0.00e+00  0.00e+00  0.00e+00  0.00e+00  0.00e+00  0.00e+00  0.00e+00  0.00e+00  0.00e+00  0.00e+00 
1.00e+12 2.62e+11 1.15e+12 3.02e+11   28   23     -1        0  5.33e+08  4.02e+05  1.40e+08  0.00e+00  0.00e+00  0.00e+00  0.00e+00  0.00e+00  0.00e+00  0.00e+00  0.00e+00  0.00e+00  0.00e+00  0.00e+00  0.00e+00  0.00e+00  0.00e+00  0.00e+00  0.00e+00  0.00e+00  0.00e+00 
1.00e+12 3.43e+11 1.15e+12 3.95e+11   28   24     -1        0  6.00e+08  3.51e+05  2.06e+08  0.00e+00  0.00e+00  0.00e+00  0.00e+00  0.00e+00  0.00e+00  0.00e+00  0.00e+00  0.00e+00  0.00e+00  0.00e+00  0.00e+00  0.00e+00  0.00e+00  0.00e+00  0.00e+00  0.00e+00  0.00e+00 
1.00e+12 4.48e+11 1.15e+12 5.17e+11   28   25     -1        0  6.69e+08  3.07e+05  3.00e+08  0.00e+00  0.00e+00  0.00e+00  0.00e+00  0.00e+00  0.00e+00  0.00e+00  0.00e+00  0.00e+00  0.00e+00  0.00e+00  0.00e+00  0.00e+00  0.00e+00  0.00e+00  0.00e+00  0.00e+00  0.00e+00 
1.00e+12 5.85e+11 1.15e+12 6.75e+11   28   26     -1        0  7.11e+08  2.77e+05  4.16e+08  0.00e+00  0.00e+00  0.00e+00  0.00e+00  0.00e+00  0.00e+00  0.00e+00  0.00e+00  0.00e+00  0.00e+00  0.00e+00  0.00e+00  0.00e+00  0.00e+00  0.00e+00  0.00e+00  0.00e+00  0.00e+00 
1.00e+12 7.65e+11 1.15e+12 8.83e+11   28   27     -1        0  6.68e+08  2.77e+05  5.11e+08  0.00e+00  0.00e+00  0.00e+00  0.00e+00  0.00e+00  0.00e+00  0.00e+00  0.00e+00  0.00e+00  0.00e+00  0.00e+00  0.00e+00  0.00e+00  0.00e+00  0.00e+00  0.00e+00  0.00e+00  0.00e+00 
1.00e+12 1.00e+12 1.15e+12 1.15e+12   28   28     -1        0  6.11e+08  2.77e+05  6.11e+08  0.00e+00  0.00e+00  0.00e+00  0.00e+00  0.00e+00  0.00e+00  0.00e+00  0.00e+00  0.00e+00  0.00e+00  0.00e+00  0.00e+00  0.00e+00  0.00e+00  0.00e+00  0.00e+00  0.00e+00  0.00e+00 
1.00e+12 1.31e+12 1.15e+12 1.51e+12   28   29     -1        0  5.42e+08  2.77e+05  7.08e+08  0.00e+00  0.00e+00  0.00e+00  0.00e+00  0.00e+00  0.00e+00  0.00e+00  0.00e+00  0.00e+00  0.00e+00  0.00e+00  0.00e+00  0.00e+00  0.00e+00  0.00e+00  0.00e+00  0.00e+00  0.00e+00 
1.31e+12 0.00e+00 1.51e+12 3.63e+08   29    0     -1        0  2.56e+05  9.01e+06  7.81e+01  0.00e+00  0.00e+00  0.00e+00  0.00e+00  0.00e+00  0.00e+00  0.00e+00  0.00e+00  0.00e+00  0.00e+00  0.00e+00  0.00e+00  0.00e+00  0.00e+00  0.00e+00  0.00e+00  0.00e+00  0.00e+00 
1.31e+12 7.25e+08 1.51e+12 8.37e+08   29    1     -1        0  2.96e+07  5.37e+06  2.55e+04  0.00e+00  0.00e+00  0.00e+00  0.00e+00  0.00e+00  0.00e+00  0.00e+00  0.00e+00  0.00e+00  0.00e+00  0.00e+00  0.00e+00  0.00e+00  0.00e+00  0.00e+00  0.00e+00  0.00e+00  0.00e+00 
1.31e+12 9.48e+08 1.51e+12 1.09e+09   29    2     -1        0  3.34e+07  4.90e+06  3.44e+04  0.00e+00  0.00e+00  0.00e+00  0.00e+00  0.00e+00  0.00e+00  0.00e+00  0.00e+00  0.00e+00  0.00e+00  0.00e+00  0.00e+00  0.00e+00  0.00e+00  0.00e+00  0.00e+00  0.00e+00  0.00e+00 
1.31e+12 1.24e+09 1.51e+12 1.43e+09   29    3     -1        0  3.77e+07  4.45e+06  4.72e+04  0.00e+00  0.00e+00  0.00e+00  0.00e+00  0.00e+00  0.00e+00  0.00e+00  0.00e+00  0.00e+00  0.00e+00  0.00e+00  0.00e+00  0.00e+00  0.00e+00  0.00e+00  0.00e+00  0.00e+00  0.00e+00 
1.31e+12 1.62e+09 1.51e+12 1.87e+09   29    4     -1        0  4.26e+07  4.01e+06  6.57e+04  0.00e+00  0.00e+00  0.00e+00  0.00e+00  0.00e+00  0.00e+00  0.00e+00  0.00e+00  0.00e+00  0.00e+00  0.00e+00  0.00e+00  0.00e+00  0.00e+00  0.00e+00  0.00e+00  0.00e+00  0.00e+00 
1.31e+12 2.12e+09 1.51e+12 2.44e+09   29    5     -1        0  4.81e+07  3.59e+06  9.26e+04  0.00e+00  0.00e+00  0.00e+00  0.00e+00  0.00e+00  0.00e+00  0.00e+00  0.00e+00  0.00e+00  0.00e+00  0.00e+00  0.00e+00  0.00e+00  0.00e+00  0.00e+00  0.00e+00  0.00e+00  0.00e+00 
1.31e+12 2.77e+09 1.51e+12 3.19e+09   29    6     -1        0  5.46e+07  3.20e+06  1.32e+05  0.00e+00  0.00e+00  0.00e+00  0.00e+00  0.00e+00  0.00e+00  0.00e+00  0.00e+00  0.00e+00  0.00e+00  0.00e+00  0.00e+00  0.00e+00  0.00e+00  0.00e+00  0.00e+00  0.00e+00  0.00e+00 
1.31e+12 3.62e+09 1.51e+12 4.17e+09   29    7     -1        0  6.19e+07  2.84e+06  1.90e+05  0.00e+00  0.00e+00  0.00e+00  0.00e+00  0.00e+00  0.00e+00  0.00e+00  0.00e+00  0.00e+00  0.00e+00  0.00e+00  0.00e+00  0.00e+00  0.00e+00  0.00e+00  0.00e+00  0.00e+00  0.00e+00 
1.31e+12 4.73e+09 1.51e+12 5.45e+09   29    8     -1        0  7.04e+07  2.51e+06  2.76e+05  0.00e+00  0.00e+00  0.00e+00  0.00e+00  0.00e+00  0.00e+00  0.00e+00  0.00e+00  0.00e+00  0.00e+00  0.00e+00  0.00e+00  0.00e+00  0.00e+00  0.00e+00  0.00e+00  0.00e+00  0.00e+00 
1.31e+12 6.18e+09 1.51e+12 7.12e+09   29    9     -1        0  8.01e+07  2.22e+06  4.03e+05  0.00e+00  0.00e+00  0.00e+00  0.00e+00  0.00e+00  0.00e+00  0.00e+00  0.00e+00  0.00e+00  0.00e+00  0.00e+00  0.00e+00  0.00e+00  0.00e+00  0.00e+00  0.00e+00  0.00e+00  0.00e+00 
1.31e+12 8.07e+09 1.51e+12 9.31e+09   29   10     -1        0  9.12e+07  1.96e+06  5.91e+05  0.00e+00  0.00e+00  0.00e+00  0.00e+00  0.00e+00  0.00e+00  0.00e+00  0.00e+00  0.00e+00  0.00e+00  0.00e+00  0.00e+00  0.00e+00  0.00e+00  0.00e+00  0.00e+00  0.00e+00  0.00e+00 
1.31e+12 1.05e+10 1.51e+12 1.22e+10   29   11     -1        0  1.04e+08  1.72e+06  8.71e+05  0.00e+00  0.00e+00  0.00e+00  0.00e+00  0.00e+00  0.00e+00  0.00e+00  0.00e+00  0.00e+00  0.00e+00  0.00e+00  0.00e+00  0.00e+00  0.00e+00  0.00e+00  0.00e+00  0.00e+00  0.00e+00 
1.31e+12 1.38e+10 1.51e+12 1.59e+10   29   12     -1        0  1.19e+08  1.51e+06  1.29e+06  0.00e+00  0.00e+00  0.00e+00  0.00e+00  0.00e+00  0.00e+00  0.00e+00  0.00e+00  0.00e+00  0.00e+00  0.00e+00  0.00e+00  0.00e+00  0.00e+00  0.00e+00  0.00e+00  0.00e+00  0.00e+00 
1.31e+12 1.80e+10 1.51e+12 2.08e+10   29   13     -1        0  1.35e+08  1.33e+06  1.91e+06  0.00e+00  0.00e+00  0.00e+00  0.00e+00  0.00e+00  0.00e+00  0.00e+00  0.00e+00  0.00e+00  0.00e+00  0.00e+00  0.00e+00  0.00e+00  0.00e+00  0.00e+00  0.00e+00  0.00e+00  0.00e+00 
1.31e+12 2.36e+10 1.51e+12 2.72e+10   29   14     -1        0  1.55e+08  1.16e+06  2.83e+06  0.00e+00  0.00e+00  0.00e+00  0.00e+00  0.00e+00  0.00e+00  0.00e+00  0.00e+00  0.00e+00  0.00e+00  0.00e+00  0.00e+00  0.00e+00  0.00e+00  0.00e+00  0.00e+00  0.00e+00  0.00e+00 
1.31e+12 3.08e+10 1.51e+12 3.55e+10   29   15     -1        0  1.76e+08  1.02e+06  4.21e+06  0.00e+00  0.00e+00  0.00e+00  0.00e+00  0.00e+00  0.00e+00  0.00e+00  0.00e+00  0.00e+00  0.00e+00  0.00e+00  0.00e+00  0.00e+00  0.00e+00  0.00e+00  0.00e+00  0.00e+00  0.00e+00 
1.31e+12 4.02e+10 1.51e+12 4.64e+10   29   16     -1        0  2.02e+08  8.93e+05  6.27e+06  0.00e+00  0.00e+00  0.00e+00  0.00e+00  0.00e+00  0.00e+00  0.00e+00  0.00e+00  0.00e+00  0.00e+00  0.00e+00  0.00e+00  0.00e+00  0.00e+00  0.00e+00  0.00e+00  0.00e+00  0.00e+00 
1.31e+12 5.26e+10 1.51e+12 6.07e+10   29   17     -1        0  2.30e+08  7.82e+05  9.33e+06  0.00e+00  0.00e+00  0.00e+00  0.00e+00  0.00e+00  0.00e+00  0.00e+00  0.00e+00  0.00e+00  0.00e+00  0.00e+00  0.00e+00  0.00e+00  0.00e+00  0.00e+00  0.00e+00  0.00e+00  0.00e+00 
1.31e+12 6.87e+10 1.51e+12 7.93e+10   29   18     -1        0  2.63e+08  6.84e+05  1.39e+07  0.00e+00  0.00e+00  0.00e+00  0.00e+00  0.00e+00  0.00e+00  0.00e+00  0.00e+00  0.00e+00  0.00e+00  0.00e+00  0.00e+00  0.00e+00  0.00e+00  0.00e+00  0.00e+00  0.00e+00  0.00e+00 
1.31e+12 8.98e+10 1.51e+12 1.04e+11   29   19     -1        0  3.00e+08  5.99e+05  2.07e+07  0.00e+00  0.00e+00  0.00e+00  0.00e+00  0.00e+00  0.00e+00  0.00e+00  0.00e+00  0.00e+00  0.00e+00  0.00e+00  0.00e+00  0.00e+00  0.00e+00  0.00e+00  0.00e+00  0.00e+00  0.00e+00 
1.31e+12 1.17e+11 1.51e+12 1.35e+11   29   20     -1        0  3.43e+08  5.24e+05  3.09e+07  0.00e+00  0.00e+00  0.00e+00  0.00e+00  0.00e+00  0.00e+00  0.00e+00  0.00e+00  0.00e+00  0.00e+00  0.00e+00  0.00e+00  0.00e+00  0.00e+00  0.00e+00  0.00e+00  0.00e+00  0.00e+00 
1.31e+12 1.53e+11 1.51e+12 1.77e+11   29   21     -1        0  3.91e+08  4.59e+05  4.60e+07  0.00e+00  0.00e+00  0.00e+00  0.00e+00  0.00e+00  0.00e+00  0.00e+00  0.00e+00  0.00e+00  0.00e+00  0.00e+00  0.00e+00  0.00e+00  0.00e+00  0.00e+00  0.00e+00  0.00e+00  0.00e+00 
1.31e+12 2.01e+11 1.51e+12 2.31e+11   29   22     -1        0  4.45e+08  4.01e+05  6.84e+07  0.00e+00  0.00e+00  0.00e+00  0.00e+00  0.00e+00  0.00e+00  0.00e+00  0.00e+00  0.00e+00  0.00e+00  0.00e+00  0.00e+00  0.00e+00  0.00e+00  0.00e+00  0.00e+00  0.00e+00  0.00e+00 
1.31e+12 2.62e+11 1.51e+12 3.02e+11   29   23     -1        0  5.06e+08  3.51e+05  1.02e+08  0.00e+00  0.00e+00  0.00e+00  0.00e+00  0.00e+00  0.00e+00  0.00e+00  0.00e+00  0.00e+00  0.00e+00  0.00e+00  0.00e+00  0.00e+00  0.00e+00  0.00e+00  0.00e+00  0.00e+00  0.00e+00 
1.31e+12 3.43e+11 1.51e+12 3.95e+11   29   24     -1        0  5.72e+08  3.07e+05  1.50e+08  0.00e+00  0.00e+00  0.00e+00  0.00e+00  0.00e+00  0.00e+00  0.00e+00  0.00e+00  0.00e+00  0.00e+00  0.00e+00  0.00e+00  0.00e+00  0.00e+00  0.00e+00  0.00e+00  0.00e+00  0.00e+00 
1.31e+12 4.48e+11 1.51e+12 5.17e+11   29   25     -1        0  6.43e+08  2.69e+05  2.20e+08  0.00e+00  0.00e+00  0.00e+00  0.00e+00  0.00e+00  0.00e+00  0.00e+00  0.00e+00  0.00e+00  0.00e+00  0.00e+00  0.00e+00  0.00e+00  0.00e+00  0.00e+00  0.00e+00  0.00e+00  0.00e+00 
1.31e+12 5.85e+11 1.51e+12 6.75e+11   29   26     -1        0  7.14e+08  2.35e+05  3.20e+08  0.00e+00  0.00e+00  0.00e+00  0.00e+00  0.00e+00  0.00e+00  0.00e+00  0.00e+00  0.00e+00  0.00e+00  0.00e+00  0.00e+00  0.00e+00  0.00e+00  0.00e+00  0.00e+00  0.00e+00  0.00e+00 
1.31e+12 7.65e+11 1.51e+12 8.83e+11   29   27     -1        0  7.57e+08  2.12e+05  4.43e+08  0.00e+00  0.00e+00  0.00e+00  0.00e+00  0.00e+00  0.00e+00  0.00e+00  0.00e+00  0.00e+00  0.00e+00  0.00e+00  0.00e+00  0.00e+00  0.00e+00  0.00e+00  0.00e+00  0.00e+00  0.00e+00 
1.31e+12 1.00e+12 1.51e+12 1.15e+12   29   28     -1        0  7.08e+08  2.12e+05  5.42e+08  0.00e+00  0.00e+00  0.00e+00  0.00e+00  0.00e+00  0.00e+00  0.00e+00  0.00e+00  0.00e+00  0.00e+00  0.00e+00  0.00e+00  0.00e+00  0.00e+00  0.00e+00  0.00e+00  0.00e+00  0.00e+00 
1.31e+12 1.31e+12 1.51e+12 1.51e+12   29   29     -1        0  6.44e+08  2.12e+05  6.44e+08  0.00e+00  0.00e+00  0.00e+00  0.00e+00  0.00e+00  0.00e+00  0.00e+00  0.00e+00  0.00e+00  0.00e+00  0.00e+00  0.00e+00  0.00e+00  0.00e+00  0.00e+00  0.00e+00  0.00e+00  0.00e+00 
