       x        z     xcen     zcen    i    j inwind converge       v_x       v_y       v_z       vol       rho        ne       t_e       t_r        h1       he2        c4        n5        o6  dmo_dt_x  dmo_dt_y  dmo_dt_z        ip        xi      ntot      nrad    nioniz 
0.00e+00 0.00e+00 3.63e+08 3.63e+08    0    0     -2        0  0.00e+00  0.00e+00  2.19e+06  0.00e+00  0.00e+00  0.00e+00  0.00e+00  0.00e+00  0.00e+00  0.00e+00  0.00e+00  0.00e+00  0.00e+00  0.00e+00  0.00e+00  0.00e+00  0.00e+00  0.00e+00  0.00e+00  0.00e+00  0.00e+00 
0.00e+00 7.25e+08 3.63e+08 8.37e+08    0    1     -1        0  0.00e+00  0.00e+00  3.26e+06  0.00e+00  0.00e+00  0.00e+00  0.00e+00  0.00e+00  0.00e+00  0.00e+00  0.00e+00  0.00e+00  0.00e+00  0.00e+00  0.00e+00  0.00e+00  0.00e+00  0.00e+00  0.00e+00  0.00e+00  0.00e+00 
0.00e+00 9.48e+08 3.63e+08 1.09e+09    0    2     -1        0  0.00e+00  0.00e+00  3.77e+06  0.00e+00  0.00e+00  0.00e+00  0.00e+00  0.00e+00  0.00e+00  0.00e+00  0.00e+00  0.00e+00  0.00e+00  0.00e+00  0.00e+00  0.00e+00  0.00e+00  0.00e+00  0.00e+00  0.00e+00  0.00e+00 
0.00e+00 1.24e+09 3.63e+08 1.43e+09    0    3     -1        0  0.00e+00  0.00e+00  4.54e+06  0.00e+00  0.00e+00  0.00e+00  0.00e+00  0.00e+00  0.00e+00  0.00e+00  0.00e+00  0.00e+00  0.00e+00  0.00e+00  0.00e+00  0.00e+00  0.00e+00  0.00e+00  0.00e+00  0.00e+00  0.00e+00 
0.00e+00 1.62e+09 3.63e+08 1.87e+09    0    4     -1        0  0.00e+00  0.00e+00  5.68e+06  0.00e+00  0.00e+00  0.00e+00  0.00e+00  0.00e+00  0.00e+00  0.00e+00  0.00e+00  0.00e+00  0.00e+00  0.00e+00  0.00e+00  0.00e+00  0.00e+00  0.00e+00  0.00e+00  0.00e+00  0.00e+00 
0.00e+00 2.12e+09 3.63e+08 2.44e+09    0    5     -1        0  0.00e+00  0.00e+00  7.35e+06  0.00e+00  0.00e+00  0.00e+00  0.00e+00  0.00e+00  0.00e+00  0.00e+00  0.00e+00  0.00e+00  0.00e+00  0.00e+00  0.00e+00  0.00e+00  0.00e+00  0.00e+00  0.00e+00  0.00e+00  0.00e+00 
0.00e+00 2.77e+09 3.63e+08 3.19e+09    0    6     -1        0  0.00e+00  0.00e+00  9.80e+06  0.00e+00  0.00e+00  0.00e+00  0.00e+00  0.00e+00  0.00e+00  0.00e+00  0.00e+00  0.00e+00  0.00e+00  0.00e+00  0.00e+00  0.00e+00  0.00e+00  0.00e+00  0.00e+00  0.00e+00  0.00e+00 
0.00e+00 3.62e+09 3.63e+08 4.17e+09    0    7     -1        0  0.00e+00  0.00e+00  1.34e+07  0.00e+00  0.00e+00  0.00e+00  0.00e+00  0.00e+00  0.00e+00  0.00e+00  0.00e+00  0.00e+00  0.00e+00  0.00e+00  0.00e+00  0.00e+00  0.00e+00  0.00e+00  0.00e+00  0.00e+00  0.00e+00 
0.00e+00 4.73e+09 3.63e+08 5.45e+09    0    8     -1        0  0.00e+00  0.00e+00  1.85e+07  0.00e+00  0.00e+00  0.00e+00  0.00e+00  0.00e+00  0.00e+00  0.00e+00  0.00e+00  0.00e+00  0.00e+00  0.00e+00  0.00e+00  0.00e+00  0.00e+00  0.00e+00  0.00e+00  0.00e+00  0.00e+00 
0.00e+00 6.18e+09 3.63e+08 7.12e+09    0    9     -1        0  0.00e+00  0.00e+00  2.59e+07  0.00e+00  0.00e+00  0.00e+00  0.00e+00  0.00e+00  0.00e+00  0.00e+00  0.00e+00  0.00e+00  0.00e+00  0.00e+00  0.00e+00  0.00e+00  0.00e+00  0.00e+00  0.00e+00  0.00e+00  0.00e+00 
0.00e+00 8.07e+09 3.63e+08 9.31e+09    0   10     -1        0  0.00e+00  0.00e+00  3.64e+07  0.00e+00  0.00e+00  0.00e+00  0.00e+00  0.00e+00  0.00e+00  0.00e+00  0.00e+00  0.00e+00  0.00e+00  0.00e+00  0.00e+00  0.00e+00  0.00e+00  0.00e+00  0.00e+00  0.00e+00  0.00e+00 
0.00e+00 1.05e+10 3.63e+08 1.22e+10    0   11     -1        0  0.00e+00  0.00e+00  5.11e+07  0.00e+00  0.00e+00  0.00e+00  0.00e+00  0.00e+00  0.00e+00  0.00e+00  0.00e+00  0.00e+00  0.00e+00  0.00e+00  0.00e+00  0.00e+00  0.00e+00  0.00e+00  0.00e+00  0.00e+00  0.00e+00 
0.00e+00 1.38e+10 3.63e+08 1.59e+10    0   12     -1        0  0.00e+00  0.00e+00  7.12e+07  0.00e+00  0.00e+00  0.00e+00  0.00e+00  0.00e+00  0.00e+00  0.00e+00  0.00e+00  0.00e+00  0.00e+00  0.00e+00  0.00e+00  0.00e+00  0.00e+00  0.00e+00  0.00e+00  0.00e+00  0.00e+00 
0.00e+00 1.80e+10 3.63e+08 2.08e+10    0   13     -1        0  0.00e+00  0.00e+00  9.81e+07  0.00e+00  0.00e+00  0.00e+00  0.00e+00  0.00e+00  0.00e+00  0.00e+00  0.00e+00  0.00e+00  0.00e+00  0.00e+00  0.00e+00  0.00e+00  0.00e+00  0.00e+00  0.00e+00  0.00e+00  0.00e+00 
0.00e+00 2.36e+10 3.63e+08 2.72e+10    0   14     -1        0  0.00e+00  0.00e+00  1.33e+08  0.00e+00  0.00e+00  0.00e+00  0.00e+00  0.00e+00  0.00e+00  0.00e+00  0.00e+00  0.00e+00  0.00e+00  0.00e+00  0.00e+00  0.00e+00  0.00e+00  0.00e+00  0.00e+00  0.00e+00  0.00e+00 
0.00e+00 3.08e+10 3.63e+08 3.55e+10    0   15     -1        0  0.00e+00  0.00e+00  1.78e+08  0.00e+00  0.00e+00  0.00e+00  0.00e+00  0.00e+00  0.00e+00  0.00e+00  0.00e+00  0.00e+00  0.00e+00  0.00e+00  0.00e+00  0.00e+00  0.00e+00  0.00e+00  0.00e+00  0.00e+00  0.00e+00 
0.00e+00 4.02e+10 3.63e+08 4.64e+10    0   16     -1        0  0.00e+00  0.00e+00  2.32e+08  0.00e+00  0.00e+00  0.00e+00  0.00e+00  0.00e+00  0.00e+00  0.00e+00  0.00e+00  0.00e+00  0.00e+00  0.00e+00  0.00e+00  0.00e+00  0.00e+00  0.00e+00  0.00e+00  0.00e+00  0.00e+00 
0.00e+00 5.26e+10 3.63e+08 6.07e+10    0   17     -1        0  0.00e+00  0.00e+00  2.97e+08  0.00e+00  0.00e+00  0.00e+00  0.00e+00  0.00e+00  0.00e+00  0.00e+00  0.00e+00  0.00e+00  0.00e+00  0.00e+00  0.00e+00  0.00e+00  0.00e+00  0.00e+00  0.00e+00  0.00e+00  0.00e+00 
0.00e+00 6.87e+10 3.63e+08 7.93e+10    0   18     -1        0  0.00e+00  0.00e+00  3.69e+08  0.00e+00  0.00e+00  0.00e+00  0.00e+00  0.00e+00  0.00e+00  0.00e+00  0.00e+00  0.00e+00  0.00e+00  0.00e+00  0.00e+00  0.00e+00  0.00e+00  0.00e+00  0.00e+00  0.00e+00  0.00e+00 
0.00e+00 8.98e+10 3.63e+08 1.04e+11    0   19     -1        0  0.00e+00  0.00e+00  4.47e+08  0.00e+00  0.00e+00  0.00e+00  0.00e+00  0.00e+00  0.00e+00  0.00e+00  0.00e+00  0.00e+00  0.00e+00  0.00e+00  0.00e+00  0.00e+00  0.00e+00  0.00e+00  0.00e+00  0.00e+00  0.00e+00 
0.00e+00 1.17e+11 3.63e+08 1.35e+11    0   20     -1        0  0.00e+00  0.00e+00  5.27e+08  0.00e+00  0.00e+00  0.00e+00  0.00e+00  0.00e+00  0.00e+00  0.00e+00  0.00e+00  0.00e+00  0.00e+00  0.00e+00  0.00e+00  0.00e+00  0.00e+00  0.00e+00  0.00e+00  0.00e+00  0.00e+00 
0.00e+00 1.53e+11 3.63e+08 1.77e+11    0   21     -1        0  0.00e+00  0.00e+00  6.07e+08  0.00e+00  0.00e+00  0.00e+00  0.00e+00  0.00e+00  0.00e+00  0.00e+00  0.00e+00  0.00e+00  0.00e+00  0.00e+00  0.00e+00  0.00e+00  0.00e+00  0.00e+00  0.00e+00  0.00e+00  0.00e+00 
0.00e+00 2.01e+11 3.63e+08 2.31e+11    0   22     -1        0  0.00e+00  0.00e+00  6.82e+08  0.00e+00  0.00e+00  0.00e+00  0.00e+00  0.00e+00  0.00e+00  0.00e+00  0.00e+00  0.00e+00  0.00e+00  0.00e+00  0.00e+00  0.00e+00  0.00e+00  0.00e+00  0.00e+00  0.00e+00  0.00e+00 
0.00e+00 2.62e+11 3.63e+08 3.02e+11    0   23     -1        0  0.00e+00  0.00e+00  7.51e+08  0.00e+00  0.00e+00  0.00e+00  0.00e+00  0.00e+00  0.00e+00  0.00e+00  0.00e+00  0.00e+00  0.00e+00  0.00e+00  0.00e+00  0.00e+00  0.00e+00  0.00e+00  0.00e+00  0.00e+00  0.00e+00 
0.00e+00 3.43e+11 3.63e+08 3.95e+11    0   24     -1        0  0.00e+00  0.00e+00  8.12e+08  0.00e+00  0.00e+00  0.00e+00  0.00e+00  0.00e+00  0.00e+00  0.00e+00  0.00e+00  0.00e+00  0.00e+00  0.00e+00  0.00e+00  0.00e+00  0.00e+00  0.00e+00  0.00e+00  0.00e+00  0.00e+00 
0.00e+00 4.48e+11 3.63e+08 5.17e+11    0   25     -1        0  0.00e+00  0.00e+00  8.64e+08  0.00e+00  0.00e+00  0.00e+00  0.00e+00  0.00e+00  0.00e+00  0.00e+00  0.00e+00  0.00e+00  0.00e+00  0.00e+00  0.00e+00  0.00e+00  0.00e+00  0.00e+00  0.00e+00  0.00e+00  0.00e+00 
0.00e+00 5.85e+11 3.63e+08 6.75e+11    0   26     -1        0  0.00e+00  0.00e+00  9.09e+08  0.00e+00  0.00e+00  0.00e+00  0.00e+00  0.00e+00  0.00e+00  0.00e+00  0.00e+00  0.00e+00  0.00e+00  0.00e+00  0.00e+00  0.00e+00  0.00e+00  0.00e+00  0.00e+00  0.00e+00  0.00e+00 
0.00e+00 7.65e+11 3.63e+08 8.83e+11    0   27     -1        0  0.00e+00  0.00e+00  9.45e+08  0.00e+00  0.00e+00  0.00e+00  0.00e+00  0.00e+00  0.00e+00  0.00e+00  0.00e+00  0.00e+00  0.00e+00  0.00e+00  0.00e+00  0.00e+00  0.00e+00  0.00e+00  0.00e+00  0.00e+00  0.00e+00 
0.00e+00 1.00e+12 3.63e+08 1.15e+12    0   28     -1        0  0.00e+00  0.00e+00  9.74e+08  0.00e+00  0.00e+00  0.00e+00  0.00e+00  0.00e+00  0.00e+00  0.00e+00  0.00e+00  0.00e+00  0.00e+00  0.00e+00  0.00e+00  0.00e+00  0.00e+00  0.00e+00  0.00e+00  0.00e+00  0.00e+00 
0.00e+00 1.31e+12 3.63e+08 1.51e+12    0   29     -1        0  0.00e+00  0.00e+00  9.98e+08  0.00e+00  0.00e+00  0.00e+00  0.00e+00  0.00e+00  0.00e+00  0.00e+00  0.00e+00  0.00e+00  0.00e+00  0.00e+00  0.00e+00  0.00e+00  0.00e+00  0.00e+00  0.00e+00  0.00e+00  0.00e+00 
7.25e+08 0.00e+00 8.37e+08 3.63e+08    1    0      1        0  3.92e+05  3.83e+08  2.16e+06  1.27e+27  0.00e+00  8.50e-18  1.75e+05  8.43e+04  0.00e+00  0.00e+00  0.00e+00  0.00e+00  0.00e+00 -1.37e+20  2.03e+20 -1.33e+21       inf       inf  1.41e+06  0.00e+00  1.28e+06 
7.25e+08 7.25e+08 8.37e+08 8.37e+08    1    1      1        0  4.98e+05  3.83e+08  3.24e+06  1.95e+26  0.00e+00  8.64e-18  2.20e+05  8.14e+04  0.00e+00  0.00e+00  0.00e+00  0.00e+00  0.00e+00  1.32e+20  1.31e+19 -3.47e+20       inf       inf  3.64e+05  0.00e+00  3.26e+05 
7.25e+08 9.48e+08 8.37e+08 1.09e+09    1    2      1        0  5.52e+05  3.83e+08  3.76e+06  9.01e+25  0.00e+00  8.49e-18  1.66e+05  8.00e+04  0.00e+00  0.00e+00  0.00e+00  0.00e+00  0.00e+00  1.28e+19 -1.08e+19 -5.55e+19       inf       inf  2.74e+05  0.00e+00  2.42e+05 
7.25e+08 1.24e+09 8.37e+08 1.43e+09    1    3     -1        0  6.29e+05  3.83e+08  4.53e+06  0.00e+00  0.00e+00  0.00e+00  0.00e+00  0.00e+00  0.00e+00  0.00e+00  0.00e+00  0.00e+00  0.00e+00  0.00e+00  0.00e+00  0.00e+00  0.00e+00  0.00e+00  0.00e+00  0.00e+00  0.00e+00 
7.25e+08 1.62e+09 8.37e+08 1.87e+09    1    4     -1        0  7.34e+05  3.83e+08  5.67e+06  0.00e+00  0.00e+00  0.00e+00  0.00e+00  0.00e+00  0.00e+00  0.00e+00  0.00e+00  0.00e+00  0.00e+00  0.00e+00  0.00e+00  0.00e+00  0.00e+00  0.00e+00  0.00e+00  0.00e+00  0.00e+00 
7.25e+08 2.12e+09 8.37e+08 2.44e+09    1    5     -1        0  8.73e+05  3.83e+08  7.35e+06  0.00e+00  0.00e+00  0.00e+00  0.00e+00  0.00e+00  0.00e+00  0.00e+00  0.00e+00  0.00e+00  0.00e+00  0.00e+00  0.00e+00  0.00e+00  0.00e+00  0.00e+00  0.00e+00  0.00e+00  0.00e+00 
7.25e+08 2.77e+09 8.37e+08 3.19e+09    1    6     -1        0  1.05e+06  3.83e+08  9.80e+06  0.00e+00  0.00e+00  0.00e+00  0.00e+00  0.00e+00  0.00e+00  0.00e+00  0.00e+00  0.00e+00  0.00e+00  0.00e+00  0.00e+00  0.00e+00  0.00e+00  0.00e+00  0.00e+00  0.00e+00  0.00e+00 
7.25e+08 3.62e+09 8.37e+08 4.17e+09    1    7     -1        0  1.28e+06  3.83e+08  1.34e+07  0.00e+00  0.00e+00  0.00e+00  0.00e+00  0.00e+00  0.00e+00  0.00e+00  0.00e+00  0.00e+00  0.00e+00  0.00e+00  0.00e+00  0.00e+00  0.00e+00  0.00e+00  0.00e+00  0.00e+00  0.00e+00 
7.25e+08 4.73e+09 8.37e+08 5.45e+09    1    8     -1        0  1.54e+06  3.83e+08  1.85e+07  0.00e+00  0.00e+00  0.00e+00  0.00e+00  0.00e+00  0.00e+00  0.00e+00  0.00e+00  0.00e+00  0.00e+00  0.00e+00  0.00e+00  0.00e+00  0.00e+00  0.00e+00  0.00e+00  0.00e+00  0.00e+00 
7.25e+08 6.18e+09 8.37e+08 7.12e+09    1    9     -1        0  1.85e+06  3.83e+08  2.59e+07  0.00e+00  0.00e+00  0.00e+00  0.00e+00  0.00e+00  0.00e+00  0.00e+00  0.00e+00  0.00e+00  0.00e+00  0.00e+00  0.00e+00  0.00e+00  0.00e+00  0.00e+00  0.00e+00  0.00e+00  0.00e+00 
7.25e+08 8.07e+09 8.37e+08 9.31e+09    1   10     -1        0  2.19e+06  3.83e+08  3.64e+07  0.00e+00  0.00e+00  0.00e+00  0.00e+00  0.00e+00  0.00e+00  0.00e+00  0.00e+00  0.00e+00  0.00e+00  0.00e+00  0.00e+00  0.00e+00  0.00e+00  0.00e+00  0.00e+00  0.00e+00  0.00e+00 
7.25e+08 1.05e+10 8.37e+08 1.22e+10    1   11     -1        0  2.55e+06  3.83e+08  5.11e+07  0.00e+00  0.00e+00  0.00e+00  0.00e+00  0.00e+00  0.00e+00  0.00e+00  0.00e+00  0.00e+00  0.00e+00  0.00e+00  0.00e+00  0.00e+00  0.00e+00  0.00e+00  0.00e+00  0.00e+00  0.00e+00 
7.25e+08 1.38e+10 8.37e+08 1.59e+10    1   12     -1        0  2.90e+06  3.83e+08  7.12e+07  0.00e+00  0.00e+00  0.00e+00  0.00e+00  0.00e+00  0.00e+00  0.00e+00  0.00e+00  0.00e+00  0.00e+00  0.00e+00  0.00e+00  0.00e+00  0.00e+00  0.00e+00  0.00e+00  0.00e+00  0.00e+00 
7.25e+08 1.80e+10 8.37e+08 2.08e+10    1   13     -1        0  3.23e+06  3.83e+08  9.81e+07  0.00e+00  0.00e+00  0.00e+00  0.00e+00  0.00e+00  0.00e+00  0.00e+00  0.00e+00  0.00e+00  0.00e+00  0.00e+00  0.00e+00  0.00e+00  0.00e+00  0.00e+00  0.00e+00  0.00e+00  0.00e+00 
7.25e+08 2.36e+10 8.37e+08 2.72e+10    1   14     -1        0  3.51e+06  3.83e+08  1.33e+08  0.00e+00  0.00e+00  0.00e+00  0.00e+00  0.00e+00  0.00e+00  0.00e+00  0.00e+00  0.00e+00  0.00e+00  0.00e+00  0.00e+00  0.00e+00  0.00e+00  0.00e+00  0.00e+00  0.00e+00  0.00e+00 
7.25e+08 3.08e+10 8.37e+08 3.55e+10    1   15     -1        0  3.71e+06  3.83e+08  1.78e+08  0.00e+00  0.00e+00  0.00e+00  0.00e+00  0.00e+00  0.00e+00  0.00e+00  0.00e+00  0.00e+00  0.00e+00  0.00e+00  0.00e+00  0.00e+00  0.00e+00  0.00e+00  0.00e+00  0.00e+00  0.00e+00 
7.25e+08 4.02e+10 8.37e+08 4.64e+10    1   16     -1        0  3.81e+06  3.83e+08  2.32e+08  0.00e+00  0.00e+00  0.00e+00  0.00e+00  0.00e+00  0.00e+00  0.00e+00  0.00e+00  0.00e+00  0.00e+00  0.00e+00  0.00e+00  0.00e+00  0.00e+00  0.00e+00  0.00e+00  0.00e+00  0.00e+00 
7.25e+08 5.26e+10 8.37e+08 6.07e+10    1   17     -1        0  3.80e+06  3.83e+08  2.97e+08  0.00e+00  0.00e+00  0.00e+00  0.00e+00  0.00e+00  0.00e+00  0.00e+00  0.00e+00  0.00e+00  0.00e+00  0.00e+00  0.00e+00  0.00e+00  0.00e+00  0.00e+00  0.00e+00  0.00e+00  0.00e+00 
7.25e+08 6.87e+10 8.37e+08 7.93e+10    1   18     -1        0  3.68e+06  3.83e+08  3.69e+08  0.00e+00  0.00e+00  0.00e+00  0.00e+00  0.00e+00  0.00e+00  0.00e+00  0.00e+00  0.00e+00  0.00e+00  0.00e+00  0.00e+00  0.00e+00  0.00e+00  0.00e+00  0.00e+00  0.00e+00  0.00e+00 
7.25e+08 8.98e+10 8.37e+08 1.04e+11    1   19     -1        0  3.45e+06  3.83e+08  4.47e+08  0.00e+00  0.00e+00  0.00e+00  0.00e+00  0.00e+00  0.00e+00  0.00e+00  0.00e+00  0.00e+00  0.00e+00  0.00e+00  0.00e+00  0.00e+00  0.00e+00  0.00e+00  0.00e+00  0.00e+00  0.00e+00 
7.25e+08 1.17e+11 8.37e+08 1.35e+11    1   20     -1        0  3.15e+06  3.83e+08  5.27e+08  0.00e+00  0.00e+00  0.00e+00  0.00e+00  0.00e+00  0.00e+00  0.00e+00  0.00e+00  0.00e+00  0.00e+00  0.00e+00  0.00e+00  0.00e+00  0.00e+00  0.00e+00  0.00e+00  0.00e+00  0.00e+00 
7.25e+08 1.53e+11 8.37e+08 1.77e+11    1   21     -1        0  2.79e+06  3.83e+08  6.07e+08  0.00e+00  0.00e+00  0.00e+00  0.00e+00  0.00e+00  0.00e+00  0.00e+00  0.00e+00  0.00e+00  0.00e+00  0.00e+00  0.00e+00  0.00e+00  0.00e+00  0.00e+00  0.00e+00  0.00e+00  0.00e+00 
7.25e+08 2.01e+11 8.37e+08 2.31e+11    1   22     -1        0  2.42e+06  3.83e+08  6.82e+08  0.00e+00  0.00e+00  0.00e+00  0.00e+00  0.00e+00  0.00e+00  0.00e+00  0.00e+00  0.00e+00  0.00e+00  0.00e+00  0.00e+00  0.00e+00  0.00e+00  0.00e+00  0.00e+00  0.00e+00  0.00e+00 
7.25e+08 2.62e+11 8.37e+08 3.02e+11    1   23     -1        0  2.05e+06  3.83e+08  7.51e+08  0.00e+00  0.00e+00  0.00e+00  0.00e+00  0.00e+00  0.00e+00  0.00e+00  0.00e+00  0.00e+00  0.00e+00  0.00e+00  0.00e+00  0.00e+00  0.00e+00  0.00e+00  0.00e+00  0.00e+00  0.00e+00 
7.25e+08 3.43e+11 8.37e+08 3.95e+11    1   24     -1        0  1.70e+06  3.83e+08  8.12e+08  0.00e+00  0.00e+00  0.00e+00  0.00e+00  0.00e+00  0.00e+00  0.00e+00  0.00e+00  0.00e+00  0.00e+00  0.00e+00  0.00e+00  0.00e+00  0.00e+00  0.00e+00  0.00e+00  0.00e+00  0.00e+00 
7.25e+08 4.48e+11 8.37e+08 5.17e+11    1   25     -1        0  1.39e+06  3.83e+08  8.64e+08  0.00e+00  0.00e+00  0.00e+00  0.00e+00  0.00e+00  0.00e+00  0.00e+00  0.00e+00  0.00e+00  0.00e+00  0.00e+00  0.00e+00  0.00e+00  0.00e+00  0.00e+00  0.00e+00  0.00e+00  0.00e+00 
7.25e+08 5.85e+11 8.37e+08 6.75e+11    1   26     -1        0  1.12e+06  3.83e+08  9.09e+08  0.00e+00  0.00e+00  0.00e+00  0.00e+00  0.00e+00  0.00e+00  0.00e+00  0.00e+00  0.00e+00  0.00e+00  0.00e+00  0.00e+00  0.00e+00  0.00e+00  0.00e+00  0.00e+00  0.00e+00  0.00e+00 
7.25e+08 7.65e+11 8.37e+08 8.83e+11    1   27     -1        0  8.91e+05  3.83e+08  9.45e+08  0.00e+00  0.00e+00  0.00e+00  0.00e+00  0.00e+00  0.00e+00  0.00e+00  0.00e+00  0.00e+00  0.00e+00  0.00e+00  0.00e+00  0.00e+00  0.00e+00  0.00e+00  0.00e+00  0.00e+00  0.00e+00 
7.25e+08 1.00e+12 8.37e+08 1.15e+12    1   28     -1        0  7.04e+05  3.83e+08  9.74e+08  0.00e+00  0.00e+00  0.00e+00  0.00e+00  0.00e+00  0.00e+00  0.00e+00  0.00e+00  0.00e+00  0.00e+00  0.00e+00  0.00e+00  0.00e+00  0.00e+00  0.00e+00  0.00e+00  0.00e+00  0.00e+00 
7.25e+08 1.31e+12 8.37e+08 1.51e+12    1   29     -1        0  5.52e+05  3.83e+08  9.98e+08  0.00e+00  0.00e+00  0.00e+00  0.00e+00  0.00e+00  0.00e+00  0.00e+00  0.00e+00  0.00e+00  0.00e+00  0.00e+00  0.00e+00  0.00e+00  0.00e+00  0.00e+00  0.00e+00  0.00e+00  0.00e+00 
9.48e+08 0.00e+00 1.09e+09 3.63e+08    2    0      0        0  6.89e+05  3.35e+08  2.90e+06  2.90e+27  4.98e-12  2.53e+12  5.20e+04  8.46e+04  1.92e-07  5.31e-07  1.43e-05  1.13e-03  1.32e-10 -2.29e+21 -4.32e+20 -6.01e+21  1.32e+03  2.12e+04  2.79e+06  0.00e+00  2.55e+06 
9.48e+08 7.25e+08 1.09e+09 8.37e+08    2    1      0        0  7.62e+05  3.08e+08  3.79e+06  8.90e+26  3.20e-12  1.62e+12  4.69e+04  8.09e+04  1.83e-07  6.02e-07  1.88e-05  1.55e-03  8.31e-12 -2.73e+20 -1.29e+20 -1.76e+21  1.29e+03  2.02e+04  1.03e+06  0.00e+00  9.29e+05 
9.48e+08 9.48e+08 1.09e+09 1.09e+09    2    2      1        0  8.00e+05  3.01e+08  4.17e+06  1.16e+27  0.00e+00  8.47e-18  1.52e+05  7.95e+04  0.00e+00  0.00e+00  0.00e+00  0.00e+00  0.00e+00 -3.35e+20 -1.59e+20 -8.26e+20       inf       inf  9.35e+05  0.00e+00  8.34e+05 
9.48e+08 1.24e+09 1.09e+09 1.43e+09    2    3      1        0  8.21e+05  2.93e+08  4.53e+06  1.37e+27  0.00e+00  8.45e-18  1.19e+05  7.80e+04  0.00e+00  0.00e+00  0.00e+00  0.00e+00  0.00e+00 -4.21e+19  1.17e+20 -4.63e+20       inf       inf  8.17e+05  0.00e+00  7.22e+05 
9.48e+08 1.62e+09 1.09e+09 1.87e+09    2    4      1        0  9.58e+05  2.93e+08  5.67e+06  1.31e+27  0.00e+00  8.45e-18  1.21e+05  7.65e+04  0.00e+00  0.00e+00  0.00e+00  0.00e+00  0.00e+00 -3.51e+20  1.20e+20 -8.77e+20       inf       inf  6.47e+05  0.00e+00  5.64e+05 
9.48e+08 2.12e+09 1.09e+09 2.44e+09    2    5      1        0  1.14e+06  2.93e+08  7.35e+06  7.41e+26  0.00e+00  8.45e-18  1.16e+05  7.52e+04  0.00e+00  0.00e+00  0.00e+00  0.00e+00  0.00e+00 -1.43e+20 -6.83e+18 -4.30e+20       inf       inf  4.66e+05  0.00e+00  3.98e+05 
9.48e+08 2.77e+09 1.09e+09 3.19e+09    2    6      1        2  1.38e+06  2.93e+08  9.81e+06  5.52e+24  0.00e+00  8.45e-18  9.81e+04  7.44e+04  0.00e+00  0.00e+00  0.00e+00  0.00e+00  0.00e+00 -2.66e+18 -2.58e+18  6.92e+16       inf       inf  3.54e+04  0.00e+00  3.00e+04 
9.48e+08 3.62e+09 1.09e+09 4.17e+09    2    7     -1        0  1.67e+06  2.93e+08  1.34e+07  0.00e+00  0.00e+00  0.00e+00  0.00e+00  0.00e+00  0.00e+00  0.00e+00  0.00e+00  0.00e+00  0.00e+00  0.00e+00  0.00e+00  0.00e+00  0.00e+00  0.00e+00  0.00e+00  0.00e+00  0.00e+00 
9.48e+08 4.73e+09 1.09e+09 5.45e+09    2    8     -1        0  2.02e+06  2.93e+08  1.86e+07  0.00e+00  0.00e+00  0.00e+00  0.00e+00  0.00e+00  0.00e+00  0.00e+00  0.00e+00  0.00e+00  0.00e+00  0.00e+00  0.00e+00  0.00e+00  0.00e+00  0.00e+00  0.00e+00  0.00e+00  0.00e+00 
9.48e+08 6.18e+09 1.09e+09 7.12e+09    2    9     -1        0  2.42e+06  2.93e+08  2.60e+07  0.00e+00  0.00e+00  0.00e+00  0.00e+00  0.00e+00  0.00e+00  0.00e+00  0.00e+00  0.00e+00  0.00e+00  0.00e+00  0.00e+00  0.00e+00  0.00e+00  0.00e+00  0.00e+00  0.00e+00  0.00e+00 
9.48e+08 8.07e+09 1.09e+09 9.31e+09    2   10     -1        0  2.86e+06  2.93e+08  3.65e+07  0.00e+00  0.00e+00  0.00e+00  0.00e+00  0.00e+00  0.00e+00  0.00e+00  0.00e+00  0.00e+00  0.00e+00  0.00e+00  0.00e+00  0.00e+00  0.00e+00  0.00e+00  0.00e+00  0.00e+00  0.00e+00 
9.48e+08 1.05e+10 1.09e+09 1.22e+10    2   11     -1        0  3.33e+06  2.93e+08  5.11e+07  0.00e+00  0.00e+00  0.00e+00  0.00e+00  0.00e+00  0.00e+00  0.00e+00  0.00e+00  0.00e+00  0.00e+00  0.00e+00  0.00e+00  0.00e+00  0.00e+00  0.00e+00  0.00e+00  0.00e+00  0.00e+00 
9.48e+08 1.38e+10 1.09e+09 1.59e+10    2   12     -1        0  3.79e+06  2.93e+08  7.12e+07  0.00e+00  0.00e+00  0.00e+00  0.00e+00  0.00e+00  0.00e+00  0.00e+00  0.00e+00  0.00e+00  0.00e+00  0.00e+00  0.00e+00  0.00e+00  0.00e+00  0.00e+00  0.00e+00  0.00e+00  0.00e+00 
9.48e+08 1.80e+10 1.09e+09 2.08e+10    2   13     -1        0  4.22e+06  2.93e+08  9.81e+07  0.00e+00  0.00e+00  0.00e+00  0.00e+00  0.00e+00  0.00e+00  0.00e+00  0.00e+00  0.00e+00  0.00e+00  0.00e+00  0.00e+00  0.00e+00  0.00e+00  0.00e+00  0.00e+00  0.00e+00  0.00e+00 
9.48e+08 2.36e+10 1.09e+09 2.72e+10    2   14     -1        0  4.59e+06  2.93e+08  1.33e+08  0.00e+00  0.00e+00  0.00e+00  0.00e+00  0.00e+00  0.00e+00  0.00e+00  0.00e+00  0.00e+00  0.00e+00  0.00e+00  0.00e+00  0.00e+00  0.00e+00  0.00e+00  0.00e+00  0.00e+00  0.00e+00 
9.48e+08 3.08e+10 1.09e+09 3.55e+10    2   15     -1        0  4.85e+06  2.93e+08  1.78e+08  0.00e+00  0.00e+00  0.00e+00  0.00e+00  0.00e+00  0.00e+00  0.00e+00  0.00e+00  0.00e+00  0.00e+00  0.00e+00  0.00e+00  0.00e+00  0.00e+00  0.00e+00  0.00e+00  0.00e+00  0.00e+00 
9.48e+08 4.02e+10 1.09e+09 4.64e+10    2   16     -1        0  4.98e+06  2.93e+08  2.32e+08  0.00e+00  0.00e+00  0.00e+00  0.00e+00  0.00e+00  0.00e+00  0.00e+00  0.00e+00  0.00e+00  0.00e+00  0.00e+00  0.00e+00  0.00e+00  0.00e+00  0.00e+00  0.00e+00  0.00e+00  0.00e+00 
9.48e+08 5.26e+10 1.09e+09 6.07e+10    2   17     -1        0  4.97e+06  2.93e+08  2.96e+08  0.00e+00  0.00e+00  0.00e+00  0.00e+00  0.00e+00  0.00e+00  0.00e+00  0.00e+00  0.00e+00  0.00e+00  0.00e+00  0.00e+00  0.00e+00  0.00e+00  0.00e+00  0.00e+00  0.00e+00  0.00e+00 
9.48e+08 6.87e+10 1.09e+09 7.93e+10    2   18     -1        0  4.81e+06  2.93e+08  3.69e+08  0.00e+00  0.00e+00  0.00e+00  0.00e+00  0.00e+00  0.00e+00  0.00e+00  0.00e+00  0.00e+00  0.00e+00  0.00e+00  0.00e+00  0.00e+00  0.00e+00  0.00e+00  0.00e+00  0.00e+00  0.00e+00 
9.48e+08 8.98e+10 1.09e+09 1.04e+11    2   19     -1        0  4.51e+06  2.93e+08  4.47e+08  0.00e+00  0.00e+00  0.00e+00  0.00e+00  0.00e+00  0.00e+00  0.00e+00  0.00e+00  0.00e+00  0.00e+00  0.00e+00  0.00e+00  0.00e+00  0.00e+00  0.00e+00  0.00e+00  0.00e+00  0.00e+00 
9.48e+08 1.17e+11 1.09e+09 1.35e+11    2   20     -1        0  4.11e+06  2.93e+08  5.27e+08  0.00e+00  0.00e+00  0.00e+00  0.00e+00  0.00e+00  0.00e+00  0.00e+00  0.00e+00  0.00e+00  0.00e+00  0.00e+00  0.00e+00  0.00e+00  0.00e+00  0.00e+00  0.00e+00  0.00e+00  0.00e+00 
9.48e+08 1.53e+11 1.09e+09 1.77e+11    2   21     -1        0  3.65e+06  2.93e+08  6.07e+08  0.00e+00  0.00e+00  0.00e+00  0.00e+00  0.00e+00  0.00e+00  0.00e+00  0.00e+00  0.00e+00  0.00e+00  0.00e+00  0.00e+00  0.00e+00  0.00e+00  0.00e+00  0.00e+00  0.00e+00  0.00e+00 
9.48e+08 2.01e+11 1.09e+09 2.31e+11    2   22     -1        0  3.16e+06  2.93e+08  6.82e+08  0.00e+00  0.00e+00  0.00e+00  0.00e+00  0.00e+00  0.00e+00  0.00e+00  0.00e+00  0.00e+00  0.00e+00  0.00e+00  0.00e+00  0.00e+00  0.00e+00  0.00e+00  0.00e+00  0.00e+00  0.00e+00 
9.48e+08 2.62e+11 1.09e+09 3.02e+11    2   23     -1        0  2.67e+06  2.93e+08  7.51e+08  0.00e+00  0.00e+00  0.00e+00  0.00e+00  0.00e+00  0.00e+00  0.00e+00  0.00e+00  0.00e+00  0.00e+00  0.00e+00  0.00e+00  0.00e+00  0.00e+00  0.00e+00  0.00e+00  0.00e+00  0.00e+00 
9.48e+08 3.43e+11 1.09e+09 3.95e+11    2   24     -1        0  2.22e+06  2.93e+08  8.12e+08  0.00e+00  0.00e+00  0.00e+00  0.00e+00  0.00e+00  0.00e+00  0.00e+00  0.00e+00  0.00e+00  0.00e+00  0.00e+00  0.00e+00  0.00e+00  0.00e+00  0.00e+00  0.00e+00  0.00e+00  0.00e+00 
9.48e+08 4.48e+11 1.09e+09 5.17e+11    2   25     -1        0  1.81e+06  2.93e+08  8.64e+08  0.00e+00  0.00e+00  0.00e+00  0.00e+00  0.00e+00  0.00e+00  0.00e+00  0.00e+00  0.00e+00  0.00e+00  0.00e+00  0.00e+00  0.00e+00  0.00e+00  0.00e+00  0.00e+00  0.00e+00  0.00e+00 
9.48e+08 5.85e+11 1.09e+09 6.75e+11    2   26     -1        0  1.46e+06  2.93e+08  9.09e+08  0.00e+00  0.00e+00  0.00e+00  0.00e+00  0.00e+00  0.00e+00  0.00e+00  0.00e+00  0.00e+00  0.00e+00  0.00e+00  0.00e+00  0.00e+00  0.00e+00  0.00e+00  0.00e+00  0.00e+00  0.00e+00 
9.48e+08 7.65e+11 1.09e+09 8.83e+11    2   27     -1        0  1.16e+06  2.93e+08  9.45e+08  0.00e+00  0.00e+00  0.00e+00  0.00e+00  0.00e+00  0.00e+00  0.00e+00  0.00e+00  0.00e+00  0.00e+00  0.00e+00  0.00e+00  0.00e+00  0.00e+00  0.00e+00  0.00e+00  0.00e+00  0.00e+00 
9.48e+08 1.00e+12 1.09e+09 1.15e+12    2   28     -1        0  9.20e+05  2.93e+08  9.74e+08  0.00e+00  0.00e+00  0.00e+00  0.00e+00  0.00e+00  0.00e+00  0.00e+00  0.00e+00  0.00e+00  0.00e+00  0.00e+00  0.00e+00  0.00e+00  0.00e+00  0.00e+00  0.00e+00  0.00e+00  0.00e+00 
9.48e+08 1.31e+12 1.09e+09 1.51e+12    2   29     -1        0  7.22e+05  2.93e+08  9.98e+08  0.00e+00  0.00e+00  0.00e+00  0.00e+00  0.00e+00  0.00e+00  0.00e+00  0.00e+00  0.00e+00  0.00e+00  0.00e+00  0.00e+00  0.00e+00  0.00e+00  0.00e+00  0.00e+00  0.00e+00  0.00e+00 
1.24e+09 0.00e+00 1.43e+09 3.63e+08    3    0      0        0  8.65e+05  2.93e+08  2.78e+06  4.95e+27  5.29e-12  2.69e+12  5.18e+04  8.04e+04  1.95e-07  8.37e-07  2.41e-05  2.20e-03  1.20e-10 -5.33e+21 -4.23e+20 -7.53e+21  1.03e+03  1.61e+04  3.31e+06  0.00e+00  2.97e+06 
1.24e+09 7.25e+08 1.43e+09 8.37e+08    3    1      0        0  9.93e+05  2.69e+08  3.78e+06  1.52e+27  3.37e-12  1.71e+12  4.83e+04  7.86e+04  1.72e-07  7.06e-07  2.36e-05  2.08e-03  1.88e-11 -1.29e+21  2.99e+19 -2.26e+21  1.15e+03  1.78e+04  1.54e+06  0.00e+00  1.37e+06 
1.24e+09 9.48e+08 1.43e+09 1.09e+09    3    2      0        0  1.07e+06  2.63e+08  4.26e+06  1.99e+27  2.65e-12  1.34e+12  4.67e+04  7.76e+04  1.41e-07  7.17e-07  2.32e-05  2.07e-03  7.27e-12 -1.36e+21  2.55e+20 -2.19e+21  1.25e+03  1.91e+04  1.41e+06  0.00e+00  1.25e+06 
1.24e+09 1.24e+09 1.43e+09 1.43e+09    3    3      0        0  1.18e+06  2.56e+08  4.98e+06  2.60e+27  1.94e-12  9.88e+11  4.54e+04  7.65e+04  1.16e-07  6.89e-07  2.16e-05  1.94e-03  3.39e-12 -1.30e+21  1.47e+19 -2.34e+21  1.43e+03  2.18e+04  1.29e+06  0.00e+00  1.13e+06 
1.24e+09 1.62e+09 1.43e+09 1.87e+09    3    4      0        0  1.34e+06  2.47e+08  6.07e+06  3.40e+27  1.33e-12  6.76e+11  4.36e+04  7.53e+04  8.20e-08  6.23e-07  1.91e-05  1.70e-03  1.03e-12 -1.73e+21  3.81e+20 -2.23e+21  1.73e+03  2.60e+04  1.18e+06  0.00e+00  1.03e+06 
1.24e+09 2.12e+09 1.43e+09 2.44e+09    3    5      0        0  1.56e+06  2.37e+08  7.71e+06  4.44e+27  8.47e-13  4.30e+11  4.20e+04  7.40e+04  6.12e-08  5.43e-07  1.61e-05  1.44e-03  3.23e-13 -1.20e+21 -6.82e+19 -1.87e+21  2.19e+03  3.29e+04  1.06e+06  0.00e+00  9.13e+05 
1.24e+09 2.77e+09 1.43e+09 3.19e+09    3    6      1        0  1.79e+06  2.25e+08  9.78e+06  4.98e+27  0.00e+00  8.45e-18  6.69e+04  7.26e+04  0.00e+00  0.00e+00  0.00e+00  0.00e+00  0.00e+00 -2.90e+20 -1.70e+20 -1.01e+21       inf       inf  8.22e+05  0.00e+00  6.96e+05 
1.24e+09 3.62e+09 1.43e+09 4.17e+09    3    7      1        0  2.18e+06  2.24e+08  1.34e+07  3.12e+27  0.00e+00  8.45e-18  4.63e+04  7.10e+04  0.00e+00  0.00e+00  0.00e+00  0.00e+00  0.00e+00 -9.09e+19  6.94e+19 -4.10e+20       inf       inf  5.23e+05  0.00e+00  4.30e+05 
1.24e+09 4.73e+09 1.43e+09 5.45e+09    3    8      1        0  2.64e+06  2.24e+08  1.86e+07  7.55e+25  0.00e+00  8.45e-18  3.46e+04  6.97e+04  0.00e+00  0.00e+00  0.00e+00  0.00e+00  0.00e+00 -1.86e+19  9.57e+18  2.72e+18       inf       inf  6.70e+04  0.00e+00  5.41e+04 
1.24e+09 6.18e+09 1.43e+09 7.12e+09    3    9     -1        0  3.17e+06  2.24e+08  2.60e+07  0.00e+00  0.00e+00  0.00e+00  0.00e+00  0.00e+00  0.00e+00  0.00e+00  0.00e+00  0.00e+00  0.00e+00  0.00e+00  0.00e+00  0.00e+00  0.00e+00  0.00e+00  0.00e+00  0.00e+00  0.00e+00 
1.24e+09 8.07e+09 1.43e+09 9.31e+09    3   10     -1        0  3.75e+06  2.24e+08  3.65e+07  0.00e+00  0.00e+00  0.00e+00  0.00e+00  0.00e+00  0.00e+00  0.00e+00  0.00e+00  0.00e+00  0.00e+00  0.00e+00  0.00e+00  0.00e+00  0.00e+00  0.00e+00  0.00e+00  0.00e+00  0.00e+00 
1.24e+09 1.05e+10 1.43e+09 1.22e+10    3   11     -1        0  4.36e+06  2.24e+08  5.11e+07  0.00e+00  0.00e+00  0.00e+00  0.00e+00  0.00e+00  0.00e+00  0.00e+00  0.00e+00  0.00e+00  0.00e+00  0.00e+00  0.00e+00  0.00e+00  0.00e+00  0.00e+00  0.00e+00  0.00e+00  0.00e+00 
1.24e+09 1.38e+10 1.43e+09 1.59e+10    3   12     -1        0  4.96e+06  2.24e+08  7.12e+07  0.00e+00  0.00e+00  0.00e+00  0.00e+00  0.00e+00  0.00e+00  0.00e+00  0.00e+00  0.00e+00  0.00e+00  0.00e+00  0.00e+00  0.00e+00  0.00e+00  0.00e+00  0.00e+00  0.00e+00  0.00e+00 
1.24e+09 1.80e+10 1.43e+09 2.08e+10    3   13     -1        0  5.52e+06  2.24e+08  9.81e+07  0.00e+00  0.00e+00  0.00e+00  0.00e+00  0.00e+00  0.00e+00  0.00e+00  0.00e+00  0.00e+00  0.00e+00  0.00e+00  0.00e+00  0.00e+00  0.00e+00  0.00e+00  0.00e+00  0.00e+00  0.00e+00 
1.24e+09 2.36e+10 1.43e+09 2.72e+10    3   14     -1        0  6.00e+06  2.24e+08  1.33e+08  0.00e+00  0.00e+00  0.00e+00  0.00e+00  0.00e+00  0.00e+00  0.00e+00  0.00e+00  0.00e+00  0.00e+00  0.00e+00  0.00e+00  0.00e+00  0.00e+00  0.00e+00  0.00e+00  0.00e+00  0.00e+00 
1.24e+09 3.08e+10 1.43e+09 3.55e+10    3   15     -1        0  6.34e+06  2.24e+08  1.78e+08  0.00e+00  0.00e+00  0.00e+00  0.00e+00  0.00e+00  0.00e+00  0.00e+00  0.00e+00  0.00e+00  0.00e+00  0.00e+00  0.00e+00  0.00e+00  0.00e+00  0.00e+00  0.00e+00  0.00e+00  0.00e+00 
1.24e+09 4.02e+10 1.43e+09 4.64e+10    3   16     -1        0  6.51e+06  2.24e+08  2.32e+08  0.00e+00  0.00e+00  0.00e+00  0.00e+00  0.00e+00  0.00e+00  0.00e+00  0.00e+00  0.00e+00  0.00e+00  0.00e+00  0.00e+00  0.00e+00  0.00e+00  0.00e+00  0.00e+00  0.00e+00  0.00e+00 
1.24e+09 5.26e+10 1.43e+09 6.07e+10    3   17     -1        0  6.49e+06  2.24e+08  2.96e+08  0.00e+00  0.00e+00  0.00e+00  0.00e+00  0.00e+00  0.00e+00  0.00e+00  0.00e+00  0.00e+00  0.00e+00  0.00e+00  0.00e+00  0.00e+00  0.00e+00  0.00e+00  0.00e+00  0.00e+00  0.00e+00 
1.24e+09 6.87e+10 1.43e+09 7.93e+10    3   18     -1        0  6.28e+06  2.24e+08  3.69e+08  0.00e+00  0.00e+00  0.00e+00  0.00e+00  0.00e+00  0.00e+00  0.00e+00  0.00e+00  0.00e+00  0.00e+00  0.00e+00  0.00e+00  0.00e+00  0.00e+00  0.00e+00  0.00e+00  0.00e+00  0.00e+00 
1.24e+09 8.98e+10 1.43e+09 1.04e+11    3   19     -1        0  5.90e+06  2.24e+08  4.47e+08  0.00e+00  0.00e+00  0.00e+00  0.00e+00  0.00e+00  0.00e+00  0.00e+00  0.00e+00  0.00e+00  0.00e+00  0.00e+00  0.00e+00  0.00e+00  0.00e+00  0.00e+00  0.00e+00  0.00e+00  0.00e+00 
1.24e+09 1.17e+11 1.43e+09 1.35e+11    3   20     -1        0  5.38e+06  2.24e+08  5.27e+08  0.00e+00  0.00e+00  0.00e+00  0.00e+00  0.00e+00  0.00e+00  0.00e+00  0.00e+00  0.00e+00  0.00e+00  0.00e+00  0.00e+00  0.00e+00  0.00e+00  0.00e+00  0.00e+00  0.00e+00  0.00e+00 
1.24e+09 1.53e+11 1.43e+09 1.77e+11    3   21     -1        0  4.77e+06  2.24e+08  6.07e+08  0.00e+00  0.00e+00  0.00e+00  0.00e+00  0.00e+00  0.00e+00  0.00e+00  0.00e+00  0.00e+00  0.00e+00  0.00e+00  0.00e+00  0.00e+00  0.00e+00  0.00e+00  0.00e+00  0.00e+00  0.00e+00 
1.24e+09 2.01e+11 1.43e+09 2.31e+11    3   22     -1        0  4.13e+06  2.24e+08  6.82e+08  0.00e+00  0.00e+00  0.00e+00  0.00e+00  0.00e+00  0.00e+00  0.00e+00  0.00e+00  0.00e+00  0.00e+00  0.00e+00  0.00e+00  0.00e+00  0.00e+00  0.00e+00  0.00e+00  0.00e+00  0.00e+00 
1.24e+09 2.62e+11 1.43e+09 3.02e+11    3   23     -1        0  3.49e+06  2.24e+08  7.51e+08  0.00e+00  0.00e+00  0.00e+00  0.00e+00  0.00e+00  0.00e+00  0.00e+00  0.00e+00  0.00e+00  0.00e+00  0.00e+00  0.00e+00  0.00e+00  0.00e+00  0.00e+00  0.00e+00  0.00e+00  0.00e+00 
1.24e+09 3.43e+11 1.43e+09 3.95e+11    3   24     -1        0  2.90e+06  2.24e+08  8.12e+08  0.00e+00  0.00e+00  0.00e+00  0.00e+00  0.00e+00  0.00e+00  0.00e+00  0.00e+00  0.00e+00  0.00e+00  0.00e+00  0.00e+00  0.00e+00  0.00e+00  0.00e+00  0.00e+00  0.00e+00  0.00e+00 
1.24e+09 4.48e+11 1.43e+09 5.17e+11    3   25     -1        0  2.37e+06  2.24e+08  8.64e+08  0.00e+00  0.00e+00  0.00e+00  0.00e+00  0.00e+00  0.00e+00  0.00e+00  0.00e+00  0.00e+00  0.00e+00  0.00e+00  0.00e+00  0.00e+00  0.00e+00  0.00e+00  0.00e+00  0.00e+00  0.00e+00 
1.24e+09 5.85e+11 1.43e+09 6.75e+11    3   26     -1        0  1.91e+06  2.24e+08  9.09e+08  0.00e+00  0.00e+00  0.00e+00  0.00e+00  0.00e+00  0.00e+00  0.00e+00  0.00e+00  0.00e+00  0.00e+00  0.00e+00  0.00e+00  0.00e+00  0.00e+00  0.00e+00  0.00e+00  0.00e+00  0.00e+00 
1.24e+09 7.65e+11 1.43e+09 8.83e+11    3   27     -1        0  1.52e+06  2.24e+08  9.45e+08  0.00e+00  0.00e+00  0.00e+00  0.00e+00  0.00e+00  0.00e+00  0.00e+00  0.00e+00  0.00e+00  0.00e+00  0.00e+00  0.00e+00  0.00e+00  0.00e+00  0.00e+00  0.00e+00  0.00e+00  0.00e+00 
1.24e+09 1.00e+12 1.43e+09 1.15e+12    3   28     -1        0  1.20e+06  2.24e+08  9.74e+08  0.00e+00  0.00e+00  0.00e+00  0.00e+00  0.00e+00  0.00e+00  0.00e+00  0.00e+00  0.00e+00  0.00e+00  0.00e+00  0.00e+00  0.00e+00  0.00e+00  0.00e+00  0.00e+00  0.00e+00  0.00e+00 
1.24e+09 1.31e+12 1.43e+09 1.51e+12    3   29     -1        0  9.43e+05  2.24e+08  9.98e+08  0.00e+00  0.00e+00  0.00e+00  0.00e+00  0.00e+00  0.00e+00  0.00e+00  0.00e+00  0.00e+00  0.00e+00  0.00e+00  0.00e+00  0.00e+00  0.00e+00  0.00e+00  0.00e+00  0.00e+00  0.00e+00 
1.62e+09 0.00e+00 1.87e+09 3.63e+08    4    0      0        0  1.04e+06  2.56e+08  2.55e+06  8.46e+27  5.83e-12  2.96e+12  4.93e+04  7.35e+04  2.83e-07  2.12e-06  6.49e-05  7.36e-03  3.19e-11 -5.17e+21 -2.20e+20 -6.26e+21  6.39e+02  9.45e+03  3.18e+06  0.00e+00  2.76e+06 
1.62e+09 7.25e+08 1.87e+09 8.37e+08    4    1      0        0  1.20e+06  2.36e+08  3.50e+06  2.60e+27  3.70e-12  1.88e+12  4.77e+04  7.46e+04  2.06e-07  1.26e-06  4.23e-05  4.18e-03  1.35e-11 -1.60e+21  2.07e+20 -2.66e+21  8.38e+02  1.26e+04  1.87e+06  0.00e+00  1.63e+06 
1.62e+09 9.48e+08 1.87e+09 1.09e+09    4    2      0        0  1.30e+06  2.30e+08  3.95e+06  3.40e+27  2.90e-12  1.47e+12  4.63e+04  7.42e+04  1.71e-07  1.16e-06  3.76e-05  3.65e-03  5.77e-12 -1.99e+21 -2.91e+20 -2.82e+21  9.51e+02  1.43e+04  1.82e+06  0.00e+00  1.58e+06 
1.62e+09 1.24e+09 1.87e+09 1.43e+09    4    3      0        0  1.43e+06  2.24e+08  4.62e+06  4.44e+27  2.13e-12  1.08e+12  4.49e+04  7.37e+04  1.36e-07  1.00e-06  3.30e-05  3.20e-03  2.37e-12 -1.69e+21  3.91e+20 -2.65e+21  1.12e+03  1.66e+04  1.73e+06  0.00e+00  1.49e+06 
1.62e+09 1.62e+09 1.87e+09 1.87e+09    4    4      0        0  1.63e+06  2.16e+08  5.65e+06  5.80e+27  1.46e-12  7.40e+11  4.38e+04  7.30e+04  9.90e-08  8.86e-07  2.77e-05  2.70e-03  1.15e-12 -2.37e+21  4.20e+20 -2.78e+21  1.38e+03  2.05e+04  1.61e+06  0.00e+00  1.38e+06 
1.62e+09 2.12e+09 1.87e+09 2.44e+09    4    5      0        0  1.91e+06  2.07e+08  7.21e+06  7.58e+27  9.26e-13  4.70e+11  4.20e+04  7.22e+04  5.74e-08  7.12e-07  2.25e-05  2.19e-03  3.30e-13 -2.05e+21  2.66e+20 -2.69e+21  1.77e+03  2.62e+04  1.47e+06  0.00e+00  1.25e+06 
1.62e+09 2.77e+09 1.87e+09 3.19e+09    4    6      0        0  2.30e+06  1.97e+08  9.60e+06  9.91e+27  5.46e-13  2.77e+11  4.02e+04  7.12e+04  3.95e-08  5.97e-07  1.76e-05  1.68e-03  8.27e-14 -1.32e+21  2.81e+20 -2.54e+21  2.37e+03  3.50e+04  1.29e+06  0.00e+00  1.09e+06 
1.62e+09 3.62e+09 1.87e+09 4.17e+09    4    7      0        0  2.83e+06  1.85e+08  1.33e+07  1.29e+28  3.00e-13  1.52e+11  3.73e+04  7.00e+04  2.38e-08  4.75e-07  1.38e-05  1.30e-03  6.68e-15 -1.04e+21  1.24e+20 -1.68e+21  3.24e+03  4.71e+04  1.08e+06  0.00e+00  9.02e+05 
1.62e+09 4.73e+09 1.87e+09 5.45e+09    4    8      1        0  3.46e+06  1.73e+08  1.86e+07  1.42e+28  0.00e+00  8.45e-18  2.42e+04  6.85e+04  0.00e+00  0.00e+00  0.00e+00  0.00e+00  0.00e+00 -3.94e+20  5.65e+19 -7.91e+20       inf       inf  7.44e+05  0.00e+00  6.04e+05 
1.62e+09 6.18e+09 1.87e+09 7.12e+09    4    9      1        0  4.14e+06  1.71e+08  2.60e+07  5.44e+27  0.00e+00  8.45e-18  1.15e+04  6.70e+04  0.00e+00  0.00e+00  0.00e+00  0.00e+00  0.00e+00 -4.62e+19 -3.25e+19 -1.14e+20       inf       inf  3.59e+05  0.00e+00  2.80e+05 
1.62e+09 8.07e+09 1.87e+09 9.31e+09    4   10     -1        0  4.90e+06  1.71e+08  3.65e+07  0.00e+00  0.00e+00  0.00e+00  0.00e+00  0.00e+00  0.00e+00  0.00e+00  0.00e+00  0.00e+00  0.00e+00  0.00e+00  0.00e+00  0.00e+00  0.00e+00  0.00e+00  0.00e+00  0.00e+00  0.00e+00 
1.62e+09 1.05e+10 1.87e+09 1.22e+10    4   11     -1        0  5.70e+06  1.71e+08  5.11e+07  0.00e+00  0.00e+00  0.00e+00  0.00e+00  0.00e+00  0.00e+00  0.00e+00  0.00e+00  0.00e+00  0.00e+00  0.00e+00  0.00e+00  0.00e+00  0.00e+00  0.00e+00  0.00e+00  0.00e+00  0.00e+00 
1.62e+09 1.38e+10 1.87e+09 1.59e+10    4   12     -1        0  6.49e+06  1.71e+08  7.12e+07  0.00e+00  0.00e+00  0.00e+00  0.00e+00  0.00e+00  0.00e+00  0.00e+00  0.00e+00  0.00e+00  0.00e+00  0.00e+00  0.00e+00  0.00e+00  0.00e+00  0.00e+00  0.00e+00  0.00e+00  0.00e+00 
1.62e+09 1.80e+10 1.87e+09 2.08e+10    4   13     -1        0  7.22e+06  1.71e+08  9.81e+07  0.00e+00  0.00e+00  0.00e+00  0.00e+00  0.00e+00  0.00e+00  0.00e+00  0.00e+00  0.00e+00  0.00e+00  0.00e+00  0.00e+00  0.00e+00  0.00e+00  0.00e+00  0.00e+00  0.00e+00  0.00e+00 
1.62e+09 2.36e+10 1.87e+09 2.72e+10    4   14     -1        0  7.84e+06  1.71e+08  1.33e+08  0.00e+00  0.00e+00  0.00e+00  0.00e+00  0.00e+00  0.00e+00  0.00e+00  0.00e+00  0.00e+00  0.00e+00  0.00e+00  0.00e+00  0.00e+00  0.00e+00  0.00e+00  0.00e+00  0.00e+00  0.00e+00 
1.62e+09 3.08e+10 1.87e+09 3.55e+10    4   15     -1        0  8.28e+06  1.71e+08  1.78e+08  0.00e+00  0.00e+00  0.00e+00  0.00e+00  0.00e+00  0.00e+00  0.00e+00  0.00e+00  0.00e+00  0.00e+00  0.00e+00  0.00e+00  0.00e+00  0.00e+00  0.00e+00  0.00e+00  0.00e+00  0.00e+00 
1.62e+09 4.02e+10 1.87e+09 4.64e+10    4   16     -1        0  8.51e+06  1.71e+08  2.32e+08  0.00e+00  0.00e+00  0.00e+00  0.00e+00  0.00e+00  0.00e+00  0.00e+00  0.00e+00  0.00e+00  0.00e+00  0.00e+00  0.00e+00  0.00e+00  0.00e+00  0.00e+00  0.00e+00  0.00e+00  0.00e+00 
1.62e+09 5.26e+10 1.87e+09 6.07e+10    4   17     -1        0  8.48e+06  1.71e+08  2.96e+08  0.00e+00  0.00e+00  0.00e+00  0.00e+00  0.00e+00  0.00e+00  0.00e+00  0.00e+00  0.00e+00  0.00e+00  0.00e+00  0.00e+00  0.00e+00  0.00e+00  0.00e+00  0.00e+00  0.00e+00  0.00e+00 
1.62e+09 6.87e+10 1.87e+09 7.93e+10    4   18     -1        0  8.21e+06  1.71e+08  3.69e+08  0.00e+00  0.00e+00  0.00e+00  0.00e+00  0.00e+00  0.00e+00  0.00e+00  0.00e+00  0.00e+00  0.00e+00  0.00e+00  0.00e+00  0.00e+00  0.00e+00  0.00e+00  0.00e+00  0.00e+00  0.00e+00 
1.62e+09 8.98e+10 1.87e+09 1.04e+11    4   19     -1        0  7.71e+06  1.71e+08  4.47e+08  0.00e+00  0.00e+00  0.00e+00  0.00e+00  0.00e+00  0.00e+00  0.00e+00  0.00e+00  0.00e+00  0.00e+00  0.00e+00  0.00e+00  0.00e+00  0.00e+00  0.00e+00  0.00e+00  0.00e+00  0.00e+00 
1.62e+09 1.17e+11 1.87e+09 1.35e+11    4   20     -1        0  7.03e+06  1.71e+08  5.27e+08  0.00e+00  0.00e+00  0.00e+00  0.00e+00  0.00e+00  0.00e+00  0.00e+00  0.00e+00  0.00e+00  0.00e+00  0.00e+00  0.00e+00  0.00e+00  0.00e+00  0.00e+00  0.00e+00  0.00e+00  0.00e+00 
1.62e+09 1.53e+11 1.87e+09 1.77e+11    4   21     -1        0  6.24e+06  1.71e+08  6.07e+08  0.00e+00  0.00e+00  0.00e+00  0.00e+00  0.00e+00  0.00e+00  0.00e+00  0.00e+00  0.00e+00  0.00e+00  0.00e+00  0.00e+00  0.00e+00  0.00e+00  0.00e+00  0.00e+00  0.00e+00  0.00e+00 
1.62e+09 2.01e+11 1.87e+09 2.31e+11    4   22     -1        0  5.40e+06  1.71e+08  6.82e+08  0.00e+00  0.00e+00  0.00e+00  0.00e+00  0.00e+00  0.00e+00  0.00e+00  0.00e+00  0.00e+00  0.00e+00  0.00e+00  0.00e+00  0.00e+00  0.00e+00  0.00e+00  0.00e+00  0.00e+00  0.00e+00 
1.62e+09 2.62e+11 1.87e+09 3.02e+11    4   23     -1        0  4.57e+06  1.71e+08  7.51e+08  0.00e+00  0.00e+00  0.00e+00  0.00e+00  0.00e+00  0.00e+00  0.00e+00  0.00e+00  0.00e+00  0.00e+00  0.00e+00  0.00e+00  0.00e+00  0.00e+00  0.00e+00  0.00e+00  0.00e+00  0.00e+00 
1.62e+09 3.43e+11 1.87e+09 3.95e+11    4   24     -1        0  3.79e+06  1.71e+08  8.12e+08  0.00e+00  0.00e+00  0.00e+00  0.00e+00  0.00e+00  0.00e+00  0.00e+00  0.00e+00  0.00e+00  0.00e+00  0.00e+00  0.00e+00  0.00e+00  0.00e+00  0.00e+00  0.00e+00  0.00e+00  0.00e+00 
1.62e+09 4.48e+11 1.87e+09 5.17e+11    4   25     -1        0  3.10e+06  1.71e+08  8.64e+08  0.00e+00  0.00e+00  0.00e+00  0.00e+00  0.00e+00  0.00e+00  0.00e+00  0.00e+00  0.00e+00  0.00e+00  0.00e+00  0.00e+00  0.00e+00  0.00e+00  0.00e+00  0.00e+00  0.00e+00  0.00e+00 
1.62e+09 5.85e+11 1.87e+09 6.75e+11    4   26     -1        0  2.50e+06  1.71e+08  9.09e+08  0.00e+00  0.00e+00  0.00e+00  0.00e+00  0.00e+00  0.00e+00  0.00e+00  0.00e+00  0.00e+00  0.00e+00  0.00e+00  0.00e+00  0.00e+00  0.00e+00  0.00e+00  0.00e+00  0.00e+00  0.00e+00 
1.62e+09 7.65e+11 1.87e+09 8.83e+11    4   27     -1        0  1.99e+06  1.71e+08  9.45e+08  0.00e+00  0.00e+00  0.00e+00  0.00e+00  0.00e+00  0.00e+00  0.00e+00  0.00e+00  0.00e+00  0.00e+00  0.00e+00  0.00e+00  0.00e+00  0.00e+00  0.00e+00  0.00e+00  0.00e+00  0.00e+00 
1.62e+09 1.00e+12 1.87e+09 1.15e+12    4   28     -1        0  1.57e+06  1.71e+08  9.74e+08  0.00e+00  0.00e+00  0.00e+00  0.00e+00  0.00e+00  0.00e+00  0.00e+00  0.00e+00  0.00e+00  0.00e+00  0.00e+00  0.00e+00  0.00e+00  0.00e+00  0.00e+00  0.00e+00  0.00e+00  0.00e+00 
1.62e+09 1.31e+12 1.87e+09 1.51e+12    4   29     -1        0  1.23e+06  1.71e+08  9.98e+08  0.00e+00  0.00e+00  0.00e+00  0.00e+00  0.00e+00  0.00e+00  0.00e+00  0.00e+00  0.00e+00  0.00e+00  0.00e+00  0.00e+00  0.00e+00  0.00e+00  0.00e+00  0.00e+00  0.00e+00  0.00e+00 
2.12e+09 0.00e+00 2.44e+09 3.63e+08    5    0      0        0  1.20e+06  2.24e+08  2.26e+06  1.45e+28  6.61e-12  3.36e+12  4.56e+04  6.56e+04  3.09e-07  7.45e-06  2.26e-04  2.97e-02  3.80e-12 -5.95e+21  9.72e+19 -4.21e+21  3.31e+02  4.63e+03  2.66e+06  0.00e+00  2.18e+06 
2.12e+09 7.25e+08 2.44e+09 8.37e+08    5    1      0        0  1.42e+06  2.06e+08  3.15e+06  4.44e+27  4.15e-12  2.11e+12  4.55e+04  6.85e+04  2.66e-07  3.19e-06  1.04e-04  1.15e-02  3.50e-12 -2.55e+21  4.29e+20 -2.51e+21  5.00e+02  7.22e+03  1.85e+06  0.00e+00  1.54e+06 
2.12e+09 9.48e+08 2.44e+09 1.09e+09    5    2      0        0  1.53e+06  2.01e+08  3.57e+06  5.80e+27  3.24e-12  1.64e+12  4.47e+04  6.92e+04  2.06e-07  2.53e-06  8.06e-05  8.56e-03  2.07e-12 -3.10e+21 -3.52e+19 -3.03e+21  6.02e+02  8.78e+03  1.94e+06  0.00e+00  1.62e+06 
2.12e+09 1.24e+09 2.44e+09 1.43e+09    5    3      0        0  1.69e+06  1.96e+08  4.18e+06  7.58e+27  2.37e-12  1.21e+12  4.38e+04  6.96e+04  1.61e-07  1.94e-06  6.22e-05  6.48e-03  1.14e-12 -3.20e+21  1.96e+20 -3.44e+21  7.50e+02  1.10e+04  1.98e+06  0.00e+00  1.66e+06 
2.12e+09 1.62e+09 2.44e+09 1.87e+09    5    4      0        0  1.93e+06  1.89e+08  5.11e+06  9.91e+27  1.62e-12  8.24e+11  4.22e+04  6.97e+04  1.14e-07  1.49e-06  4.80e-05  4.98e-03  3.67e-13 -2.72e+21 -1.61e+20 -3.12e+21  9.68e+02  1.41e+04  1.96e+06  0.00e+00  1.65e+06 
2.12e+09 2.12e+09 2.44e+09 2.44e+09    5    5      0        0  2.26e+06  1.81e+08  6.52e+06  1.29e+28  1.03e-12  5.23e+11  4.10e+04  6.95e+04  7.78e-08  1.15e-06  3.58e-05  3.69e-03  1.47e-13 -2.53e+21  3.25e+20 -2.66e+21  1.30e+03  1.88e+04  1.87e+06  0.00e+00  1.57e+06 
2.12e+09 2.77e+09 2.44e+09 3.19e+09    5    6      0        0  2.72e+06  1.72e+08  8.68e+06  1.69e+28  6.08e-13  3.09e+11  3.93e+04  6.92e+04  4.53e-08  8.76e-07  2.63e-05  2.70e-03  3.77e-14 -1.83e+21 -3.41e+20 -2.56e+21  1.80e+03  2.62e+04  1.72e+06  0.00e+00  1.44e+06 
2.12e+09 3.62e+09 2.44e+09 4.17e+09    5    7      0        0  3.34e+06  1.62e+08  1.20e+07  2.21e+28  3.34e-13  1.70e+11  3.71e+04  6.84e+04  2.83e-08  6.59e-07  1.93e-05  1.96e-03  5.33e-15 -1.42e+21  1.61e+20 -1.94e+21  2.56e+03  3.69e+04  1.51e+06  0.00e+00  1.25e+06 
2.12e+09 4.73e+09 2.44e+09 5.45e+09    5    8      0        0  4.17e+06  1.52e+08  1.72e+07  2.89e+28  1.72e-13  8.74e+10  3.51e+04  6.74e+04  1.67e-08  4.88e-07  1.42e-05  1.42e-03  7.23e-16 -8.29e+20  6.61e+19 -1.47e+21  3.66e+03  5.27e+04  1.23e+06  0.00e+00  1.00e+06 
2.12e+09 6.18e+09 2.44e+09 7.12e+09    5    9      1        0  5.24e+06  1.40e+08  2.52e+07  3.74e+28  0.00e+00  8.45e-18  1.23e+04  6.62e+04  0.00e+00  0.00e+00  0.00e+00  0.00e+00  0.00e+00 -3.10e+20 -3.18e+19 -6.07e+20       inf       inf  9.10e+05  0.00e+00  7.28e+05 
2.12e+09 8.07e+09 2.44e+09 9.31e+09    5   10      1        0  6.42e+06  1.31e+08  3.66e+07  2.92e+28  0.00e+00  8.45e-18  6.33e+03  6.48e+04  0.00e+00  0.00e+00  0.00e+00  0.00e+00  0.00e+00 -7.53e+19 -5.93e+18 -3.13e+20       inf       inf  5.17e+05  0.00e+00  3.95e+05 
2.12e+09 1.05e+10 2.44e+09 1.22e+10    5   11      1        1  7.45e+06  1.31e+08  5.12e+07  1.57e+27  0.00e+00  8.45e-18  5.15e+03  6.37e+04  0.00e+00  0.00e+00  0.00e+00  0.00e+00  0.00e+00 -8.37e+18 -1.30e+19 -8.22e+18       inf       inf  8.94e+04  0.00e+00  6.64e+04 
2.12e+09 1.38e+10 2.44e+09 1.59e+10    5   12     -1        0  8.48e+06  1.31e+08  7.13e+07  0.00e+00  0.00e+00  0.00e+00  0.00e+00  0.00e+00  0.00e+00  0.00e+00  0.00e+00  0.00e+00  0.00e+00  0.00e+00  0.00e+00  0.00e+00  0.00e+00  0.00e+00  0.00e+00  0.00e+00  0.00e+00 
2.12e+09 1.80e+10 2.44e+09 2.08e+10    5   13     -1        0  9.44e+06  1.31e+08  9.82e+07  0.00e+00  0.00e+00  0.00e+00  0.00e+00  0.00e+00  0.00e+00  0.00e+00  0.00e+00  0.00e+00  0.00e+00  0.00e+00  0.00e+00  0.00e+00  0.00e+00  0.00e+00  0.00e+00  0.00e+00  0.00e+00 
2.12e+09 2.36e+10 2.44e+09 2.72e+10    5   14     -1        0  1.02e+07  1.31e+08  1.33e+08  0.00e+00  0.00e+00  0.00e+00  0.00e+00  0.00e+00  0.00e+00  0.00e+00  0.00e+00  0.00e+00  0.00e+00  0.00e+00  0.00e+00  0.00e+00  0.00e+00  0.00e+00  0.00e+00  0.00e+00  0.00e+00 
2.12e+09 3.08e+10 2.44e+09 3.55e+10    5   15     -1        0  1.08e+07  1.31e+08  1.78e+08  0.00e+00  0.00e+00  0.00e+00  0.00e+00  0.00e+00  0.00e+00  0.00e+00  0.00e+00  0.00e+00  0.00e+00  0.00e+00  0.00e+00  0.00e+00  0.00e+00  0.00e+00  0.00e+00  0.00e+00  0.00e+00 
2.12e+09 4.02e+10 2.44e+09 4.64e+10    5   16     -1        0  1.11e+07  1.31e+08  2.32e+08  0.00e+00  0.00e+00  0.00e+00  0.00e+00  0.00e+00  0.00e+00  0.00e+00  0.00e+00  0.00e+00  0.00e+00  0.00e+00  0.00e+00  0.00e+00  0.00e+00  0.00e+00  0.00e+00  0.00e+00  0.00e+00 
2.12e+09 5.26e+10 2.44e+09 6.07e+10    5   17     -1        0  1.11e+07  1.31e+08  2.96e+08  0.00e+00  0.00e+00  0.00e+00  0.00e+00  0.00e+00  0.00e+00  0.00e+00  0.00e+00  0.00e+00  0.00e+00  0.00e+00  0.00e+00  0.00e+00  0.00e+00  0.00e+00  0.00e+00  0.00e+00  0.00e+00 
2.12e+09 6.87e+10 2.44e+09 7.93e+10    5   18     -1        0  1.07e+07  1.31e+08  3.69e+08  0.00e+00  0.00e+00  0.00e+00  0.00e+00  0.00e+00  0.00e+00  0.00e+00  0.00e+00  0.00e+00  0.00e+00  0.00e+00  0.00e+00  0.00e+00  0.00e+00  0.00e+00  0.00e+00  0.00e+00  0.00e+00 
2.12e+09 8.98e+10 2.44e+09 1.04e+11    5   19     -1        0  1.01e+07  1.31e+08  4.47e+08  0.00e+00  0.00e+00  0.00e+00  0.00e+00  0.00e+00  0.00e+00  0.00e+00  0.00e+00  0.00e+00  0.00e+00  0.00e+00  0.00e+00  0.00e+00  0.00e+00  0.00e+00  0.00e+00  0.00e+00  0.00e+00 
2.12e+09 1.17e+11 2.44e+09 1.35e+11    5   20     -1        0  9.19e+06  1.31e+08  5.27e+08  0.00e+00  0.00e+00  0.00e+00  0.00e+00  0.00e+00  0.00e+00  0.00e+00  0.00e+00  0.00e+00  0.00e+00  0.00e+00  0.00e+00  0.00e+00  0.00e+00  0.00e+00  0.00e+00  0.00e+00  0.00e+00 
2.12e+09 1.53e+11 2.44e+09 1.77e+11    5   21     -1        0  8.15e+06  1.31e+08  6.07e+08  0.00e+00  0.00e+00  0.00e+00  0.00e+00  0.00e+00  0.00e+00  0.00e+00  0.00e+00  0.00e+00  0.00e+00  0.00e+00  0.00e+00  0.00e+00  0.00e+00  0.00e+00  0.00e+00  0.00e+00  0.00e+00 
2.12e+09 2.01e+11 2.44e+09 2.31e+11    5   22     -1        0  7.05e+06  1.31e+08  6.82e+08  0.00e+00  0.00e+00  0.00e+00  0.00e+00  0.00e+00  0.00e+00  0.00e+00  0.00e+00  0.00e+00  0.00e+00  0.00e+00  0.00e+00  0.00e+00  0.00e+00  0.00e+00  0.00e+00  0.00e+00  0.00e+00 
2.12e+09 2.62e+11 2.44e+09 3.02e+11    5   23     -1        0  5.97e+06  1.31e+08  7.51e+08  0.00e+00  0.00e+00  0.00e+00  0.00e+00  0.00e+00  0.00e+00  0.00e+00  0.00e+00  0.00e+00  0.00e+00  0.00e+00  0.00e+00  0.00e+00  0.00e+00  0.00e+00  0.00e+00  0.00e+00  0.00e+00 
2.12e+09 3.43e+11 2.44e+09 3.95e+11    5   24     -1        0  4.96e+06  1.31e+08  8.12e+08  0.00e+00  0.00e+00  0.00e+00  0.00e+00  0.00e+00  0.00e+00  0.00e+00  0.00e+00  0.00e+00  0.00e+00  0.00e+00  0.00e+00  0.00e+00  0.00e+00  0.00e+00  0.00e+00  0.00e+00  0.00e+00 
2.12e+09 4.48e+11 2.44e+09 5.17e+11    5   25     -1        0  4.05e+06  1.31e+08  8.64e+08  0.00e+00  0.00e+00  0.00e+00  0.00e+00  0.00e+00  0.00e+00  0.00e+00  0.00e+00  0.00e+00  0.00e+00  0.00e+00  0.00e+00  0.00e+00  0.00e+00  0.00e+00  0.00e+00  0.00e+00  0.00e+00 
2.12e+09 5.85e+11 2.44e+09 6.75e+11    5   26     -1        0  3.26e+06  1.31e+08  9.09e+08  0.00e+00  0.00e+00  0.00e+00  0.00e+00  0.00e+00  0.00e+00  0.00e+00  0.00e+00  0.00e+00  0.00e+00  0.00e+00  0.00e+00  0.00e+00  0.00e+00  0.00e+00  0.00e+00  0.00e+00  0.00e+00 
2.12e+09 7.65e+11 2.44e+09 8.83e+11    5   27     -1        0  2.60e+06  1.31e+08  9.45e+08  0.00e+00  0.00e+00  0.00e+00  0.00e+00  0.00e+00  0.00e+00  0.00e+00  0.00e+00  0.00e+00  0.00e+00  0.00e+00  0.00e+00  0.00e+00  0.00e+00  0.00e+00  0.00e+00  0.00e+00  0.00e+00 
2.12e+09 1.00e+12 2.44e+09 1.15e+12    5   28     -1        0  2.05e+06  1.31e+08  9.74e+08  0.00e+00  0.00e+00  0.00e+00  0.00e+00  0.00e+00  0.00e+00  0.00e+00  0.00e+00  0.00e+00  0.00e+00  0.00e+00  0.00e+00  0.00e+00  0.00e+00  0.00e+00  0.00e+00  0.00e+00  0.00e+00 
2.12e+09 1.31e+12 2.44e+09 1.51e+12    5   29     -1        0  1.61e+06  1.31e+08  9.98e+08  0.00e+00  0.00e+00  0.00e+00  0.00e+00  0.00e+00  0.00e+00  0.00e+00  0.00e+00  0.00e+00  0.00e+00  0.00e+00  0.00e+00  0.00e+00  0.00e+00  0.00e+00  0.00e+00  0.00e+00  0.00e+00 
2.77e+09 0.00e+00 3.19e+09 3.63e+08    6    0      0        0  1.35e+06  1.96e+08  1.94e+06  2.47e+28  7.70e-12  3.91e+12  4.10e+04  5.78e+04  4.61e-07  2.95e-05  8.11e-04  9.38e-02  1.54e-13 -6.34e+21  7.98e+20 -3.42e+21  1.48e+02  1.93e+03  2.06e+06  0.00e+00  1.54e+06 
2.77e+09 7.25e+08 3.19e+09 8.37e+08    6    1      0        0  1.63e+06  1.80e+08  2.78e+06  7.58e+27  4.74e-12  2.41e+12  4.19e+04  6.18e+04  3.47e-07  1.02e-05  3.13e-04  3.53e-02  2.94e-13 -2.46e+21 -1.65e+20 -1.98e+21  2.51e+02  3.38e+03  1.59e+06  0.00e+00  1.23e+06 
2.77e+09 9.48e+08 3.19e+09 1.09e+09    6    2      0        0  1.77e+06  1.76e+08  3.16e+06  9.91e+27  3.68e-12  1.87e+12  4.13e+04  6.31e+04  2.74e-07  7.01e-06  2.17e-04  2.38e-02  1.95e-13 -3.07e+21  4.86e+20 -2.24e+21  3.21e+02  4.43e+03  1.76e+06  0.00e+00  1.38e+06 
2.77e+09 1.24e+09 3.19e+09 1.43e+09    6    3      0        0  1.97e+06  1.71e+08  3.72e+06  1.29e+28  2.68e-12  1.36e+12  4.11e+04  6.43e+04  1.99e-07  4.73e-06  1.47e-04  1.59e-02  1.61e-13 -3.23e+21 -3.70e+20 -2.57e+21  4.27e+02  5.92e+03  1.92e+06  0.00e+00  1.53e+06 
2.77e+09 1.62e+09 3.19e+09 1.87e+09    6    4      0        0  2.25e+06  1.65e+08  4.57e+06  1.69e+28  1.82e-12  9.26e+11  4.06e+04  6.53e+04  1.37e-07  3.17e-06  9.86e-05  1.05e-02  1.07e-13 -3.68e+21  1.30e+20 -3.18e+21  5.91e+02  8.28e+03  2.05e+06  0.00e+00  1.66e+06 
2.77e+09 2.12e+09 3.19e+09 2.44e+09    6    5      0        0  2.65e+06  1.58e+08  5.84e+06  2.21e+28  1.15e-12  5.86e+11  3.95e+04  6.60e+04  9.15e-08  2.11e-06  6.62e-05  7.11e-03  4.62e-14 -2.73e+21  4.85e+20 -2.99e+21  8.46e+02  1.20e+04  2.12e+06  0.00e+00  1.72e+06 
2.77e+09 2.77e+09 3.19e+09 3.19e+09    6    6      0        0  3.18e+06  1.51e+08  7.78e+06  2.89e+28  6.81e-13  3.46e+11  3.81e+04  6.63e+04  5.64e-08  1.44e-06  4.42e-05  4.74e-03  1.37e-14 -2.47e+21  4.23e+17 -2.67e+21  1.24e+03  1.77e+04  2.09e+06  0.00e+00  1.70e+06 
2.77e+09 3.62e+09 3.19e+09 4.17e+09    6    7      0        0  3.91e+06  1.42e+08  1.08e+07  3.78e+28  3.74e-13  1.90e+11  3.65e+04  6.63e+04  3.01e-08  9.88e-07  2.96e-05  3.14e-03  3.04e-15 -1.74e+21  3.75e+20 -2.27e+21  1.86e+03  2.65e+04  1.95e+06  0.00e+00  1.58e+06 
2.77e+09 4.73e+09 3.19e+09 5.45e+09    6    8      0        0  4.87e+06  1.33e+08  1.54e+07  4.94e+28  1.93e-13  9.82e+10  3.46e+04  6.59e+04  1.93e-08  6.79e-07  2.01e-05  2.11e-03  4.02e-16 -1.30e+21  3.90e+20 -1.61e+21  2.80e+03  3.99e+04  1.69e+06  0.00e+00  1.37e+06 
2.77e+09 6.18e+09 3.19e+09 7.12e+09    6    9      0        0  6.13e+06  1.23e+08  2.25e+07  6.46e+28  9.42e-14  4.78e+10  3.15e+04  6.51e+04  1.03e-08  4.78e-07  1.44e-05  1.50e-03  1.02e-17 -9.25e+20  3.91e+20 -1.18e+21  4.20e+03  6.06e+04  1.36e+06  0.00e+00  1.09e+06 
2.77e+09 8.07e+09 3.19e+09 9.31e+09    6   10      0        0  7.71e+06  1.13e+08  3.36e+07  8.44e+28  4.37e-14  2.22e+10  2.55e+04  6.40e+04  6.39e-09  4.02e-07  1.14e-05  1.16e-03  1.00e-20 -4.02e+20  1.79e+20 -7.49e+20  6.24e+03  8.84e+04  1.02e+06  0.00e+00  8.01e+05 
2.77e+09 1.05e+10 3.19e+09 1.22e+10    6   11      1        0  9.62e+06  1.03e+08  5.06e+07  9.03e+28  0.00e+00  8.45e-18  3.91e+03  6.28e+04  0.00e+00  0.00e+00  0.00e+00  0.00e+00  0.00e+00 -6.57e+19  3.45e+19 -3.03e+20       inf       inf  6.09e+05  0.00e+00  4.59e+05 
2.77e+09 1.38e+10 3.19e+09 1.59e+10    6   12      1        0  1.11e+07  1.00e+08  7.13e+07  1.92e+28  0.00e+00  8.45e-18  1.99e+03  6.19e+04  0.00e+00  0.00e+00  0.00e+00  0.00e+00  0.00e+00  1.22e+18  1.87e+19 -9.53e+18       inf       inf  1.99e+05  0.00e+00  1.44e+05 
2.77e+09 1.80e+10 3.19e+09 2.08e+10    6   13     -1        0  1.23e+07  1.00e+08  9.82e+07  0.00e+00  0.00e+00  0.00e+00  0.00e+00  0.00e+00  0.00e+00  0.00e+00  0.00e+00  0.00e+00  0.00e+00  0.00e+00  0.00e+00  0.00e+00  0.00e+00  0.00e+00  0.00e+00  0.00e+00  0.00e+00 
2.77e+09 2.36e+10 3.19e+09 2.72e+10    6   14     -1        0  1.34e+07  1.00e+08  1.33e+08  0.00e+00  0.00e+00  0.00e+00  0.00e+00  0.00e+00  0.00e+00  0.00e+00  0.00e+00  0.00e+00  0.00e+00  0.00e+00  0.00e+00  0.00e+00  0.00e+00  0.00e+00  0.00e+00  0.00e+00  0.00e+00 
2.77e+09 3.08e+10 3.19e+09 3.55e+10    6   15     -1        0  1.41e+07  1.00e+08  1.78e+08  0.00e+00  0.00e+00  0.00e+00  0.00e+00  0.00e+00  0.00e+00  0.00e+00  0.00e+00  0.00e+00  0.00e+00  0.00e+00  0.00e+00  0.00e+00  0.00e+00  0.00e+00  0.00e+00  0.00e+00  0.00e+00 
2.77e+09 4.02e+10 3.19e+09 4.64e+10    6   16     -1        0  1.45e+07  1.00e+08  2.32e+08  0.00e+00  0.00e+00  0.00e+00  0.00e+00  0.00e+00  0.00e+00  0.00e+00  0.00e+00  0.00e+00  0.00e+00  0.00e+00  0.00e+00  0.00e+00  0.00e+00  0.00e+00  0.00e+00  0.00e+00  0.00e+00 
2.77e+09 5.26e+10 3.19e+09 6.07e+10    6   17     -1        0  1.45e+07  1.00e+08  2.96e+08  0.00e+00  0.00e+00  0.00e+00  0.00e+00  0.00e+00  0.00e+00  0.00e+00  0.00e+00  0.00e+00  0.00e+00  0.00e+00  0.00e+00  0.00e+00  0.00e+00  0.00e+00  0.00e+00  0.00e+00  0.00e+00 
2.77e+09 6.87e+10 3.19e+09 7.93e+10    6   18     -1        0  1.40e+07  1.00e+08  3.69e+08  0.00e+00  0.00e+00  0.00e+00  0.00e+00  0.00e+00  0.00e+00  0.00e+00  0.00e+00  0.00e+00  0.00e+00  0.00e+00  0.00e+00  0.00e+00  0.00e+00  0.00e+00  0.00e+00  0.00e+00  0.00e+00 
2.77e+09 8.98e+10 3.19e+09 1.04e+11    6   19     -1        0  1.32e+07  1.00e+08  4.47e+08  0.00e+00  0.00e+00  0.00e+00  0.00e+00  0.00e+00  0.00e+00  0.00e+00  0.00e+00  0.00e+00  0.00e+00  0.00e+00  0.00e+00  0.00e+00  0.00e+00  0.00e+00  0.00e+00  0.00e+00  0.00e+00 
2.77e+09 1.17e+11 3.19e+09 1.35e+11    6   20     -1        0  1.20e+07  1.00e+08  5.27e+08  0.00e+00  0.00e+00  0.00e+00  0.00e+00  0.00e+00  0.00e+00  0.00e+00  0.00e+00  0.00e+00  0.00e+00  0.00e+00  0.00e+00  0.00e+00  0.00e+00  0.00e+00  0.00e+00  0.00e+00  0.00e+00 
2.77e+09 1.53e+11 3.19e+09 1.77e+11    6   21     -1        0  1.07e+07  1.00e+08  6.06e+08  0.00e+00  0.00e+00  0.00e+00  0.00e+00  0.00e+00  0.00e+00  0.00e+00  0.00e+00  0.00e+00  0.00e+00  0.00e+00  0.00e+00  0.00e+00  0.00e+00  0.00e+00  0.00e+00  0.00e+00  0.00e+00 
2.77e+09 2.01e+11 3.19e+09 2.31e+11    6   22     -1        0  9.22e+06  1.00e+08  6.82e+08  0.00e+00  0.00e+00  0.00e+00  0.00e+00  0.00e+00  0.00e+00  0.00e+00  0.00e+00  0.00e+00  0.00e+00  0.00e+00  0.00e+00  0.00e+00  0.00e+00  0.00e+00  0.00e+00  0.00e+00  0.00e+00 
2.77e+09 2.62e+11 3.19e+09 3.02e+11    6   23     -1        0  7.80e+06  1.00e+08  7.51e+08  0.00e+00  0.00e+00  0.00e+00  0.00e+00  0.00e+00  0.00e+00  0.00e+00  0.00e+00  0.00e+00  0.00e+00  0.00e+00  0.00e+00  0.00e+00  0.00e+00  0.00e+00  0.00e+00  0.00e+00  0.00e+00 
2.77e+09 3.43e+11 3.19e+09 3.95e+11    6   24     -1        0  6.48e+06  1.00e+08  8.12e+08  0.00e+00  0.00e+00  0.00e+00  0.00e+00  0.00e+00  0.00e+00  0.00e+00  0.00e+00  0.00e+00  0.00e+00  0.00e+00  0.00e+00  0.00e+00  0.00e+00  0.00e+00  0.00e+00  0.00e+00  0.00e+00 
2.77e+09 4.48e+11 3.19e+09 5.17e+11    6   25     -1        0  5.29e+06  1.00e+08  8.64e+08  0.00e+00  0.00e+00  0.00e+00  0.00e+00  0.00e+00  0.00e+00  0.00e+00  0.00e+00  0.00e+00  0.00e+00  0.00e+00  0.00e+00  0.00e+00  0.00e+00  0.00e+00  0.00e+00  0.00e+00  0.00e+00 
2.77e+09 5.85e+11 3.19e+09 6.75e+11    6   26     -1        0  4.26e+06  1.00e+08  9.09e+08  0.00e+00  0.00e+00  0.00e+00  0.00e+00  0.00e+00  0.00e+00  0.00e+00  0.00e+00  0.00e+00  0.00e+00  0.00e+00  0.00e+00  0.00e+00  0.00e+00  0.00e+00  0.00e+00  0.00e+00  0.00e+00 
2.77e+09 7.65e+11 3.19e+09 8.83e+11    6   27     -1        0  3.40e+06  1.00e+08  9.45e+08  0.00e+00  0.00e+00  0.00e+00  0.00e+00  0.00e+00  0.00e+00  0.00e+00  0.00e+00  0.00e+00  0.00e+00  0.00e+00  0.00e+00  0.00e+00  0.00e+00  0.00e+00  0.00e+00  0.00e+00  0.00e+00 
2.77e+09 1.00e+12 3.19e+09 1.15e+12    6   28     -1        0  2.68e+06  1.00e+08  9.74e+08  0.00e+00  0.00e+00  0.00e+00  0.00e+00  0.00e+00  0.00e+00  0.00e+00  0.00e+00  0.00e+00  0.00e+00  0.00e+00  0.00e+00  0.00e+00  0.00e+00  0.00e+00  0.00e+00  0.00e+00  0.00e+00 
2.77e+09 1.31e+12 3.19e+09 1.51e+12    6   29     -1        0  2.11e+06  1.00e+08  9.98e+08  0.00e+00  0.00e+00  0.00e+00  0.00e+00  0.00e+00  0.00e+00  0.00e+00  0.00e+00  0.00e+00  0.00e+00  0.00e+00  0.00e+00  0.00e+00  0.00e+00  0.00e+00  0.00e+00  0.00e+00  0.00e+00 
3.62e+09 0.00e+00 4.17e+09 3.63e+08    7    0      0        0  1.46e+06  1.71e+08  1.61e+06  4.22e+28  9.26e-12  4.70e+12  3.67e+04  5.07e+04  7.13e-07  1.08e-04  2.60e-03  2.01e-01  3.34e-15 -5.04e+21  1.68e+20 -2.93e+21  5.73e+01  7.13e+02  1.52e+06  0.00e+00  9.96e+05 
3.62e+09 7.25e+08 4.17e+09 8.37e+08    7    1      0        0  1.84e+06  1.58e+08  2.40e+06  1.29e+28  5.54e-12  2.81e+12  3.76e+04  5.49e+04  4.85e-07  3.49e-05  9.89e-04  9.71e-02  8.54e-15 -1.75e+21  1.24e+19 -1.30e+21  1.07e+02  1.39e+03  1.26e+06  0.00e+00  8.58e+05 
3.62e+09 9.48e+08 4.17e+09 1.09e+09    7    2      0        0  2.01e+06  1.54e+08  2.75e+06  1.69e+28  4.25e-12  2.16e+12  3.77e+04  5.67e+04  3.70e-07  2.29e-05  6.36e-04  6.38e-02  9.53e-15 -2.33e+21 -2.64e+20 -1.40e+21  1.45e+02  1.92e+03  1.43e+06  0.00e+00  1.00e+06 
3.62e+09 1.24e+09 4.17e+09 1.43e+09    7    3      0        0  2.26e+06  1.50e+08  3.26e+06  2.21e+28  3.06e-12  1.56e+12  3.77e+04  5.85e+04  2.67e-07  1.37e-05  3.96e-04  4.10e-02  9.28e-15 -2.86e+21  1.19e+19 -2.00e+21  2.07e+02  2.77e+03  1.63e+06  0.00e+00  1.19e+06 
3.62e+09 1.62e+09 4.17e+09 1.87e+09    7    4      0        0  2.60e+06  1.45e+08  4.03e+06  2.89e+28  2.07e-12  1.05e+12  3.77e+04  6.01e+04  1.80e-07  8.25e-06  2.42e-04  2.59e-02  8.98e-15 -3.67e+21  3.12e+20 -2.40e+21  3.08e+02  4.21e+03  1.86e+06  0.00e+00  1.40e+06 
3.62e+09 2.12e+09 4.17e+09 2.44e+09    7    5      0        0  3.07e+06  1.38e+08  5.19e+06  3.78e+28  1.30e-12  6.61e+11  3.69e+04  6.16e+04  1.17e-07  4.76e-06  1.44e-04  1.56e-02  4.55e-15 -2.70e+21  1.59e+20 -2.48e+21  4.78e+02  6.63e+03  2.08e+06  0.00e+00  1.60e+06 
3.62e+09 2.77e+09 4.17e+09 3.19e+09    7    6      0        0  3.71e+06  1.32e+08  6.93e+06  4.94e+28  7.64e-13  3.88e+11  3.63e+04  6.27e+04  6.62e-08  2.81e-06  8.59e-05  9.42e-03  2.37e-15 -2.48e+21  1.77e+20 -2.56e+21  7.62e+02  1.06e+04  2.23e+06  0.00e+00  1.75e+06 
3.62e+09 3.62e+09 4.17e+09 4.17e+09    7    7      0        0  4.56e+06  1.24e+08  9.59e+06  6.46e+28  4.20e-13  2.14e+11  3.54e+04  6.35e+04  4.06e-08  1.66e-06  5.09e-05  5.57e-03  1.03e-15 -1.92e+21 -1.26e+20 -2.29e+21  1.23e+03  1.71e+04  2.26e+06  0.00e+00  1.79e+06 
3.62e+09 4.73e+09 4.17e+09 5.45e+09    7    8      0        0  5.67e+06  1.16e+08  1.37e+07  8.44e+28  2.17e-13  1.10e+11  3.39e+04  6.38e+04  2.26e-08  1.05e-06  3.15e-05  3.43e-03  1.86e-16 -1.16e+21  1.91e+20 -1.87e+21  1.98e+03  2.79e+04  2.13e+06  0.00e+00  1.69e+06 
3.62e+09 6.18e+09 4.17e+09 7.12e+09    7    9      0        0  7.12e+06  1.07e+08  2.00e+07  1.10e+29  1.06e-13  5.39e+10  3.14e+04  6.36e+04  1.12e-08  6.37e-07  2.04e-05  2.18e-03  9.36e-18 -8.33e+20  1.30e+20 -1.22e+21  3.15e+03  4.46e+04  1.85e+06  0.00e+00  1.46e+06 
3.62e+09 8.07e+09 4.17e+09 9.31e+09    7   10      0        0  8.94e+06  9.85e+07  2.98e+07  1.44e+29  4.94e-14  2.51e+10  2.70e+04  6.31e+04  6.97e-09  5.06e-07  1.46e-05  1.55e-03  1.00e-20 -6.12e+20  1.24e+20 -9.88e+20  4.93e+03  6.94e+04  1.47e+06  0.00e+00  1.15e+06 
3.62e+09 1.05e+10 4.17e+09 1.22e+10    7   11      0        0  1.12e+07  8.97e+07  4.50e+07  1.88e+29  2.21e-14  1.12e+10  1.65e+04  6.22e+04  5.06e-09  4.66e-07  1.37e-05  1.41e-03  1.00e-20 -4.05e+20  6.78e+19 -7.64e+20  7.51e+03  1.05e+05  1.09e+06  0.00e+00  8.35e+05 
3.62e+09 1.38e+10 4.17e+09 1.59e+10    7   12      1        0  1.39e+07  8.12e+07  6.83e+07  2.29e+29  0.00e+00  8.24e-18  1.96e+03  6.12e+04  0.00e+00  0.00e+00  0.00e+00  0.00e+00  0.00e+00 -1.02e+20  5.82e+18 -4.73e+20       inf       inf  6.78e+05  0.00e+00  5.05e+05 
3.62e+09 1.80e+10 4.17e+09 2.08e+10    7   13      1        0  1.61e+07  7.67e+07  9.83e+07  8.67e+28  0.00e+00  8.24e-18  8.87e+02  6.04e+04  0.00e+00  0.00e+00  0.00e+00  0.00e+00  0.00e+00 -4.54e+19  7.85e+18 -6.53e+19       inf       inf  2.70e+05  0.00e+00  1.92e+05 
3.62e+09 2.36e+10 4.17e+09 2.72e+10    7   14     -1        0  1.75e+07  7.67e+07  1.33e+08  0.00e+00  0.00e+00  0.00e+00  0.00e+00  0.00e+00  0.00e+00  0.00e+00  0.00e+00  0.00e+00  0.00e+00  0.00e+00  0.00e+00  0.00e+00  0.00e+00  0.00e+00  0.00e+00  0.00e+00  0.00e+00 
3.62e+09 3.08e+10 4.17e+09 3.55e+10    7   15     -1        0  1.85e+07  7.67e+07  1.78e+08  0.00e+00  0.00e+00  0.00e+00  0.00e+00  0.00e+00  0.00e+00  0.00e+00  0.00e+00  0.00e+00  0.00e+00  0.00e+00  0.00e+00  0.00e+00  0.00e+00  0.00e+00  0.00e+00  0.00e+00  0.00e+00 
3.62e+09 4.02e+10 4.17e+09 4.64e+10    7   16     -1        0  1.90e+07  7.67e+07  2.32e+08  0.00e+00  0.00e+00  0.00e+00  0.00e+00  0.00e+00  0.00e+00  0.00e+00  0.00e+00  0.00e+00  0.00e+00  0.00e+00  0.00e+00  0.00e+00  0.00e+00  0.00e+00  0.00e+00  0.00e+00  0.00e+00 
3.62e+09 5.26e+10 4.17e+09 6.07e+10    7   17     -1        0  1.89e+07  7.67e+07  2.96e+08  0.00e+00  0.00e+00  0.00e+00  0.00e+00  0.00e+00  0.00e+00  0.00e+00  0.00e+00  0.00e+00  0.00e+00  0.00e+00  0.00e+00  0.00e+00  0.00e+00  0.00e+00  0.00e+00  0.00e+00  0.00e+00 
3.62e+09 6.87e+10 4.17e+09 7.93e+10    7   18     -1        0  1.83e+07  7.67e+07  3.69e+08  0.00e+00  0.00e+00  0.00e+00  0.00e+00  0.00e+00  0.00e+00  0.00e+00  0.00e+00  0.00e+00  0.00e+00  0.00e+00  0.00e+00  0.00e+00  0.00e+00  0.00e+00  0.00e+00  0.00e+00  0.00e+00 
3.62e+09 8.98e+10 4.17e+09 1.04e+11    7   19     -1        0  1.72e+07  7.67e+07  4.47e+08  0.00e+00  0.00e+00  0.00e+00  0.00e+00  0.00e+00  0.00e+00  0.00e+00  0.00e+00  0.00e+00  0.00e+00  0.00e+00  0.00e+00  0.00e+00  0.00e+00  0.00e+00  0.00e+00  0.00e+00  0.00e+00 
3.62e+09 1.17e+11 4.17e+09 1.35e+11    7   20     -1        0  1.57e+07  7.67e+07  5.27e+08  0.00e+00  0.00e+00  0.00e+00  0.00e+00  0.00e+00  0.00e+00  0.00e+00  0.00e+00  0.00e+00  0.00e+00  0.00e+00  0.00e+00  0.00e+00  0.00e+00  0.00e+00  0.00e+00  0.00e+00  0.00e+00 
3.62e+09 1.53e+11 4.17e+09 1.77e+11    7   21     -1        0  1.39e+07  7.67e+07  6.06e+08  0.00e+00  0.00e+00  0.00e+00  0.00e+00  0.00e+00  0.00e+00  0.00e+00  0.00e+00  0.00e+00  0.00e+00  0.00e+00  0.00e+00  0.00e+00  0.00e+00  0.00e+00  0.00e+00  0.00e+00  0.00e+00 
3.62e+09 2.01e+11 4.17e+09 2.31e+11    7   22     -1        0  1.20e+07  7.67e+07  6.82e+08  0.00e+00  0.00e+00  0.00e+00  0.00e+00  0.00e+00  0.00e+00  0.00e+00  0.00e+00  0.00e+00  0.00e+00  0.00e+00  0.00e+00  0.00e+00  0.00e+00  0.00e+00  0.00e+00  0.00e+00  0.00e+00 
3.62e+09 2.62e+11 4.17e+09 3.02e+11    7   23     -1        0  1.02e+07  7.67e+07  7.51e+08  0.00e+00  0.00e+00  0.00e+00  0.00e+00  0.00e+00  0.00e+00  0.00e+00  0.00e+00  0.00e+00  0.00e+00  0.00e+00  0.00e+00  0.00e+00  0.00e+00  0.00e+00  0.00e+00  0.00e+00  0.00e+00 
3.62e+09 3.43e+11 4.17e+09 3.95e+11    7   24     -1        0  8.47e+06  7.67e+07  8.12e+08  0.00e+00  0.00e+00  0.00e+00  0.00e+00  0.00e+00  0.00e+00  0.00e+00  0.00e+00  0.00e+00  0.00e+00  0.00e+00  0.00e+00  0.00e+00  0.00e+00  0.00e+00  0.00e+00  0.00e+00  0.00e+00 
3.62e+09 4.48e+11 4.17e+09 5.17e+11    7   25     -1        0  6.92e+06  7.67e+07  8.64e+08  0.00e+00  0.00e+00  0.00e+00  0.00e+00  0.00e+00  0.00e+00  0.00e+00  0.00e+00  0.00e+00  0.00e+00  0.00e+00  0.00e+00  0.00e+00  0.00e+00  0.00e+00  0.00e+00  0.00e+00  0.00e+00 
3.62e+09 5.85e+11 4.17e+09 6.75e+11    7   26     -1        0  5.57e+06  7.67e+07  9.09e+08  0.00e+00  0.00e+00  0.00e+00  0.00e+00  0.00e+00  0.00e+00  0.00e+00  0.00e+00  0.00e+00  0.00e+00  0.00e+00  0.00e+00  0.00e+00  0.00e+00  0.00e+00  0.00e+00  0.00e+00  0.00e+00 
3.62e+09 7.65e+11 4.17e+09 8.83e+11    7   27     -1        0  4.44e+06  7.67e+07  9.45e+08  0.00e+00  0.00e+00  0.00e+00  0.00e+00  0.00e+00  0.00e+00  0.00e+00  0.00e+00  0.00e+00  0.00e+00  0.00e+00  0.00e+00  0.00e+00  0.00e+00  0.00e+00  0.00e+00  0.00e+00  0.00e+00 
3.62e+09 1.00e+12 4.17e+09 1.15e+12    7   28     -1        0  3.51e+06  7.67e+07  9.74e+08  0.00e+00  0.00e+00  0.00e+00  0.00e+00  0.00e+00  0.00e+00  0.00e+00  0.00e+00  0.00e+00  0.00e+00  0.00e+00  0.00e+00  0.00e+00  0.00e+00  0.00e+00  0.00e+00  0.00e+00  0.00e+00 
3.62e+09 1.31e+12 4.17e+09 1.51e+12    7   29     -1        0  2.75e+06  7.67e+07  9.98e+08  0.00e+00  0.00e+00  0.00e+00  0.00e+00  0.00e+00  0.00e+00  0.00e+00  0.00e+00  0.00e+00  0.00e+00  0.00e+00  0.00e+00  0.00e+00  0.00e+00  0.00e+00  0.00e+00  0.00e+00  0.00e+00 
4.73e+09 0.00e+00 5.45e+09 3.63e+08    8    0      0        0  1.52e+06  1.50e+08  1.28e+06  7.21e+28  1.15e-11  5.83e+12  3.17e+04  4.46e+04  1.31e-06  3.57e-04  8.46e-03  3.97e-01  1.24e-17 -4.40e+21  9.54e+19 -2.13e+21  1.95e+01  2.37e+02  1.11e+06  0.00e+00  5.97e+05 
4.73e+09 7.25e+08 5.45e+09 8.37e+08    8    1      0        0  2.02e+06  1.38e+08  2.02e+06  2.21e+28  6.59e-12  3.35e+12  3.27e+04  4.85e+04  7.36e-07  1.27e-04  3.24e-03  2.41e-01  4.61e-17 -1.64e+21 -1.94e+20 -1.27e+21  4.00e+01  5.10e+02  9.63e+05  0.00e+00  5.47e+05 
4.73e+09 9.48e+08 5.45e+09 1.09e+09    8    2      0        0  2.24e+06  1.35e+08  2.34e+06  2.89e+28  4.98e-12  2.53e+12  3.34e+04  5.04e+04  5.39e-07  7.49e-05  1.97e-03  1.64e-01  1.04e-16 -1.80e+21  8.81e+19 -1.13e+21  5.69e+01  7.32e+02  1.09e+06  0.00e+00  6.51e+05 
4.73e+09 1.24e+09 5.45e+09 1.43e+09    8    3      0        0  2.55e+06  1.31e+08  2.82e+06  3.78e+28  3.54e-12  1.80e+12  3.40e+04  5.25e+04  3.71e-07  4.27e-05  1.16e-03  1.07e-01  2.20e-16 -2.09e+21  7.69e+19 -1.10e+21  8.64e+01  1.13e+03  1.26e+06  0.00e+00  8.01e+05 
4.73e+09 1.62e+09 5.45e+09 1.87e+09    8    4      0        0  2.97e+06  1.26e+08  3.53e+06  4.94e+28  2.36e-12  1.20e+12  3.42e+04  5.47e+04  2.45e-07  2.31e-05  6.49e-04  6.39e-02  2.63e-16 -2.77e+21 -8.97e+19 -1.61e+21  1.38e+02  1.85e+03  1.50e+06  0.00e+00  1.00e+06 
4.73e+09 2.12e+09 5.45e+09 2.44e+09    8    5      0        0  3.54e+06  1.21e+08  4.58e+06  6.46e+28  1.47e-12  7.47e+11  3.43e+04  5.67e+04  1.52e-07  1.24e-05  3.56e-04  3.75e-02  3.12e-16 -2.89e+21  2.16e+19 -1.91e+21  2.33e+02  3.14e+03  1.78e+06  0.00e+00  1.25e+06 
4.73e+09 2.77e+09 5.45e+09 3.19e+09    8    6      0        0  4.30e+06  1.15e+08  6.15e+06  8.44e+28  8.59e-13  4.37e+11  3.42e+04  5.85e+04  8.86e-08  6.33e-06  1.89e-04  2.07e-02  2.62e-16 -2.93e+21  1.94e+20 -2.11e+21  4.06e+02  5.55e+03  2.07e+06  0.00e+00  1.52e+06 
4.73e+09 3.62e+09 5.45e+09 4.17e+09    8    7      0        0  5.31e+06  1.09e+08  8.54e+06  1.10e+29  4.72e-13  2.40e+11  3.36e+04  6.00e+04  5.03e-08  3.34e-06  1.01e-04  1.12e-02  1.44e-16 -2.50e+21  9.79e+19 -2.18e+21  7.17e+02  9.90e+03  2.31e+06  0.00e+00  1.74e+06 
4.73e+09 4.73e+09 5.45e+09 5.45e+09    8    8      0        0  6.60e+06  1.01e+08  1.22e+07  1.44e+29  2.44e-13  1.24e+11  3.26e+04  6.12e+04  2.64e-08  1.82e-06  5.53e-05  6.14e-03  3.94e-17 -1.51e+21  1.30e+20 -1.80e+21  1.26e+03  1.75e+04  2.40e+06  0.00e+00  1.84e+06 
4.73e+09 6.18e+09 5.45e+09 7.12e+09    8    9      0        0  8.27e+06  9.39e+07  1.78e+07  1.88e+29  1.19e-13  6.07e+10  3.09e+04  6.17e+04  1.46e-08  1.08e-06  3.21e-05  3.57e-03  4.83e-18 -1.16e+21 -1.18e+20 -1.20e+21  2.17e+03  3.00e+04  2.28e+06  0.00e+00  1.76e+06 
4.73e+09 8.07e+09 5.45e+09 9.31e+09    8   10      0        0  1.04e+07  8.62e+07  2.64e+07  2.46e+29  5.58e-14  2.83e+10  2.75e+04  6.17e+04  7.92e-09  6.94e-07  2.04e-05  2.21e-03  2.26e-20 -7.87e+20  2.58e+20 -1.22e+21  3.63e+03  5.06e+04  1.98e+06  0.00e+00  1.52e+06 
4.73e+09 1.05e+10 5.45e+09 1.22e+10    8   11      0        0  1.29e+07  7.85e+07  3.98e+07  3.22e+29  2.50e-14  1.27e+10  1.82e+04  6.13e+04  5.55e-09  5.68e-07  1.70e-05  1.84e-03  1.00e-20 -4.82e+20 -1.16e+19 -8.43e+20  5.86e+03  8.17e+04  1.57e+06  0.00e+00  1.19e+06 
4.73e+09 1.38e+10 5.45e+09 1.59e+10    8   12      0        0  1.60e+07  7.10e+07  6.03e+07  4.21e+29  1.09e-14  5.54e+09  1.00e+04  6.06e+04  4.40e-09  5.42e-07  1.67e-05  1.75e-03  1.00e-20 -3.10e+20 -6.91e+19 -8.56e+20  9.12e+03  1.29e+05  1.14e+06  0.00e+00  8.59e+05 
4.73e+09 1.80e+10 5.45e+09 2.08e+10    8   13      1        0  1.96e+07  6.38e+07  9.14e+07  5.38e+29  0.00e+00  8.24e-18  1.01e+03  5.98e+04  0.00e+00  0.00e+00  0.00e+00  0.00e+00  0.00e+00 -6.17e+19 -6.45e+19 -3.54e+20       inf       inf  7.36e+05  0.00e+00  5.42e+05 
4.73e+09 2.36e+10 5.45e+09 2.72e+10    8   14      1        0  2.29e+07  5.87e+07  1.34e+08  2.88e+29  0.00e+00  8.24e-18  4.23e+02  5.91e+04  0.00e+00  0.00e+00  0.00e+00  0.00e+00  0.00e+00 -3.72e+19 -1.25e+19 -9.32e+19       inf       inf  3.19e+05  0.00e+00  2.25e+05 
4.73e+09 3.08e+10 5.45e+09 3.55e+10    8   15     -1        0  2.42e+07  5.87e+07  1.78e+08  0.00e+00  0.00e+00  0.00e+00  0.00e+00  0.00e+00  0.00e+00  0.00e+00  0.00e+00  0.00e+00  0.00e+00  0.00e+00  0.00e+00  0.00e+00  0.00e+00  0.00e+00  0.00e+00  0.00e+00  0.00e+00 
4.73e+09 4.02e+10 5.45e+09 4.64e+10    8   16     -1        0  2.48e+07  5.87e+07  2.32e+08  0.00e+00  0.00e+00  0.00e+00  0.00e+00  0.00e+00  0.00e+00  0.00e+00  0.00e+00  0.00e+00  0.00e+00  0.00e+00  0.00e+00  0.00e+00  0.00e+00  0.00e+00  0.00e+00  0.00e+00  0.00e+00 
4.73e+09 5.26e+10 5.45e+09 6.07e+10    8   17     -1        0  2.47e+07  5.87e+07  2.96e+08  0.00e+00  0.00e+00  0.00e+00  0.00e+00  0.00e+00  0.00e+00  0.00e+00  0.00e+00  0.00e+00  0.00e+00  0.00e+00  0.00e+00  0.00e+00  0.00e+00  0.00e+00  0.00e+00  0.00e+00  0.00e+00 
4.73e+09 6.87e+10 5.45e+09 7.93e+10    8   18     -1        0  2.39e+07  5.87e+07  3.69e+08  0.00e+00  0.00e+00  0.00e+00  0.00e+00  0.00e+00  0.00e+00  0.00e+00  0.00e+00  0.00e+00  0.00e+00  0.00e+00  0.00e+00  0.00e+00  0.00e+00  0.00e+00  0.00e+00  0.00e+00  0.00e+00 
4.73e+09 8.98e+10 5.45e+09 1.04e+11    8   19     -1        0  2.25e+07  5.87e+07  4.46e+08  0.00e+00  0.00e+00  0.00e+00  0.00e+00  0.00e+00  0.00e+00  0.00e+00  0.00e+00  0.00e+00  0.00e+00  0.00e+00  0.00e+00  0.00e+00  0.00e+00  0.00e+00  0.00e+00  0.00e+00  0.00e+00 
4.73e+09 1.17e+11 5.45e+09 1.35e+11    8   20     -1        0  2.05e+07  5.87e+07  5.27e+08  0.00e+00  0.00e+00  0.00e+00  0.00e+00  0.00e+00  0.00e+00  0.00e+00  0.00e+00  0.00e+00  0.00e+00  0.00e+00  0.00e+00  0.00e+00  0.00e+00  0.00e+00  0.00e+00  0.00e+00  0.00e+00 
4.73e+09 1.53e+11 5.45e+09 1.77e+11    8   21     -1        0  1.82e+07  5.87e+07  6.06e+08  0.00e+00  0.00e+00  0.00e+00  0.00e+00  0.00e+00  0.00e+00  0.00e+00  0.00e+00  0.00e+00  0.00e+00  0.00e+00  0.00e+00  0.00e+00  0.00e+00  0.00e+00  0.00e+00  0.00e+00  0.00e+00 
4.73e+09 2.01e+11 5.45e+09 2.31e+11    8   22     -1        0  1.57e+07  5.87e+07  6.82e+08  0.00e+00  0.00e+00  0.00e+00  0.00e+00  0.00e+00  0.00e+00  0.00e+00  0.00e+00  0.00e+00  0.00e+00  0.00e+00  0.00e+00  0.00e+00  0.00e+00  0.00e+00  0.00e+00  0.00e+00  0.00e+00 
4.73e+09 2.62e+11 5.45e+09 3.02e+11    8   23     -1        0  1.33e+07  5.87e+07  7.51e+08  0.00e+00  0.00e+00  0.00e+00  0.00e+00  0.00e+00  0.00e+00  0.00e+00  0.00e+00  0.00e+00  0.00e+00  0.00e+00  0.00e+00  0.00e+00  0.00e+00  0.00e+00  0.00e+00  0.00e+00  0.00e+00 
4.73e+09 3.43e+11 5.45e+09 3.95e+11    8   24     -1        0  1.11e+07  5.87e+07  8.12e+08  0.00e+00  0.00e+00  0.00e+00  0.00e+00  0.00e+00  0.00e+00  0.00e+00  0.00e+00  0.00e+00  0.00e+00  0.00e+00  0.00e+00  0.00e+00  0.00e+00  0.00e+00  0.00e+00  0.00e+00  0.00e+00 
4.73e+09 4.48e+11 5.45e+09 5.17e+11    8   25     -1        0  9.04e+06  5.87e+07  8.64e+08  0.00e+00  0.00e+00  0.00e+00  0.00e+00  0.00e+00  0.00e+00  0.00e+00  0.00e+00  0.00e+00  0.00e+00  0.00e+00  0.00e+00  0.00e+00  0.00e+00  0.00e+00  0.00e+00  0.00e+00  0.00e+00 
4.73e+09 5.85e+11 5.45e+09 6.75e+11    8   26     -1        0  7.28e+06  5.87e+07  9.08e+08  0.00e+00  0.00e+00  0.00e+00  0.00e+00  0.00e+00  0.00e+00  0.00e+00  0.00e+00  0.00e+00  0.00e+00  0.00e+00  0.00e+00  0.00e+00  0.00e+00  0.00e+00  0.00e+00  0.00e+00  0.00e+00 
4.73e+09 7.65e+11 5.45e+09 8.83e+11    8   27     -1        0  5.81e+06  5.87e+07  9.45e+08  0.00e+00  0.00e+00  0.00e+00  0.00e+00  0.00e+00  0.00e+00  0.00e+00  0.00e+00  0.00e+00  0.00e+00  0.00e+00  0.00e+00  0.00e+00  0.00e+00  0.00e+00  0.00e+00  0.00e+00  0.00e+00 
4.73e+09 1.00e+12 5.45e+09 1.15e+12    8   28     -1        0  4.59e+06  5.87e+07  9.74e+08  0.00e+00  0.00e+00  0.00e+00  0.00e+00  0.00e+00  0.00e+00  0.00e+00  0.00e+00  0.00e+00  0.00e+00  0.00e+00  0.00e+00  0.00e+00  0.00e+00  0.00e+00  0.00e+00  0.00e+00  0.00e+00 
4.73e+09 1.31e+12 5.45e+09 1.51e+12    8   29     -1        0  3.60e+06  5.87e+07  9.98e+08  0.00e+00  0.00e+00  0.00e+00  0.00e+00  0.00e+00  0.00e+00  0.00e+00  0.00e+00  0.00e+00  0.00e+00  0.00e+00  0.00e+00  0.00e+00  0.00e+00  0.00e+00  0.00e+00  0.00e+00  0.00e+00 
6.18e+09 0.00e+00 7.12e+09 3.63e+08    9    0      0        0  1.52e+06  1.31e+08  9.85e+05  1.23e+29  1.46e-11  7.40e+12  2.71e+04  3.94e+04  2.40e-06  1.57e-03  4.37e-02  4.73e-01  1.00e-20 -3.66e+21  1.83e+20 -2.23e+21  5.94e+00  7.07e+01  7.98e+05  0.00e+00  3.32e+05 
6.18e+09 7.25e+08 7.12e+09 8.37e+08    9    1      0        0  2.19e+06  1.21e+08  1.67e+06  3.78e+28  7.95e-12  4.04e+12  2.79e+04  4.31e+04  1.21e-06  5.07e-04  1.32e-02  5.38e-01  4.20e-20 -1.05e+21  9.22e+19 -7.08e+20  1.35e+01  1.63e+02  7.23e+05  0.00e+00  3.23e+05 
6.18e+09 9.48e+08 7.12e+09 1.09e+09    9    2      0        0  2.47e+06  1.18e+08  1.97e+06  4.94e+28  5.89e-12  2.99e+12  2.87e+04  4.49e+04  8.54e-07  2.69e-04  6.94e-03  4.07e-01  1.61e-19 -1.46e+21  1.56e+20 -7.02e+20  2.00e+01  2.52e+02  8.05e+05  0.00e+00  3.86e+05 
6.18e+09 1.24e+09 7.12e+09 1.43e+09    9    3      0        0  2.85e+06  1.15e+08  2.41e+06  6.46e+28  4.11e-12  2.09e+12  2.98e+04  4.70e+04  5.63e-07  1.41e-04  3.69e-03  2.72e-01  8.83e-19 -1.97e+21 -1.80e+20 -7.20e+20  3.21e+01  4.09e+02  9.30e+05  0.00e+00  4.85e+05 
6.18e+09 1.62e+09 7.12e+09 1.87e+09    9    4      0        0  3.38e+06  1.11e+08  3.06e+06  8.44e+28  2.70e-12  1.37e+12  3.08e+04  4.93e+04  3.47e-07  7.05e-05  1.91e-03  1.69e-01  3.90e-18 -2.08e+21  3.82e+20 -1.04e+21  5.50e+01  7.16e+02  1.12e+06  0.00e+00  6.36e+05 
6.18e+09 2.12e+09 7.12e+09 2.44e+09    9    5      0        0  4.07e+06  1.06e+08  4.03e+06  1.10e+29  1.66e-12  8.44e+11  3.12e+04  5.17e+04  2.09e-07  3.43e-05  9.45e-04  9.11e-02  6.46e-18 -2.40e+21  2.15e+20 -1.17e+21  9.95e+01  1.30e+03  1.37e+06  0.00e+00  8.49e+05 
6.18e+09 2.77e+09 7.12e+09 3.19e+09    9    6      0        0  4.99e+06  1.01e+08  5.46e+06  1.44e+29  9.65e-13  4.90e+11  3.15e+04  5.40e+04  1.19e-07  1.64e-05  4.67e-04  4.91e-02  9.49e-18 -2.53e+21  1.46e+20 -1.56e+21  1.88e+02  2.50e+03  1.69e+06  0.00e+00  1.12e+06 
6.18e+09 3.62e+09 7.12e+09 4.17e+09    9    7      0        0  6.18e+06  9.49e+07  7.61e+06  1.88e+29  5.28e-13  2.68e+11  3.16e+04  5.61e+04  6.43e-08  7.72e-06  2.25e-04  2.49e-02  1.17e-17 -1.96e+21  9.02e+19 -1.49e+21  3.66e+02  4.96e+03  2.05e+06  0.00e+00  1.44e+06 
6.18e+09 4.73e+09 7.12e+09 5.45e+09    9    8      0        0  7.70e+06  8.87e+07  1.09e+07  2.46e+29  2.73e-13  1.39e+11  3.14e+04  5.79e+04  3.38e-08  3.69e-06  1.10e-04  1.23e-02  8.40e-18 -1.86e+21  1.26e+20 -1.55e+21  7.09e+02  9.79e+03  2.36e+06  0.00e+00  1.71e+06 
6.18e+09 6.18e+09 7.12e+09 7.12e+09    9    9      0        0  9.63e+06  8.21e+07  1.58e+07  3.22e+29  1.34e-13  6.81e+10  3.00e+04  5.92e+04  1.78e-08  1.89e-06  5.66e-05  6.40e-03  1.22e-18 -1.28e+21  1.33e+20 -1.68e+21  1.34e+03  1.86e+04  2.50e+06  0.00e+00  1.86e+06 
6.18e+09 8.07e+09 7.12e+09 9.31e+09    9   10      0        0  1.20e+07  7.54e+07  2.35e+07  4.21e+29  6.28e-14  3.19e+10  2.75e+04  5.99e+04  9.57e-09  1.07e-06  3.18e-05  3.59e-03  2.60e-20 -1.15e+21  2.00e+20 -1.19e+21  2.45e+03  3.43e+04  2.40e+06  0.00e+00  1.81e+06 
6.18e+09 1.05e+10 7.12e+09 1.22e+10    9   11      0        0  1.50e+07  6.87e+07  3.52e+07  5.50e+29  2.83e-14  1.44e+10  1.96e+04  6.01e+04  6.00e-09  7.64e-07  2.28e-05  2.51e-03  1.00e-20 -7.88e+20 -4.40e+18 -1.10e+21  4.27e+03  5.99e+04  2.08e+06  0.00e+00  1.57e+06 
6.18e+09 1.38e+10 7.12e+09 1.59e+10    9   12      0        0  1.85e+07  6.21e+07  5.32e+07  7.19e+29  1.24e-14  6.28e+09  1.13e+04  5.98e+04  4.82e-09  6.57e-07  2.05e-05  2.24e-03  1.00e-20 -5.80e+20 -1.40e+20 -1.37e+21  7.07e+03  9.88e+04  1.64e+06  0.00e+00  1.22e+06 
6.18e+09 1.80e+10 7.12e+09 2.08e+10    9   13      0        0  2.26e+07  5.58e+07  8.05e+07  9.39e+29  5.29e-15  2.69e+09  6.05e+03  5.94e+04  3.69e-09  6.12e-07  1.99e-05  2.10e-03  1.00e-20 -1.63e+20 -3.35e+19 -8.14e+20  1.11e+04  1.55e+05  1.18e+06  0.00e+00  8.74e+05 
6.18e+09 2.36e+10 7.12e+09 2.72e+10    9   14      1        0  2.72e+07  4.99e+07  1.21e+08  1.22e+30  0.00e+00  8.24e-18  5.19e+02  5.89e+04  0.00e+00  0.00e+00  0.00e+00  0.00e+00  0.00e+00 -3.29e+19  2.90e+19 -2.22e+20       inf       inf  7.83e+05  0.00e+00  5.70e+05 
6.18e+09 3.08e+10 7.12e+09 3.55e+10    9   15      1        0  3.16e+07  4.49e+07  1.78e+08  8.29e+29  0.00e+00  8.45e-18  2.67e+02  5.84e+04  0.00e+00  0.00e+00  0.00e+00  0.00e+00  0.00e+00  3.99e+18 -1.62e+19 -3.12e+19       inf       inf  3.50e+05  0.00e+00  2.46e+05 
6.18e+09 4.02e+10 7.12e+09 4.64e+10    9   16      1        2  3.24e+07  4.49e+07  2.32e+08  2.88e+26  0.00e+00  8.24e-18  1.05e+02  5.79e+04  0.00e+00  0.00e+00  0.00e+00  0.00e+00  0.00e+00  0.00e+00  0.00e+00  0.00e+00       inf       inf  4.38e+03  0.00e+00  3.06e+03 
6.18e+09 5.26e+10 7.12e+09 6.07e+10    9   17     -1        0  3.23e+07  4.49e+07  2.96e+08  0.00e+00  0.00e+00  0.00e+00  0.00e+00  0.00e+00  0.00e+00  0.00e+00  0.00e+00  0.00e+00  0.00e+00  0.00e+00  0.00e+00  0.00e+00  0.00e+00  0.00e+00  0.00e+00  0.00e+00  0.00e+00 
6.18e+09 6.87e+10 7.12e+09 7.93e+10    9   18     -1        0  3.13e+07  4.49e+07  3.68e+08  0.00e+00  0.00e+00  0.00e+00  0.00e+00  0.00e+00  0.00e+00  0.00e+00  0.00e+00  0.00e+00  0.00e+00  0.00e+00  0.00e+00  0.00e+00  0.00e+00  0.00e+00  0.00e+00  0.00e+00  0.00e+00 
6.18e+09 8.98e+10 7.12e+09 1.04e+11    9   19     -1        0  2.94e+07  4.49e+07  4.46e+08  0.00e+00  0.00e+00  0.00e+00  0.00e+00  0.00e+00  0.00e+00  0.00e+00  0.00e+00  0.00e+00  0.00e+00  0.00e+00  0.00e+00  0.00e+00  0.00e+00  0.00e+00  0.00e+00  0.00e+00  0.00e+00 
6.18e+09 1.17e+11 7.12e+09 1.35e+11    9   20     -1        0  2.68e+07  4.49e+07  5.27e+08  0.00e+00  0.00e+00  0.00e+00  0.00e+00  0.00e+00  0.00e+00  0.00e+00  0.00e+00  0.00e+00  0.00e+00  0.00e+00  0.00e+00  0.00e+00  0.00e+00  0.00e+00  0.00e+00  0.00e+00  0.00e+00 
6.18e+09 1.53e+11 7.12e+09 1.77e+11    9   21     -1        0  2.38e+07  4.49e+07  6.06e+08  0.00e+00  0.00e+00  0.00e+00  0.00e+00  0.00e+00  0.00e+00  0.00e+00  0.00e+00  0.00e+00  0.00e+00  0.00e+00  0.00e+00  0.00e+00  0.00e+00  0.00e+00  0.00e+00  0.00e+00  0.00e+00 
6.18e+09 2.01e+11 7.12e+09 2.31e+11    9   22     -1        0  2.06e+07  4.49e+07  6.82e+08  0.00e+00  0.00e+00  0.00e+00  0.00e+00  0.00e+00  0.00e+00  0.00e+00  0.00e+00  0.00e+00  0.00e+00  0.00e+00  0.00e+00  0.00e+00  0.00e+00  0.00e+00  0.00e+00  0.00e+00  0.00e+00 
6.18e+09 2.62e+11 7.12e+09 3.02e+11    9   23     -1        0  1.74e+07  4.49e+07  7.51e+08  0.00e+00  0.00e+00  0.00e+00  0.00e+00  0.00e+00  0.00e+00  0.00e+00  0.00e+00  0.00e+00  0.00e+00  0.00e+00  0.00e+00  0.00e+00  0.00e+00  0.00e+00  0.00e+00  0.00e+00  0.00e+00 
6.18e+09 3.43e+11 7.12e+09 3.95e+11    9   24     -1        0  1.45e+07  4.49e+07  8.12e+08  0.00e+00  0.00e+00  0.00e+00  0.00e+00  0.00e+00  0.00e+00  0.00e+00  0.00e+00  0.00e+00  0.00e+00  0.00e+00  0.00e+00  0.00e+00  0.00e+00  0.00e+00  0.00e+00  0.00e+00  0.00e+00 
6.18e+09 4.48e+11 7.12e+09 5.17e+11    9   25     -1        0  1.18e+07  4.49e+07  8.64e+08  0.00e+00  0.00e+00  0.00e+00  0.00e+00  0.00e+00  0.00e+00  0.00e+00  0.00e+00  0.00e+00  0.00e+00  0.00e+00  0.00e+00  0.00e+00  0.00e+00  0.00e+00  0.00e+00  0.00e+00  0.00e+00 
6.18e+09 5.85e+11 7.12e+09 6.75e+11    9   26     -1        0  9.52e+06  4.49e+07  9.08e+08  0.00e+00  0.00e+00  0.00e+00  0.00e+00  0.00e+00  0.00e+00  0.00e+00  0.00e+00  0.00e+00  0.00e+00  0.00e+00  0.00e+00  0.00e+00  0.00e+00  0.00e+00  0.00e+00  0.00e+00  0.00e+00 
6.18e+09 7.65e+11 7.12e+09 8.83e+11    9   27     -1        0  7.59e+06  4.49e+07  9.45e+08  0.00e+00  0.00e+00  0.00e+00  0.00e+00  0.00e+00  0.00e+00  0.00e+00  0.00e+00  0.00e+00  0.00e+00  0.00e+00  0.00e+00  0.00e+00  0.00e+00  0.00e+00  0.00e+00  0.00e+00  0.00e+00 
6.18e+09 1.00e+12 7.12e+09 1.15e+12    9   28     -1        0  5.99e+06  4.49e+07  9.74e+08  0.00e+00  0.00e+00  0.00e+00  0.00e+00  0.00e+00  0.00e+00  0.00e+00  0.00e+00  0.00e+00  0.00e+00  0.00e+00  0.00e+00  0.00e+00  0.00e+00  0.00e+00  0.00e+00  0.00e+00  0.00e+00 
6.18e+09 1.31e+12 7.12e+09 1.51e+12    9   29     -1        0  4.70e+06  4.49e+07  9.98e+08  0.00e+00  0.00e+00  0.00e+00  0.00e+00  0.00e+00  0.00e+00  0.00e+00  0.00e+00  0.00e+00  0.00e+00  0.00e+00  0.00e+00  0.00e+00  0.00e+00  0.00e+00  0.00e+00  0.00e+00  0.00e+00 
8.07e+09 0.00e+00 9.31e+09 3.63e+08   10    0      0        0  1.48e+06  1.15e+08  7.33e+05  2.10e+29  1.88e-11  9.49e+12  2.39e+04  3.49e+04  4.26e-06  4.85e-02  2.86e-01  7.06e-02  1.00e-20 -3.29e+21  1.98e+20 -2.82e+21  1.70e+00  2.11e+01  5.74e+05  0.00e+00  1.71e+05 
8.07e+09 7.25e+08 9.31e+09 8.37e+08   10    1      0        0  2.34e+06  1.05e+08  1.36e+06  6.46e+28  9.63e-12  4.88e+12  2.45e+04  3.81e+04  2.06e-06  3.70e-03  8.40e-02  2.98e-01  1.00e-20 -8.97e+20  6.01e+19 -5.08e+20  4.17e+00  5.29e+01  5.37e+05  0.00e+00  1.76e+05 
8.07e+09 9.48e+08 9.31e+09 1.09e+09   10    2      0        0  2.69e+06  1.03e+08  1.65e+06  8.44e+28  6.97e-12  3.54e+12  2.50e+04  3.99e+04  1.45e-06  1.47e-03  3.53e-02  5.24e-01  1.00e-20 -1.42e+21  2.63e+19 -5.64e+20  6.54e+00  8.54e+01  5.89e+05  0.00e+00  2.12e+05 
8.07e+09 1.24e+09 9.31e+09 1.43e+09   10    3      0        0  3.17e+06  1.00e+08  2.06e+06  1.10e+29  4.77e-12  2.42e+12  2.57e+04  4.21e+04  9.41e-07  5.77e-04  1.46e-02  5.68e-01  1.00e-20 -1.69e+21  1.86e+20 -7.25e+20  1.10e+01  1.40e+02  6.68e+05  0.00e+00  2.70e+05 
8.07e+09 1.62e+09 9.31e+09 1.87e+09   10    4      0        0  3.83e+06  9.67e+07  2.66e+06  1.44e+29  3.08e-12  1.56e+12  2.66e+04  4.45e+04  5.58e-07  2.43e-04  6.27e-03  4.03e-01  1.00e-20 -1.48e+21  5.47e+19 -7.85e+20  1.99e+01  2.61e+02  7.94e+05  0.00e+00  3.65e+05 
8.07e+09 2.12e+09 9.31e+09 2.44e+09   10    5      0        0  4.68e+06  9.27e+07  3.54e+06  1.88e+29  1.87e-12  9.52e+11  2.80e+04  4.70e+04  3.11e-07  1.04e-04  2.74e-03  2.27e-01  5.09e-20 -1.41e+21  1.01e+20 -6.55e+20  3.86e+01  5.09e+02  9.86e+05  0.00e+00  5.13e+05 
8.07e+09 2.77e+09 9.31e+09 3.19e+09   10    6      0        0  5.80e+06  8.81e+07  4.85e+06  2.46e+29  1.08e-12  5.48e+11  2.88e+04  4.97e+04  1.67e-07  4.46e-05  1.21e-03  1.16e-01  2.12e-19 -2.04e+21  2.72e+20 -7.75e+20  7.83e+01  1.03e+03  1.26e+06  0.00e+00  7.31e+05 
8.07e+09 3.62e+09 9.31e+09 4.17e+09   10    7      0        0  7.23e+06  8.30e+07  6.81e+06  3.22e+29  5.88e-13  2.98e+11  2.94e+04  5.21e+04  8.65e-08  1.93e-05  5.48e-04  5.77e-02  5.54e-19 -1.62e+21  3.10e+20 -9.76e+20  1.65e+02  2.20e+03  1.62e+06  0.00e+00  1.02e+06 
8.07e+09 4.73e+09 9.31e+09 5.45e+09   10    8      0        0  9.02e+06  7.76e+07  9.74e+06  4.21e+29  3.04e-13  1.54e+11  2.95e+04  5.44e+04  4.43e-08  8.46e-06  2.45e-04  2.74e-02  5.99e-19 -1.67e+21  5.27e+19 -1.17e+21  3.51e+02  4.81e+03  2.02e+06  0.00e+00  1.37e+06 
8.07e+09 6.18e+09 9.31e+09 7.12e+09   10    9      0        0  1.13e+07  7.18e+07  1.42e+07  5.50e+29  1.50e-13  7.60e+10  2.90e+04  5.63e+04  2.23e-08  3.80e-06  1.12e-04  1.28e-02  2.77e-19 -1.31e+21  2.05e+20 -1.28e+21  7.37e+02  1.02e+04  2.39e+06  0.00e+00  1.69e+06 
8.07e+09 8.07e+09 9.31e+09 9.31e+09   10   10      0        0  1.40e+07  6.59e+07  2.09e+07  7.19e+29  7.05e-14  3.58e+10  2.73e+04  5.77e+04  1.10e-08  1.87e-06  5.57e-05  6.39e-03  1.59e-20 -1.21e+21  2.22e+20 -1.20e+21  1.49e+03  2.06e+04  2.58e+06  0.00e+00  1.87e+06 
8.07e+09 1.05e+10 9.31e+09 1.22e+10   10   11      0        0  1.74e+07  6.01e+07  3.13e+07  9.39e+29  3.19e-14  1.62e+10  2.11e+04  5.85e+04  6.94e-09  1.13e-06  3.41e-05  3.87e-03  1.00e-20 -1.08e+21  1.58e+20 -1.44e+21  2.84e+03  3.94e+04  2.50e+06  0.00e+00  1.84e+06 
8.07e+09 1.38e+10 9.31e+09 1.59e+10   10   12      0        0  2.14e+07  5.43e+07  4.70e+07  1.23e+30  1.40e-14  7.12e+09  1.23e+04  5.89e+04  4.94e-09  8.77e-07  2.73e-05  3.03e-03  1.00e-20 -4.28e+20  1.43e+19 -1.50e+21  5.10e+03  7.07e+04  2.17e+06  0.00e+00  1.60e+06 
8.07e+09 1.80e+10 9.31e+09 2.08e+10   10   13      0        0  2.60e+07  4.88e+07  7.09e+07  1.60e+30  6.01e-15  3.05e+09  6.91e+03  5.88e+04  3.78e-09  7.40e-07  2.43e-05  2.67e-03  1.00e-20 -4.63e+20  3.69e+19 -1.08e+21  8.59e+03  1.20e+05  1.69e+06  0.00e+00  1.24e+06 
8.07e+09 2.36e+10 9.31e+09 2.72e+10   10   14      0        0  3.12e+07  4.36e+07  1.06e+08  2.10e+30  2.55e-15  1.29e+09  3.73e+03  5.85e+04  2.87e-09  6.72e-07  2.30e-05  2.45e-03  1.00e-20 -2.98e+20 -4.02e+19 -7.28e+20  1.36e+04  1.87e+05  1.21e+06  0.00e+00  8.83e+05 
8.07e+09 3.08e+10 9.31e+09 3.55e+10   10   15      0        0  3.68e+07  3.88e+07  1.58e+08  2.74e+30  1.07e-15  5.45e+08  2.00e+03  5.82e+04  2.24e-09  6.34e-07  2.25e-05  2.31e-03  1.00e-20 -7.25e+18  4.01e+19 -3.39e+20  2.07e+04  2.88e+05  8.17e+05  0.00e+00  5.89e+05 
8.07e+09 4.02e+10 9.31e+09 4.64e+10   10   16      1        0  4.23e+07  3.44e+07  2.32e+08  2.17e+30  0.00e+00  8.24e-18  1.73e+02  5.78e+04  0.00e+00  0.00e+00  0.00e+00  0.00e+00  0.00e+00 -2.45e+19  1.05e+19 -8.79e+19       inf       inf  3.68e+05  0.00e+00  2.58e+05 
8.07e+09 5.26e+10 9.31e+09 6.07e+10   10   17      1        2  4.22e+07  3.44e+07  2.96e+08  2.78e+28  0.00e+00  8.24e-18  1.18e+02  5.71e+04  0.00e+00  0.00e+00  0.00e+00  0.00e+00  0.00e+00  0.00e+00  0.00e+00  0.00e+00       inf       inf  2.73e+04  0.00e+00  1.88e+04 
8.07e+09 6.87e+10 9.31e+09 7.93e+10   10   18     -1        0  4.09e+07  3.44e+07  3.68e+08  0.00e+00  0.00e+00  0.00e+00  0.00e+00  0.00e+00  0.00e+00  0.00e+00  0.00e+00  0.00e+00  0.00e+00  0.00e+00  0.00e+00  0.00e+00  0.00e+00  0.00e+00  0.00e+00  0.00e+00  0.00e+00 
8.07e+09 8.98e+10 9.31e+09 1.04e+11   10   19     -1        0  3.84e+07  3.44e+07  4.46e+08  0.00e+00  0.00e+00  0.00e+00  0.00e+00  0.00e+00  0.00e+00  0.00e+00  0.00e+00  0.00e+00  0.00e+00  0.00e+00  0.00e+00  0.00e+00  0.00e+00  0.00e+00  0.00e+00  0.00e+00  0.00e+00 
8.07e+09 1.17e+11 9.31e+09 1.35e+11   10   20     -1        0  3.50e+07  3.44e+07  5.27e+08  0.00e+00  0.00e+00  0.00e+00  0.00e+00  0.00e+00  0.00e+00  0.00e+00  0.00e+00  0.00e+00  0.00e+00  0.00e+00  0.00e+00  0.00e+00  0.00e+00  0.00e+00  0.00e+00  0.00e+00  0.00e+00 
8.07e+09 1.53e+11 9.31e+09 1.77e+11   10   21     -1        0  3.11e+07  3.44e+07  6.06e+08  0.00e+00  0.00e+00  0.00e+00  0.00e+00  0.00e+00  0.00e+00  0.00e+00  0.00e+00  0.00e+00  0.00e+00  0.00e+00  0.00e+00  0.00e+00  0.00e+00  0.00e+00  0.00e+00  0.00e+00  0.00e+00 
8.07e+09 2.01e+11 9.31e+09 2.31e+11   10   22     -1        0  2.69e+07  3.44e+07  6.82e+08  0.00e+00  0.00e+00  0.00e+00  0.00e+00  0.00e+00  0.00e+00  0.00e+00  0.00e+00  0.00e+00  0.00e+00  0.00e+00  0.00e+00  0.00e+00  0.00e+00  0.00e+00  0.00e+00  0.00e+00  0.00e+00 
8.07e+09 2.62e+11 9.31e+09 3.02e+11   10   23     -1        0  2.28e+07  3.44e+07  7.51e+08  0.00e+00  0.00e+00  0.00e+00  0.00e+00  0.00e+00  0.00e+00  0.00e+00  0.00e+00  0.00e+00  0.00e+00  0.00e+00  0.00e+00  0.00e+00  0.00e+00  0.00e+00  0.00e+00  0.00e+00  0.00e+00 
8.07e+09 3.43e+11 9.31e+09 3.95e+11   10   24     -1        0  1.89e+07  3.44e+07  8.12e+08  0.00e+00  0.00e+00  0.00e+00  0.00e+00  0.00e+00  0.00e+00  0.00e+00  0.00e+00  0.00e+00  0.00e+00  0.00e+00  0.00e+00  0.00e+00  0.00e+00  0.00e+00  0.00e+00  0.00e+00  0.00e+00 
8.07e+09 4.48e+11 9.31e+09 5.17e+11   10   25     -1        0  1.54e+07  3.44e+07  8.64e+08  0.00e+00  0.00e+00  0.00e+00  0.00e+00  0.00e+00  0.00e+00  0.00e+00  0.00e+00  0.00e+00  0.00e+00  0.00e+00  0.00e+00  0.00e+00  0.00e+00  0.00e+00  0.00e+00  0.00e+00  0.00e+00 
8.07e+09 5.85e+11 9.31e+09 6.75e+11   10   26     -1        0  1.24e+07  3.44e+07  9.08e+08  0.00e+00  0.00e+00  0.00e+00  0.00e+00  0.00e+00  0.00e+00  0.00e+00  0.00e+00  0.00e+00  0.00e+00  0.00e+00  0.00e+00  0.00e+00  0.00e+00  0.00e+00  0.00e+00  0.00e+00  0.00e+00 
8.07e+09 7.65e+11 9.31e+09 8.83e+11   10   27     -1        0  9.92e+06  3.44e+07  9.45e+08  0.00e+00  0.00e+00  0.00e+00  0.00e+00  0.00e+00  0.00e+00  0.00e+00  0.00e+00  0.00e+00  0.00e+00  0.00e+00  0.00e+00  0.00e+00  0.00e+00  0.00e+00  0.00e+00  0.00e+00  0.00e+00 
8.07e+09 1.00e+12 9.31e+09 1.15e+12   10   28     -1        0  7.83e+06  3.44e+07  9.74e+08  0.00e+00  0.00e+00  0.00e+00  0.00e+00  0.00e+00  0.00e+00  0.00e+00  0.00e+00  0.00e+00  0.00e+00  0.00e+00  0.00e+00  0.00e+00  0.00e+00  0.00e+00  0.00e+00  0.00e+00  0.00e+00 
8.07e+09 1.31e+12 9.31e+09 1.51e+12   10   29     -1        0  6.14e+06  3.44e+07  9.98e+08  0.00e+00  0.00e+00  0.00e+00  0.00e+00  0.00e+00  0.00e+00  0.00e+00  0.00e+00  0.00e+00  0.00e+00  0.00e+00  0.00e+00  0.00e+00  0.00e+00  0.00e+00  0.00e+00  0.00e+00  0.00e+00 
1.05e+10 0.00e+00 1.22e+10 3.63e+08   11    0      0        0  1.41e+06  1.00e+08  5.33e+05  3.59e+29  2.43e-11  1.14e+13  2.14e+04  3.14e+04  7.71e-06  9.50e-01  6.20e-01  9.51e-03  1.00e-20 -4.09e+21 -3.45e+20 -3.11e+21  5.00e-01  6.62e+00  4.23e+05  0.00e+00  9.15e+04 
1.05e+10 7.25e+08 1.22e+10 8.37e+08   11    1      0        0  2.50e+06  9.23e+07  1.12e+06  1.10e+29  1.16e-11  5.76e+12  2.22e+04  3.43e+04  3.67e-06  2.22e-01  3.90e-01  3.85e-02  1.00e-20 -8.50e+20 -1.26e+20 -5.08e+20  1.32e+00  1.78e+01  4.07e+05  0.00e+00  1.00e+05 
1.05e+10 9.48e+08 1.22e+10 1.09e+09   11    2      0        0  2.94e+06  9.02e+07  1.38e+06  1.44e+29  8.19e-12  4.15e+12  2.23e+04  3.59e+04  2.62e-06  2.32e-02  2.26e-01  9.81e-02  1.00e-20 -8.44e+20 -1.33e+19 -2.31e+20  2.14e+00  2.62e+01  4.36e+05  0.00e+00  1.18e+05 
1.05e+10 1.24e+09 1.22e+10 1.43e+09   11    3      0        0  3.55e+06  8.76e+07  1.76e+06  1.88e+29  5.49e-12  2.78e+12  2.29e+04  3.78e+04  1.67e-06  5.36e-03  9.55e-02  2.69e-01  1.00e-20 -1.25e+21  9.38e+19 -4.66e+20  3.75e+00  4.85e+01  4.85e+05  0.00e+00  1.50e+05 
1.05e+10 1.62e+09 1.22e+10 1.87e+09   11    4      0        0  4.36e+06  8.46e+07  2.32e+06  2.46e+29  3.48e-12  1.77e+12  2.37e+04  4.02e+04  9.76e-07  1.24e-03  2.86e-02  5.73e-01  1.00e-20 -1.20e+21 -7.34e+19 -3.80e+20  7.04e+00  9.09e+01  5.61e+05  0.00e+00  2.02e+05 
1.05e+10 2.12e+09 1.22e+10 2.44e+09   11    5      0        0  5.42e+06  8.11e+07  3.14e+06  3.22e+29  2.10e-12  1.06e+12  2.46e+04  4.29e+04  5.35e-07  3.67e-04  9.23e-03  5.03e-01  1.00e-20 -1.30e+21  6.94e+19 -5.22e+20  1.42e+01  1.85e+02  6.87e+05  0.00e+00  2.91e+05 
1.05e+10 2.77e+09 1.22e+10 3.19e+09   11    6      0        0  6.78e+06  7.71e+07  4.34e+06  4.21e+29  1.20e-12  6.08e+11  2.61e+04  4.57e+04  2.63e-07  1.32e-04  3.49e-03  2.80e-01  1.00e-20 -1.24e+21  2.50e+20 -4.91e+20  3.05e+01  4.05e+02  8.83e+05  0.00e+00  4.35e+05 
1.05e+10 3.62e+09 1.22e+10 4.17e+09   11    7      0        0  8.49e+06  7.26e+07  6.12e+06  5.50e+29  6.50e-13  3.30e+11  2.74e+04  4.85e+04  1.29e-07  5.16e-05  1.40e-03  1.34e-01  1.94e-20 -1.12e+21  3.30e+20 -5.68e+20  6.81e+01  9.24e+02  1.17e+06  0.00e+00  6.52e+05 
1.05e+10 4.73e+09 1.22e+10 5.45e+09   11    8      0        0  1.06e+07  6.79e+07  8.77e+06  7.19e+29  3.37e-13  1.71e+11  2.81e+04  5.10e+04  6.10e-08  2.07e-05  5.84e-04  6.23e-02  6.16e-20 -1.38e+21  1.36e+20 -9.73e+20  1.56e+02  2.13e+03  1.55e+06  0.00e+00  9.51e+05 
1.05e+10 6.18e+09 1.22e+10 7.12e+09   11    9      0        0  1.32e+07  6.28e+07  1.27e+07  9.39e+29  1.66e-13  8.45e+10  2.80e+04  5.33e+04  2.95e-08  8.53e-06  2.46e-04  2.78e-02  5.26e-20 -1.67e+21  3.63e+20 -9.96e+20  3.58e+02  4.90e+03  1.99e+06  0.00e+00  1.31e+06 
1.05e+10 8.07e+09 1.22e+10 9.31e+09   11   10      0        0  1.64e+07  5.77e+07  1.87e+07  1.23e+30  7.87e-14  4.00e+10  2.69e+04  5.52e+04  1.45e-08  3.69e-06  1.09e-04  1.26e-02  1.00e-20 -1.45e+21  1.95e+20 -1.26e+21  8.01e+02  1.09e+04  2.41e+06  0.00e+00  1.66e+06 
1.05e+10 1.05e+10 1.22e+10 1.22e+10   11   11      0        0  2.02e+07  5.25e+07  2.78e+07  1.60e+30  3.59e-14  1.82e+10  2.18e+04  5.67e+04  8.32e-09  1.91e-06  5.79e-05  6.68e-03  1.00e-20 -9.01e+20  7.07e+19 -1.05e+21  1.70e+03  2.35e+04  2.64e+06  0.00e+00  1.87e+06 
1.05e+10 1.38e+10 1.22e+10 1.59e+10   11   12      0        0  2.47e+07  4.75e+07  4.17e+07  2.10e+30  1.58e-14  8.05e+09  1.35e+04  5.75e+04  5.83e-09  1.28e-06  4.02e-05  4.58e-03  1.00e-20 -8.37e+20 -2.48e+19 -1.32e+21  3.36e+03  4.69e+04  2.57e+06  0.00e+00  1.85e+06 
1.05e+10 1.80e+10 1.22e+10 2.08e+10   11   13      0        0  3.00e+07  4.27e+07  6.25e+07  2.74e+30  6.83e-15  3.47e+09  7.78e+03  5.79e+04  4.24e-09  9.77e-07  3.19e-05  3.55e-03  1.00e-20 -9.14e+20  7.13e+19 -1.64e+21  6.15e+03  8.52e+04  2.23e+06  0.00e+00  1.61e+06 
1.05e+10 2.36e+10 1.22e+10 2.72e+10   11   14      0        0  3.58e+07  3.82e+07  9.35e+07  3.58e+30  2.90e-15  1.47e+09  4.28e+03  5.80e+04  3.19e-09  8.13e-07  2.81e-05  3.10e-03  1.00e-20 -3.25e+20 -9.45e+19 -7.42e+20  1.04e+04  1.44e+05  1.73e+06  0.00e+00  1.25e+06 
1.05e+10 3.08e+10 1.22e+10 3.55e+10   11   15      0        0  4.21e+07  3.40e+07  1.39e+08  4.68e+30  1.23e-15  6.22e+08  2.32e+03  5.78e+04  2.43e-09  7.26e-07  2.63e-05  2.82e-03  1.00e-20 -2.03e+20  1.04e+20 -4.74e+20  1.66e+04  2.30e+05  1.24e+06  0.00e+00  8.89e+05 
1.05e+10 4.02e+10 1.22e+10 4.64e+10   11   16      0        0  4.85e+07  3.01e+07  2.03e+08  6.12e+30  5.19e-16  2.63e+08  1.28e+03  5.77e+04  1.80e-09  6.75e-07  2.52e-05  2.58e-03  1.00e-20 -9.26e+19  2.41e+19 -2.89e+20  2.50e+04  3.45e+05  8.26e+05  0.00e+00  5.91e+05 
1.05e+10 5.26e+10 1.22e+10 6.07e+10   11   17      1        1  5.45e+07  2.66e+07  2.92e+08  5.35e+30  0.00e+00  8.24e-18  9.71e+01  5.74e+04  0.00e+00  0.00e+00  0.00e+00  0.00e+00  0.00e+00 -2.51e+19  8.45e+18 -5.29e+19       inf       inf  3.79e+05  0.00e+00  2.66e+05 
1.05e+10 6.87e+10 1.22e+10 7.93e+10   11   18      1        2  5.34e+07  2.63e+07  3.68e+08  1.67e+29  0.00e+00  8.24e-18  5.61e+01  5.69e+04  0.00e+00  0.00e+00  0.00e+00  0.00e+00  0.00e+00  0.00e+00  0.00e+00  0.00e+00       inf       inf  4.30e+04  0.00e+00  2.98e+04 
1.05e+10 8.98e+10 1.22e+10 1.04e+11   11   19     -1        0  5.01e+07  2.63e+07  4.46e+08  0.00e+00  0.00e+00  0.00e+00  0.00e+00  0.00e+00  0.00e+00  0.00e+00  0.00e+00  0.00e+00  0.00e+00  0.00e+00  0.00e+00  0.00e+00  0.00e+00  0.00e+00  0.00e+00  0.00e+00  0.00e+00 
1.05e+10 1.17e+11 1.22e+10 1.35e+11   11   20     -1        0  4.57e+07  2.63e+07  5.26e+08  0.00e+00  0.00e+00  0.00e+00  0.00e+00  0.00e+00  0.00e+00  0.00e+00  0.00e+00  0.00e+00  0.00e+00  0.00e+00  0.00e+00  0.00e+00  0.00e+00  0.00e+00  0.00e+00  0.00e+00  0.00e+00 
1.05e+10 1.53e+11 1.22e+10 1.77e+11   11   21     -1        0  4.06e+07  2.63e+07  6.06e+08  0.00e+00  0.00e+00  0.00e+00  0.00e+00  0.00e+00  0.00e+00  0.00e+00  0.00e+00  0.00e+00  0.00e+00  0.00e+00  0.00e+00  0.00e+00  0.00e+00  0.00e+00  0.00e+00  0.00e+00  0.00e+00 
1.05e+10 2.01e+11 1.22e+10 2.31e+11   11   22     -1        0  3.51e+07  2.63e+07  6.81e+08  0.00e+00  0.00e+00  0.00e+00  0.00e+00  0.00e+00  0.00e+00  0.00e+00  0.00e+00  0.00e+00  0.00e+00  0.00e+00  0.00e+00  0.00e+00  0.00e+00  0.00e+00  0.00e+00  0.00e+00  0.00e+00 
1.05e+10 2.62e+11 1.22e+10 3.02e+11   11   23     -1        0  2.97e+07  2.63e+07  7.50e+08  0.00e+00  0.00e+00  0.00e+00  0.00e+00  0.00e+00  0.00e+00  0.00e+00  0.00e+00  0.00e+00  0.00e+00  0.00e+00  0.00e+00  0.00e+00  0.00e+00  0.00e+00  0.00e+00  0.00e+00  0.00e+00 
1.05e+10 3.43e+11 1.22e+10 3.95e+11   11   24     -1        0  2.47e+07  2.63e+07  8.12e+08  0.00e+00  0.00e+00  0.00e+00  0.00e+00  0.00e+00  0.00e+00  0.00e+00  0.00e+00  0.00e+00  0.00e+00  0.00e+00  0.00e+00  0.00e+00  0.00e+00  0.00e+00  0.00e+00  0.00e+00  0.00e+00 
1.05e+10 4.48e+11 1.22e+10 5.17e+11   11   25     -1        0  2.02e+07  2.63e+07  8.64e+08  0.00e+00  0.00e+00  0.00e+00  0.00e+00  0.00e+00  0.00e+00  0.00e+00  0.00e+00  0.00e+00  0.00e+00  0.00e+00  0.00e+00  0.00e+00  0.00e+00  0.00e+00  0.00e+00  0.00e+00  0.00e+00 
1.05e+10 5.85e+11 1.22e+10 6.75e+11   11   26     -1        0  1.63e+07  2.63e+07  9.08e+08  0.00e+00  0.00e+00  0.00e+00  0.00e+00  0.00e+00  0.00e+00  0.00e+00  0.00e+00  0.00e+00  0.00e+00  0.00e+00  0.00e+00  0.00e+00  0.00e+00  0.00e+00  0.00e+00  0.00e+00  0.00e+00 
1.05e+10 7.65e+11 1.22e+10 8.83e+11   11   27     -1        0  1.30e+07  2.63e+07  9.45e+08  0.00e+00  0.00e+00  0.00e+00  0.00e+00  0.00e+00  0.00e+00  0.00e+00  0.00e+00  0.00e+00  0.00e+00  0.00e+00  0.00e+00  0.00e+00  0.00e+00  0.00e+00  0.00e+00  0.00e+00  0.00e+00 
1.05e+10 1.00e+12 1.22e+10 1.15e+12   11   28     -1        0  1.02e+07  2.63e+07  9.74e+08  0.00e+00  0.00e+00  0.00e+00  0.00e+00  0.00e+00  0.00e+00  0.00e+00  0.00e+00  0.00e+00  0.00e+00  0.00e+00  0.00e+00  0.00e+00  0.00e+00  0.00e+00  0.00e+00  0.00e+00  0.00e+00 
1.05e+10 1.31e+12 1.22e+10 1.51e+12   11   29     -1        0  8.03e+06  2.63e+07  9.98e+08  0.00e+00  0.00e+00  0.00e+00  0.00e+00  0.00e+00  0.00e+00  0.00e+00  0.00e+00  0.00e+00  0.00e+00  0.00e+00  0.00e+00  0.00e+00  0.00e+00  0.00e+00  0.00e+00  0.00e+00  0.00e+00 
1.38e+10 0.00e+00 1.59e+10 3.63e+08   12    0      0        0  1.32e+06  8.77e+07  3.81e+05  6.14e+29  3.12e-11  1.45e+13  1.97e+04  2.68e+04  1.70e-05  9.95e-01  4.06e-01  2.95e-19  1.00e-20 -6.22e+21 -3.52e+20 -4.05e+21  1.39e-01  1.80e+00  3.15e+05  0.00e+00  5.34e+04 
1.38e+10 7.25e+08 1.59e+10 8.37e+08   12    1      0        0  2.69e+06  8.07e+07  9.21e+05  1.88e+29  1.37e-11  6.40e+12  1.99e+04  3.02e+04  7.36e-06  9.63e-01  8.17e-01  6.30e-19  1.00e-20 -9.12e+20  1.31e+20 -4.73e+20  4.07e-01  5.35e+00  3.14e+05  0.00e+00  6.19e+04 
1.38e+10 9.48e+08 1.59e+10 1.09e+09   12    2      0        0  3.26e+06  7.89e+07  1.17e+06  2.46e+29  9.48e-12  4.45e+12  2.02e+04  3.26e+04  4.81e-06  9.24e-01  5.55e-01  1.78e-02  1.00e-20 -9.60e+20 -5.75e+19 -4.28e+20  7.19e-01  9.56e+00  3.30e+05  0.00e+00  7.08e+04 
1.38e+10 1.24e+09 1.59e+10 1.43e+09   12    3      0        0  4.01e+06  7.66e+07  1.52e+06  3.22e+29  6.23e-12  3.08e+12  2.06e+04  3.46e+04  3.22e-06  3.30e-01  4.02e-01  3.88e-02  1.00e-20 -1.00e+21  4.72e+19 -2.74e+20  1.31e+00  1.79e+01  3.56e+05  0.00e+00  8.64e+04 
1.38e+10 1.62e+09 1.59e+10 1.87e+09   12    4      0        0  5.02e+06  7.40e+07  2.04e+06  4.21e+29  3.90e-12  1.97e+12  2.12e+04  3.68e+04  1.95e-06  2.17e-02  1.95e-01  1.21e-01  1.00e-20 -8.30e+20  6.95e+17 -5.26e+19  2.56e+00  3.53e+01  4.01e+05  0.00e+00  1.14e+05 
1.38e+10 2.12e+09 1.59e+10 2.44e+09   12    5      0        0  6.33e+06  7.09e+07  2.80e+06  5.50e+29  2.32e-12  1.18e+12  2.26e+04  3.94e+04  1.04e-06  2.56e-03  4.86e-02  4.64e-01  1.00e-20 -1.05e+21  1.42e+20 -2.68e+20  5.28e+00  7.21e+01  4.74e+05  0.00e+00  1.63e+05 
1.38e+10 2.77e+09 1.59e+10 3.19e+09   12    6      0        0  7.98e+06  6.74e+07  3.91e+06  7.19e+29  1.32e-12  6.70e+11  2.36e+04  4.24e+04  5.05e-07  5.10e-04  1.24e-02  5.75e-01  1.00e-20 -1.09e+21  1.23e+20 -6.49e+20  1.16e+01  1.60e+02  5.96e+05  0.00e+00  2.46e+05 
1.38e+10 3.62e+09 1.59e+10 4.17e+09   12    7      0        0  1.01e+07  6.35e+07  5.54e+06  9.39e+29  7.15e-13  3.63e+11  2.52e+04  4.54e+04  2.20e-07  1.51e-04  4.00e-03  3.14e-01  1.00e-20 -7.77e+20 -1.28e+20 -2.60e+20  2.69e+01  3.69e+02  7.92e+05  0.00e+00  3.86e+05 
1.38e+10 4.73e+09 1.59e+10 5.45e+09   12    8      0        0  1.26e+07  5.94e+07  7.95e+06  1.23e+30  3.71e-13  1.88e+11  2.65e+04  4.82e+04  9.56e-08  5.40e-05  1.47e-03  1.41e-01  1.00e-20 -9.18e+20  1.43e+20 -5.61e+20  6.46e+01  8.91e+02  1.08e+06  0.00e+00  6.02e+05 
1.38e+10 6.18e+09 1.59e+10 7.12e+09   12    9      0        0  1.56e+07  5.50e+07  1.15e+07  1.60e+30  1.84e-13  9.34e+10  2.71e+04  5.07e+04  4.33e-08  2.05e-05  5.79e-04  6.21e-02  1.22e-20 -1.28e+21  5.46e+19 -6.52e+20  1.58e+02  2.16e+03  1.48e+06  0.00e+00  9.03e+05 
1.38e+10 8.07e+09 1.59e+10 9.31e+09   12   10      0        0  1.93e+07  5.05e+07  1.69e+07  2.10e+30  8.76e-14  4.45e+10  2.64e+04  5.29e+04  2.02e-08  8.20e-06  2.38e-04  2.72e-02  1.00e-20 -1.31e+21  1.93e+20 -8.15e+20  3.84e+02  5.21e+03  1.96e+06  0.00e+00  1.28e+06 
1.38e+10 1.05e+10 1.59e+10 1.22e+10   12   11      0        0  2.36e+07  4.60e+07  2.49e+07  2.74e+30  4.02e-14  2.04e+10  2.24e+04  5.48e+04  1.05e-08  3.71e-06  1.11e-04  1.30e-02  1.00e-20 -1.18e+21  1.12e+20 -9.72e+20  9.01e+02  1.24e+04  2.41e+06  0.00e+00  1.64e+06 
1.38e+10 1.38e+10 1.59e+10 1.59e+10   12   12      0        0  2.87e+07  4.16e+07  3.70e+07  3.58e+30  1.79e-14  9.08e+09  1.47e+04  5.61e+04  7.05e-09  2.12e-06  6.64e-05  7.70e-03  1.00e-20 -1.11e+21  5.31e+19 -1.24e+21  1.99e+03  2.76e+04  2.67e+06  0.00e+00  1.87e+06 
1.38e+10 1.80e+10 1.59e+10 2.08e+10   12   13      0        0  3.46e+07  3.73e+07  5.52e+07  4.68e+30  7.75e-15  3.94e+09  8.62e+03  5.69e+04  4.98e-09  1.43e-06  4.69e-05  5.37e-03  1.00e-20 -9.99e+20 -7.70e+19 -1.16e+21  4.01e+03  5.52e+04  2.62e+06  0.00e+00  1.86e+06 
1.38e+10 2.36e+10 1.59e+10 2.72e+10   12   14      0        0  4.12e+07  3.34e+07  8.22e+07  6.12e+30  3.31e-15  1.68e+09  4.88e+03  5.73e+04  3.61e-09  1.07e-06  3.68e-05  4.11e-03  1.00e-20 -7.80e+20  2.03e+19 -1.14e+21  7.44e+03  1.03e+05  2.27e+06  0.00e+00  1.62e+06 
1.38e+10 3.08e+10 1.59e+10 3.55e+10   12   15      0        0  4.83e+07  2.97e+07  1.22e+08  8.00e+30  1.40e-15  7.11e+08  2.70e+03  5.74e+04  2.62e-09  8.78e-07  3.20e-05  3.53e-03  1.00e-20 -2.89e+20 -1.91e+19 -6.82e+20  1.27e+04  1.77e+05  1.76e+06  0.00e+00  1.26e+06 
1.38e+10 4.02e+10 1.59e+10 4.64e+10   12   16      0        0  5.55e+07  2.63e+07  1.78e+08  1.05e+31  5.94e-16  3.02e+08  1.49e+03  5.73e+04  1.99e-09  7.73e-07  2.96e-05  3.23e-03  1.00e-20 -2.54e+20  9.56e+16 -4.25e+20  2.00e+04  2.78e+05  1.25e+06  0.00e+00  8.92e+05 
1.38e+10 5.26e+10 1.59e+10 6.07e+10   12   17      0        0  6.23e+07  2.33e+07  2.56e+08  1.37e+31  2.54e-16  1.29e+08  8.42e+02  5.73e+04  1.58e-09  7.13e-07  2.80e-05  2.92e-03  1.00e-20 -4.85e+19  7.60e+18 -1.87e+20  2.98e+04  4.18e+05  8.33e+05  0.00e+00  5.91e+05 
1.38e+10 6.87e+10 1.59e+10 7.93e+10   12   18      1        1  6.82e+07  2.05e+07  3.60e+08  1.27e+31  0.00e+00  8.24e-18  5.94e+01  5.71e+04  0.00e+00  0.00e+00  0.00e+00  0.00e+00  0.00e+00  1.03e+19 -5.18e+18 -4.18e+19       inf       inf  3.88e+05  0.00e+00  2.71e+05 
1.38e+10 8.98e+10 1.59e+10 1.04e+11   12   19      1        1  6.54e+07  2.01e+07  4.45e+08  6.26e+29  0.00e+00  8.24e-18  3.72e+01  5.67e+04  0.00e+00  0.00e+00  0.00e+00  0.00e+00  0.00e+00  4.69e+18  8.15e+18 -6.16e+18       inf       inf  5.49e+04  0.00e+00  3.79e+04 
1.38e+10 1.17e+11 1.59e+10 1.35e+11   12   20     -1        0  5.97e+07  2.01e+07  5.26e+08  0.00e+00  0.00e+00  0.00e+00  0.00e+00  0.00e+00  0.00e+00  0.00e+00  0.00e+00  0.00e+00  0.00e+00  0.00e+00  0.00e+00  0.00e+00  0.00e+00  0.00e+00  0.00e+00  0.00e+00  0.00e+00 
1.38e+10 1.53e+11 1.59e+10 1.77e+11   12   21     -1        0  5.30e+07  2.01e+07  6.05e+08  0.00e+00  0.00e+00  0.00e+00  0.00e+00  0.00e+00  0.00e+00  0.00e+00  0.00e+00  0.00e+00  0.00e+00  0.00e+00  0.00e+00  0.00e+00  0.00e+00  0.00e+00  0.00e+00  0.00e+00  0.00e+00 
1.38e+10 2.01e+11 1.59e+10 2.31e+11   12   22     -1        0  4.59e+07  2.01e+07  6.81e+08  0.00e+00  0.00e+00  0.00e+00  0.00e+00  0.00e+00  0.00e+00  0.00e+00  0.00e+00  0.00e+00  0.00e+00  0.00e+00  0.00e+00  0.00e+00  0.00e+00  0.00e+00  0.00e+00  0.00e+00  0.00e+00 
1.38e+10 2.62e+11 1.59e+10 3.02e+11   12   23     -1        0  3.89e+07  2.01e+07  7.50e+08  0.00e+00  0.00e+00  0.00e+00  0.00e+00  0.00e+00  0.00e+00  0.00e+00  0.00e+00  0.00e+00  0.00e+00  0.00e+00  0.00e+00  0.00e+00  0.00e+00  0.00e+00  0.00e+00  0.00e+00  0.00e+00 
1.38e+10 3.43e+11 1.59e+10 3.95e+11   12   24     -1        0  3.23e+07  2.01e+07  8.11e+08  0.00e+00  0.00e+00  0.00e+00  0.00e+00  0.00e+00  0.00e+00  0.00e+00  0.00e+00  0.00e+00  0.00e+00  0.00e+00  0.00e+00  0.00e+00  0.00e+00  0.00e+00  0.00e+00  0.00e+00  0.00e+00 
1.38e+10 4.48e+11 1.59e+10 5.17e+11   12   25     -1        0  2.64e+07  2.01e+07  8.64e+08  0.00e+00  0.00e+00  0.00e+00  0.00e+00  0.00e+00  0.00e+00  0.00e+00  0.00e+00  0.00e+00  0.00e+00  0.00e+00  0.00e+00  0.00e+00  0.00e+00  0.00e+00  0.00e+00  0.00e+00  0.00e+00 
1.38e+10 5.85e+11 1.59e+10 6.75e+11   12   26     -1        0  2.13e+07  2.01e+07  9.08e+08  0.00e+00  0.00e+00  0.00e+00  0.00e+00  0.00e+00  0.00e+00  0.00e+00  0.00e+00  0.00e+00  0.00e+00  0.00e+00  0.00e+00  0.00e+00  0.00e+00  0.00e+00  0.00e+00  0.00e+00  0.00e+00 
1.38e+10 7.65e+11 1.59e+10 8.83e+11   12   27     -1        0  1.69e+07  2.01e+07  9.45e+08  0.00e+00  0.00e+00  0.00e+00  0.00e+00  0.00e+00  0.00e+00  0.00e+00  0.00e+00  0.00e+00  0.00e+00  0.00e+00  0.00e+00  0.00e+00  0.00e+00  0.00e+00  0.00e+00  0.00e+00  0.00e+00 
1.38e+10 1.00e+12 1.59e+10 1.15e+12   12   28     -1        0  1.34e+07  2.01e+07  9.74e+08  0.00e+00  0.00e+00  0.00e+00  0.00e+00  0.00e+00  0.00e+00  0.00e+00  0.00e+00  0.00e+00  0.00e+00  0.00e+00  0.00e+00  0.00e+00  0.00e+00  0.00e+00  0.00e+00  0.00e+00  0.00e+00 
1.38e+10 1.31e+12 1.59e+10 1.51e+12   12   29     -1        0  1.05e+07  2.01e+07  9.98e+08  0.00e+00  0.00e+00  0.00e+00  0.00e+00  0.00e+00  0.00e+00  0.00e+00  0.00e+00  0.00e+00  0.00e+00  0.00e+00  0.00e+00  0.00e+00  0.00e+00  0.00e+00  0.00e+00  0.00e+00  0.00e+00 
1.80e+10 0.00e+00 2.08e+10 3.63e+08   13    0      1        2  1.22e+06  7.67e+07  2.69e+05  9.54e+29  0.00e+00  5.96e-18  1.17e+05  2.69e+04  0.00e+00  0.00e+00  0.00e+00  0.00e+00  0.00e+00 -1.32e+20 -4.93e+18 -1.38e+19       inf       inf  1.79e+05  0.00e+00  2.84e+04 
1.80e+10 7.25e+08 2.08e+10 8.37e+08   13    1      0        0  2.96e+06  7.06e+07  7.75e+05  3.22e+29  1.59e-11  7.41e+12  1.84e+04  2.87e+04  2.04e-05  9.92e-01  5.30e-01  1.39e-20  1.00e-20 -1.30e+21 -5.39e+19  5.01e+19  1.14e-01  1.54e+00  1.89e+05  0.00e+00  4.32e+04 
1.80e+10 9.48e+08 2.08e+10 1.09e+09   13    2      0        0  3.67e+06  6.90e+07  1.00e+06  4.21e+29  1.08e-11  5.02e+12  1.87e+04  3.17e+04  1.22e-05  9.91e-01  7.34e-01  3.65e-20  1.00e-20 -1.45e+21  7.86e+19 -9.19e+19  2.16e-01  3.01e+00  1.98e+05  0.00e+00  4.72e+04 
1.80e+10 1.24e+09 2.08e+10 1.43e+09   13    3      0        0  4.61e+06  6.70e+07  1.34e+06  5.50e+29  6.97e-12  3.26e+12  1.89e+04  3.47e+04  7.17e-06  9.70e-01  8.49e-01  6.83e-20  1.00e-20 -9.13e+20  2.95e+19 -9.88e+19  4.38e-01  5.81e+00  2.13e+05  0.00e+00  5.50e+04 
1.80e+10 1.62e+09 2.08e+10 1.87e+09   13    4      0        0  5.86e+06  6.47e+07  1.82e+06  7.19e+29  4.31e-12  2.03e+12  1.90e+04  3.72e+04  4.30e-06  8.59e-01  4.81e-01  2.93e-02  1.00e-20 -1.27e+21 -8.56e+19 -1.68e+20  9.12e-01  1.31e+01  2.38e+05  0.00e+00  6.89e+04 
1.80e+10 2.12e+09 2.08e+10 2.44e+09   13    5      0        0  7.46e+06  6.20e+07  2.53e+06  9.39e+29  2.55e-12  1.29e+12  2.01e+04  3.96e+04  2.41e-06  8.13e-02  2.62e-01  8.44e-02  1.00e-20 -8.51e+20  9.31e+19 -2.21e+20  1.97e+00  2.75e+01  2.81e+05  0.00e+00  9.50e+04 
1.80e+10 2.77e+09 2.08e+10 3.19e+09   13    6      0        0  9.48e+06  5.90e+07  3.55e+06  1.23e+30  1.44e-12  7.33e+11  2.22e+04  4.21e+04  1.10e-06  4.53e-03  6.73e-02  3.68e-01  1.00e-20 -8.36e+20  3.97e+19 -7.49e+19  4.43e+00  6.33e+01  3.54e+05  0.00e+00  1.40e+05 
1.80e+10 3.62e+09 2.08e+10 4.17e+09   13    7      0        0  1.20e+07  5.56e+07  5.05e+06  1.60e+30  7.83e-13  3.98e+11  2.31e+04  4.48e+04  4.49e-07  6.36e-04  1.48e-02  6.05e-01  1.00e-20 -9.95e+20 -6.49e+19 -2.71e+20  1.04e+01  1.47e+02  4.76e+05  0.00e+00  2.20e+05 
1.80e+10 4.73e+09 2.08e+10 5.45e+09   13    8      0        0  1.50e+07  5.19e+07  7.24e+06  2.10e+30  4.07e-13  2.07e+11  2.48e+04  4.74e+04  1.91e-07  1.60e-04  4.18e-03  3.28e-01  1.00e-20 -7.95e+20 -6.13e+18 -3.35e+20  2.57e+01  3.56e+02  6.78e+05  0.00e+00  3.57e+05 
1.80e+10 6.18e+09 2.08e+10 7.12e+09   13    9      0        0  1.86e+07  4.81e+07  1.05e+07  2.74e+30  2.03e-13  1.03e+11  2.61e+04  4.97e+04  7.69e-08  5.35e-05  1.45e-03  1.41e-01  1.00e-20 -1.18e+21  1.34e+20 -5.41e+20  6.54e+01  8.93e+02  9.80e+05  0.00e+00  5.70e+05 
1.80e+10 8.07e+09 2.08e+10 9.31e+09   13   10      0        0  2.28e+07  4.41e+07  1.52e+07  3.58e+30  9.72e-14  4.94e+10  2.58e+04  5.16e+04  3.27e-08  1.98e-05  5.60e-04  6.12e-02  1.00e-20 -1.34e+21  1.57e+20 -6.36e+20  1.68e+02  2.30e+03  1.40e+06  0.00e+00  8.70e+05 
1.80e+10 1.05e+10 2.08e+10 1.22e+10   13   11      0        0  2.77e+07  4.02e+07  2.24e+07  4.68e+30  4.49e-14  2.28e+10  2.29e+04  5.33e+04  1.55e-08  8.07e-06  2.37e-04  2.72e-02  1.00e-20 -1.51e+21 -6.76e+19 -6.28e+20  4.27e+02  5.89e+03  1.91e+06  0.00e+00  1.25e+06 
1.80e+10 1.38e+10 2.08e+10 1.59e+10   13   12      0        0  3.34e+07  3.63e+07  3.30e+07  6.12e+30  2.01e-14  1.02e+10  1.58e+04  5.48e+04  9.25e-09  4.01e-06  1.25e-04  1.46e-02  1.00e-20 -1.36e+21 -4.81e+18 -9.36e+20  1.04e+03  1.43e+04  2.39e+06  0.00e+00  1.63e+06 
1.80e+10 1.80e+10 2.08e+10 2.08e+10   13   13      0        0  4.00e+07  3.27e+07  4.88e+07  8.00e+30  8.79e-15  4.47e+09  9.60e+03  5.59e+04  6.14e-09  2.34e-06  7.66e-05  8.91e-03  1.00e-20 -1.46e+21 -5.54e+19 -1.40e+21  2.34e+03  3.25e+04  2.69e+06  0.00e+00  1.87e+06 
1.80e+10 2.36e+10 2.08e+10 2.72e+10   13   14      0        0  4.73e+07  2.92e+07  7.23e+07  1.05e+31  3.77e-15  1.92e+09  5.54e+03  5.65e+04  4.26e-09  1.55e-06  5.37e-05  6.17e-03  1.00e-20 -7.57e+20 -8.23e+19 -9.99e+20  4.81e+03  6.65e+04  2.65e+06  0.00e+00  1.86e+06 
1.80e+10 3.08e+10 2.08e+10 3.55e+10   13   15      0        0  5.52e+07  2.60e+07  1.07e+08  1.37e+31  1.60e-15  8.14e+08  3.13e+03  5.69e+04  3.06e-09  1.15e-06  4.17e-05  4.68e-03  1.00e-20 -4.36e+20  1.48e+20 -7.56e+20  8.96e+03  1.24e+05  2.30e+06  0.00e+00  1.63e+06 
1.80e+10 4.02e+10 2.08e+10 4.64e+10   13   16      0        0  6.34e+07  2.30e+07  1.55e+08  1.79e+31  6.81e-16  3.46e+08  1.75e+03  5.71e+04  2.26e-09  9.35e-07  3.58e-05  4.00e-03  1.00e-20 -1.39e+20  4.50e+19 -4.34e+20  1.52e+04  2.12e+05  1.78e+06  0.00e+00  1.26e+06 
1.80e+10 5.26e+10 2.08e+10 6.07e+10   13   17      0        0  7.11e+07  2.04e+07  2.23e+08  2.33e+31  2.91e-16  1.48e+08  9.88e+02  5.70e+04  1.76e-09  8.17e-07  3.27e-05  3.63e-03  1.00e-20 -9.19e+19 -3.06e+19 -2.42e+20  2.38e+04  3.28e+05  1.26e+06  0.00e+00  8.92e+05 
1.80e+10 6.87e+10 2.08e+10 7.93e+10   13   18      0        0  7.79e+07  1.80e+07  3.14e+08  3.05e+31  1.26e-16  6.41e+07  5.65e+02  5.70e+04  1.46e-09  7.56e-07  3.09e-05  3.28e-03  1.00e-20 -8.68e+18  7.06e+18 -1.46e+20  3.50e+04  4.87e+05  8.38e+05  0.00e+00  5.91e+05 
1.80e+10 8.98e+10 2.08e+10 1.04e+11   13   19      1        1  8.30e+07  1.58e+07  4.32e+08  2.97e+31  0.00e+00  8.24e-18  4.33e+01  5.68e+04  0.00e+00  0.00e+00  0.00e+00  0.00e+00  0.00e+00  6.34e+18  6.48e+18 -3.44e+19       inf       inf  3.95e+05  0.00e+00  2.75e+05 
1.80e+10 1.17e+11 2.08e+10 1.35e+11   13   20      1        1  7.79e+07  1.54e+07  5.25e+08  1.93e+30  0.00e+00  8.24e-18  3.01e+01  5.62e+04  0.00e+00  0.00e+00  0.00e+00  0.00e+00  0.00e+00  0.00e+00  0.00e+00  0.00e+00       inf       inf  6.32e+04  0.00e+00  4.35e+04 
1.80e+10 1.53e+11 2.08e+10 1.77e+11   13   21     -1        0  6.92e+07  1.54e+07  6.04e+08  0.00e+00  0.00e+00  0.00e+00  0.00e+00  0.00e+00  0.00e+00  0.00e+00  0.00e+00  0.00e+00  0.00e+00  0.00e+00  0.00e+00  0.00e+00  0.00e+00  0.00e+00  0.00e+00  0.00e+00  0.00e+00 
1.80e+10 2.01e+11 2.08e+10 2.31e+11   13   22     -1        0  5.99e+07  1.54e+07  6.80e+08  0.00e+00  0.00e+00  0.00e+00  0.00e+00  0.00e+00  0.00e+00  0.00e+00  0.00e+00  0.00e+00  0.00e+00  0.00e+00  0.00e+00  0.00e+00  0.00e+00  0.00e+00  0.00e+00  0.00e+00  0.00e+00 
1.80e+10 2.62e+11 2.08e+10 3.02e+11   13   23     -1        0  5.08e+07  1.54e+07  7.50e+08  0.00e+00  0.00e+00  0.00e+00  0.00e+00  0.00e+00  0.00e+00  0.00e+00  0.00e+00  0.00e+00  0.00e+00  0.00e+00  0.00e+00  0.00e+00  0.00e+00  0.00e+00  0.00e+00  0.00e+00  0.00e+00 
1.80e+10 3.43e+11 2.08e+10 3.95e+11   13   24     -1        0  4.22e+07  1.54e+07  8.11e+08  0.00e+00  0.00e+00  0.00e+00  0.00e+00  0.00e+00  0.00e+00  0.00e+00  0.00e+00  0.00e+00  0.00e+00  0.00e+00  0.00e+00  0.00e+00  0.00e+00  0.00e+00  0.00e+00  0.00e+00  0.00e+00 
1.80e+10 4.48e+11 2.08e+10 5.17e+11   13   25     -1        0  3.45e+07  1.54e+07  8.64e+08  0.00e+00  0.00e+00  0.00e+00  0.00e+00  0.00e+00  0.00e+00  0.00e+00  0.00e+00  0.00e+00  0.00e+00  0.00e+00  0.00e+00  0.00e+00  0.00e+00  0.00e+00  0.00e+00  0.00e+00  0.00e+00 
1.80e+10 5.85e+11 2.08e+10 6.75e+11   13   26     -1        0  2.78e+07  1.54e+07  9.08e+08  0.00e+00  0.00e+00  0.00e+00  0.00e+00  0.00e+00  0.00e+00  0.00e+00  0.00e+00  0.00e+00  0.00e+00  0.00e+00  0.00e+00  0.00e+00  0.00e+00  0.00e+00  0.00e+00  0.00e+00  0.00e+00 
1.80e+10 7.65e+11 2.08e+10 8.83e+11   13   27     -1        0  2.21e+07  1.54e+07  9.45e+08  0.00e+00  0.00e+00  0.00e+00  0.00e+00  0.00e+00  0.00e+00  0.00e+00  0.00e+00  0.00e+00  0.00e+00  0.00e+00  0.00e+00  0.00e+00  0.00e+00  0.00e+00  0.00e+00  0.00e+00  0.00e+00 
1.80e+10 1.00e+12 2.08e+10 1.15e+12   13   28     -1        0  1.75e+07  1.54e+07  9.74e+08  0.00e+00  0.00e+00  0.00e+00  0.00e+00  0.00e+00  0.00e+00  0.00e+00  0.00e+00  0.00e+00  0.00e+00  0.00e+00  0.00e+00  0.00e+00  0.00e+00  0.00e+00  0.00e+00  0.00e+00  0.00e+00 
1.80e+10 1.31e+12 2.08e+10 1.51e+12   13   29     -1        0  1.37e+07  1.54e+07  9.98e+08  0.00e+00  0.00e+00  0.00e+00  0.00e+00  0.00e+00  0.00e+00  0.00e+00  0.00e+00  0.00e+00  0.00e+00  0.00e+00  0.00e+00  0.00e+00  0.00e+00  0.00e+00  0.00e+00  0.00e+00  0.00e+00 
2.36e+10 0.00e+00 2.72e+10 3.63e+08   14    0      1        1  1.11e+06  6.71e+07  1.89e+05  1.15e+29  0.00e+00  5.10e-18  5.64e+03  5.04e+04  0.00e+00  0.00e+00  0.00e+00  0.00e+00  0.00e+00  0.00e+00  0.00e+00  0.00e+00       inf       inf  1.58e+04  0.00e+00  1.09e+04 
2.36e+10 7.25e+08 2.72e+10 8.37e+08   14    1      1        1  3.33e+06  6.17e+07  6.66e+05  1.76e+29  0.00e+00  5.10e-18  3.41e+03  4.91e+04  0.00e+00  0.00e+00  0.00e+00  0.00e+00  0.00e+00 -5.10e+19 -1.17e+19 -3.22e+19       inf       inf  2.40e+04  0.00e+00  1.74e+04 
2.36e+10 9.48e+08 2.72e+10 1.09e+09   14    2      1        1  4.21e+06  6.03e+07  8.82e+05  3.68e+29  0.00e+00  5.10e-18  2.98e+03  4.92e+04  0.00e+00  0.00e+00  0.00e+00  0.00e+00  0.00e+00 -4.04e+19  3.09e+19  1.52e+18       inf       inf  3.60e+04  0.00e+00  2.54e+04 
2.36e+10 1.24e+09 2.72e+10 1.43e+09   14    3      1        2  5.39e+06  5.86e+07  1.20e+06  7.44e+29  0.00e+00  6.96e-18  1.87e+03  5.11e+04  0.00e+00  0.00e+00  0.00e+00  0.00e+00  0.00e+00 -1.52e+19  6.03e+17  1.37e+19       inf       inf  5.37e+04  0.00e+00  3.69e+04 
2.36e+10 1.62e+09 2.72e+10 1.87e+09   14    4      1        2  6.92e+06  5.66e+07  1.65e+06  1.23e+30  0.00e+00  7.66e-18  1.75e+03  5.12e+04  0.00e+00  0.00e+00  0.00e+00  0.00e+00  0.00e+00 -1.48e+20 -3.28e+19  2.11e+19       inf       inf  7.27e+04  0.00e+00  4.65e+04 
2.36e+10 2.12e+09 2.72e+10 2.44e+09   14    5      0        0  8.88e+06  5.43e+07  2.30e+06  1.60e+30  2.79e-12  1.31e+12  1.82e+04  5.03e+04  6.29e-06  9.23e-01  5.58e-01  1.98e-02  1.00e-20 -9.44e+20 -1.67e+20  2.59e+19  7.28e-01  1.09e+01  9.92e+04  0.00e+00  5.99e+04 
2.36e+10 2.77e+09 2.72e+10 3.19e+09   14    6      0        0  1.13e+07  5.16e+07  3.25e+06  2.10e+30  1.58e-12  7.87e+11  1.93e+04  4.99e+04  3.17e-06  2.25e-01  3.10e-01  6.75e-02  1.00e-20 -7.74e+20 -3.47e+19  1.37e+19  1.69e+00  2.39e+01  1.45e+05  0.00e+00  8.42e+04 
2.36e+10 3.62e+09 2.72e+10 4.17e+09   14    7      0        0  1.43e+07  4.86e+07  4.62e+06  2.74e+30  8.58e-13  4.35e+11  2.23e+04  4.98e+04  1.15e-06  6.80e-03  8.06e-02  3.14e-01  1.00e-20 -6.89e+20 -9.51e+19  7.33e+19  4.04e+00  5.57e+01  2.21e+05  0.00e+00  1.27e+05 
2.36e+10 4.73e+09 2.72e+10 5.45e+09   14    8      0        0  1.79e+07  4.54e+07  6.61e+06  3.58e+30  4.47e-13  2.27e+11  2.29e+04  5.04e+04  4.47e-07  7.42e-04  1.65e-02  6.17e-01  1.00e-20 -9.04e+20  3.92e+19 -1.74e+20  1.01e+01  1.42e+02  3.49e+05  0.00e+00  2.04e+05 
2.36e+10 6.18e+09 2.72e+10 7.12e+09   14    9      0        0  2.20e+07  4.20e+07  9.51e+06  4.68e+30  2.24e-13  1.14e+11  2.44e+04  5.14e+04  1.67e-07  1.62e-04  4.22e-03  3.35e-01  1.00e-20 -1.22e+21  3.14e+20 -4.70e+20  2.61e+01  3.62e+02  5.60e+05  0.00e+00  3.39e+05 
2.36e+10 8.07e+09 2.72e+10 9.31e+09   14   10      0        0  2.69e+07  3.86e+07  1.38e+07  6.12e+30  1.08e-13  5.49e+10  2.52e+04  5.23e+04  6.36e-08  5.17e-05  1.41e-03  1.38e-01  1.00e-20 -1.31e+21  1.80e+20 -6.56e+20  6.93e+01  9.65e+02  8.76e+05  0.00e+00  5.49e+05 
2.36e+10 1.05e+10 2.72e+10 1.22e+10   14   11      0        0  3.25e+07  3.52e+07  2.01e+07  8.00e+30  5.03e-14  2.55e+10  2.34e+04  5.31e+04  2.68e-08  1.91e-05  5.50e-04  6.10e-02  1.00e-20 -1.54e+21  2.53e+20 -5.17e+20  1.84e+02  2.53e+03  1.31e+06  0.00e+00  8.48e+05 
2.36e+10 1.38e+10 2.72e+10 1.59e+10   14   12      0        0  3.89e+07  3.18e+07  2.94e+07  1.05e+31  2.27e-14  1.15e+10  1.72e+04  5.41e+04  1.40e-08  8.50e-06  2.57e-04  2.97e-02  1.00e-20 -1.47e+21  1.09e+20 -8.70e+20  4.84e+02  6.71e+03  1.85e+06  0.00e+00  1.23e+06 
2.36e+10 1.80e+10 2.72e+10 2.08e+10   14   13      0        0  4.62e+07  2.86e+07  4.32e+07  1.37e+31  9.99e-15  5.07e+09  1.07e+04  5.51e+04  8.70e-09  4.37e-06  1.41e-04  1.65e-02  1.00e-20 -1.27e+21 -5.31e+19 -6.77e+20  1.21e+03  1.66e+04  2.37e+06  0.00e+00  1.61e+06 
2.36e+10 2.36e+10 2.72e+10 2.72e+10   14   14      0        0  5.43e+07  2.55e+07  6.35e+07  1.79e+31  4.31e-15  2.19e+09  6.32e+03  5.58e+04  5.63e-09  2.53e-06  8.71e-05  1.02e-02  1.00e-20 -8.54e+20 -5.59e+19 -9.21e+20  2.77e+03  3.83e+04  2.69e+06  0.00e+00  1.86e+06 
2.36e+10 3.08e+10 2.72e+10 3.55e+10   14   15      0        0  6.31e+07  2.27e+07  9.32e+07  2.33e+31  1.84e-15  9.34e+08  3.62e+03  5.63e+04  3.78e-09  1.67e-06  6.06e-05  7.00e-03  1.00e-20 -6.43e+20 -3.39e+19 -9.07e+20  5.74e+03  7.93e+04  2.67e+06  0.00e+00  1.86e+06 
2.36e+10 4.02e+10 2.72e+10 4.64e+10   14   16      0        0  7.22e+07  2.02e+07  1.36e+08  3.05e+31  7.83e-16  3.98e+08  2.05e+03  5.66e+04  2.67e-09  1.22e-06  4.66e-05  5.25e-03  1.00e-20 -3.27e+20 -3.99e+19 -5.14e+20  1.07e+04  1.49e+05  2.32e+06  0.00e+00  1.63e+06 
2.36e+10 5.26e+10 2.72e+10 6.07e+10   14   17      0        0  8.09e+07  1.78e+07  1.94e+08  3.99e+31  3.35e-16  1.70e+08  1.17e+03  5.68e+04  2.02e-09  9.87e-07  3.96e-05  4.47e-03  1.00e-20 -1.19e+20  2.25e+19 -4.73e+20  1.80e+04  2.49e+05  1.79e+06  0.00e+00  1.26e+06 
2.36e+10 6.87e+10 2.72e+10 7.93e+10   14   18      0        0  8.87e+07  1.57e+07  2.74e+08  5.21e+31  1.45e-16  7.37e+07  6.70e+02  5.67e+04  1.63e-09  8.63e-07  3.61e-05  4.07e-03  1.00e-20 -7.06e+19  5.51e+19 -2.15e+20  2.79e+04  3.89e+05  1.27e+06  0.00e+00  8.92e+05 
2.36e+10 8.98e+10 2.72e+10 1.04e+11   14   19      0        0  9.46e+07  1.38e+07  3.77e+08  6.81e+31  6.38e-17  3.24e+07  3.88e+02  5.68e+04  1.44e-09  8.06e-07  3.43e-05  3.71e-03  1.00e-20 -2.14e+19  7.74e+18 -3.19e+19  4.03e+04  5.56e+05  8.41e+05  0.00e+00  5.90e+05 
2.36e+10 1.17e+11 2.72e+10 1.35e+11   14   20      1        1  9.83e+07  1.22e+07  5.06e+08  6.82e+31  0.00e+00  8.24e-18  2.23e+01  5.66e+04  0.00e+00  0.00e+00  0.00e+00  0.00e+00  0.00e+00 -6.89e+18 -5.87e+18 -1.81e+18       inf       inf  4.00e+05  0.00e+00  2.79e+05 
2.36e+10 1.53e+11 2.72e+10 1.77e+11   14   21      1        2  9.02e+07  1.18e+07  6.03e+08  5.32e+30  0.00e+00  8.24e-18  2.18e+01  5.62e+04  0.00e+00  0.00e+00  0.00e+00  0.00e+00  0.00e+00  0.00e+00  0.00e+00  0.00e+00       inf       inf  6.92e+04  0.00e+00  4.78e+04 
2.36e+10 2.01e+11 2.72e+10 2.31e+11   14   22     -1        0  7.82e+07  1.18e+07  6.79e+08  0.00e+00  0.00e+00  0.00e+00  0.00e+00  0.00e+00  0.00e+00  0.00e+00  0.00e+00  0.00e+00  0.00e+00  0.00e+00  0.00e+00  0.00e+00  0.00e+00  0.00e+00  0.00e+00  0.00e+00  0.00e+00 
2.36e+10 2.62e+11 2.72e+10 3.02e+11   14   23     -1        0  6.63e+07  1.18e+07  7.49e+08  0.00e+00  0.00e+00  0.00e+00  0.00e+00  0.00e+00  0.00e+00  0.00e+00  0.00e+00  0.00e+00  0.00e+00  0.00e+00  0.00e+00  0.00e+00  0.00e+00  0.00e+00  0.00e+00  0.00e+00  0.00e+00 
2.36e+10 3.43e+11 2.72e+10 3.95e+11   14   24     -1        0  5.51e+07  1.18e+07  8.10e+08  0.00e+00  0.00e+00  0.00e+00  0.00e+00  0.00e+00  0.00e+00  0.00e+00  0.00e+00  0.00e+00  0.00e+00  0.00e+00  0.00e+00  0.00e+00  0.00e+00  0.00e+00  0.00e+00  0.00e+00  0.00e+00 
2.36e+10 4.48e+11 2.72e+10 5.17e+11   14   25     -1        0  4.50e+07  1.18e+07  8.63e+08  0.00e+00  0.00e+00  0.00e+00  0.00e+00  0.00e+00  0.00e+00  0.00e+00  0.00e+00  0.00e+00  0.00e+00  0.00e+00  0.00e+00  0.00e+00  0.00e+00  0.00e+00  0.00e+00  0.00e+00  0.00e+00 
2.36e+10 5.85e+11 2.72e+10 6.75e+11   14   26     -1        0  3.63e+07  1.18e+07  9.08e+08  0.00e+00  0.00e+00  0.00e+00  0.00e+00  0.00e+00  0.00e+00  0.00e+00  0.00e+00  0.00e+00  0.00e+00  0.00e+00  0.00e+00  0.00e+00  0.00e+00  0.00e+00  0.00e+00  0.00e+00  0.00e+00 
2.36e+10 7.65e+11 2.72e+10 8.83e+11   14   27     -1        0  2.89e+07  1.18e+07  9.45e+08  0.00e+00  0.00e+00  0.00e+00  0.00e+00  0.00e+00  0.00e+00  0.00e+00  0.00e+00  0.00e+00  0.00e+00  0.00e+00  0.00e+00  0.00e+00  0.00e+00  0.00e+00  0.00e+00  0.00e+00  0.00e+00 
2.36e+10 1.00e+12 2.72e+10 1.15e+12   14   28     -1        0  2.29e+07  1.18e+07  9.74e+08  0.00e+00  0.00e+00  0.00e+00  0.00e+00  0.00e+00  0.00e+00  0.00e+00  0.00e+00  0.00e+00  0.00e+00  0.00e+00  0.00e+00  0.00e+00  0.00e+00  0.00e+00  0.00e+00  0.00e+00  0.00e+00 
2.36e+10 1.31e+12 2.72e+10 1.51e+12   14   29     -1        0  1.79e+07  1.18e+07  9.98e+08  0.00e+00  0.00e+00  0.00e+00  0.00e+00  0.00e+00  0.00e+00  0.00e+00  0.00e+00  0.00e+00  0.00e+00  0.00e+00  0.00e+00  0.00e+00  0.00e+00  0.00e+00  0.00e+00  0.00e+00  0.00e+00 
3.08e+10 0.00e+00 3.55e+10 3.63e+08   15    0     -1        0  1.02e+06  5.87e+07  1.32e+05  0.00e+00  0.00e+00  0.00e+00  0.00e+00  0.00e+00  0.00e+00  0.00e+00  0.00e+00  0.00e+00  0.00e+00  0.00e+00  0.00e+00  0.00e+00  0.00e+00  0.00e+00  0.00e+00  0.00e+00  0.00e+00 
3.08e+10 7.25e+08 3.55e+10 8.37e+08   15    1     -1        0  3.81e+06  5.40e+07  5.84e+05  0.00e+00  0.00e+00  0.00e+00  0.00e+00  0.00e+00  0.00e+00  0.00e+00  0.00e+00  0.00e+00  0.00e+00  0.00e+00  0.00e+00  0.00e+00  0.00e+00  0.00e+00  0.00e+00  0.00e+00  0.00e+00 
3.08e+10 9.48e+08 3.55e+10 1.09e+09   15    2     -1        0  4.91e+06  5.28e+07  7.88e+05  0.00e+00  0.00e+00  0.00e+00  0.00e+00  0.00e+00  0.00e+00  0.00e+00  0.00e+00  0.00e+00  0.00e+00  0.00e+00  0.00e+00  0.00e+00  0.00e+00  0.00e+00  0.00e+00  0.00e+00  0.00e+00 
3.08e+10 1.24e+09 3.55e+10 1.43e+09   15    3     -1        0  6.37e+06  5.13e+07  1.08e+06  0.00e+00  0.00e+00  0.00e+00  0.00e+00  0.00e+00  0.00e+00  0.00e+00  0.00e+00  0.00e+00  0.00e+00  0.00e+00  0.00e+00  0.00e+00  0.00e+00  0.00e+00  0.00e+00  0.00e+00  0.00e+00 
3.08e+10 1.62e+09 3.55e+10 1.87e+09   15    4      1        1  8.24e+06  4.95e+07  1.50e+06  2.04e+29  0.00e+00  8.24e-18  1.03e+03  5.61e+04  0.00e+00  0.00e+00  0.00e+00  0.00e+00  0.00e+00  0.00e+00  0.00e+00  0.00e+00       inf       inf  1.95e+04  0.00e+00  1.43e+04 
3.08e+10 2.12e+09 3.55e+10 2.44e+09   15    5      1        2  1.06e+07  4.75e+07  2.10e+06  1.07e+30  0.00e+00  8.24e-18  1.40e+03  5.53e+04  0.00e+00  0.00e+00  0.00e+00  0.00e+00  0.00e+00 -1.65e+20  7.41e+19  5.69e+19       inf       inf  4.36e+04  0.00e+00  3.18e+04 
3.08e+10 2.77e+09 3.55e+10 3.19e+09   15    6      1        1  1.35e+07  4.51e+07  2.97e+06  3.01e+30  0.00e+00  8.24e-18  8.04e+02  5.49e+04  0.00e+00  0.00e+00  0.00e+00  0.00e+00  0.00e+00 -1.58e+20 -1.93e+19 -1.37e+19       inf       inf  7.70e+04  0.00e+00  5.47e+04 
3.08e+10 3.62e+09 3.55e+10 4.17e+09   15    7      0        0  1.71e+07  4.25e+07  4.21e+06  4.68e+30  9.45e-13  4.69e+11  1.90e+04  5.42e+04  3.36e-06  2.60e-01  3.09e-01  7.16e-02  1.00e-20 -1.03e+21 -1.85e+19 -1.33e+19  1.60e+00  2.32e+01  1.21e+05  0.00e+00  8.21e+04 
3.08e+10 4.73e+09 3.55e+10 5.45e+09   15    8      0        0  2.12e+07  3.97e+07  6.01e+06  6.12e+30  4.95e-13  2.51e+11  2.23e+04  5.33e+04  1.12e-06  8.04e-03  8.69e-02  2.94e-01  1.00e-20 -7.15e+20 -3.42e+19 -2.61e+20  3.97e+00  5.47e+01  1.86e+05  0.00e+00  1.22e+05 
3.08e+10 6.18e+09 3.55e+10 7.12e+09   15    9      0        0  2.61e+07  3.68e+07  8.61e+06  8.00e+30  2.50e-13  1.27e+11  2.28e+04  5.32e+04  4.14e-07  7.94e-04  1.69e-02  6.15e-01  1.00e-20 -8.66e+20  4.42e+19 -2.57e+20  1.02e+01  1.40e+02  3.05e+05  0.00e+00  1.97e+05 
3.08e+10 8.07e+09 3.55e+10 9.31e+09   15   10      0        0  3.17e+07  3.38e+07  1.24e+07  1.05e+31  1.21e-13  6.15e+10  2.39e+04  5.37e+04  1.48e-07  1.60e-04  4.19e-03  3.39e-01  1.00e-20 -7.91e+20 -8.87e+18 -1.72e+20  2.76e+01  3.79e+02  5.06e+05  0.00e+00  3.28e+05 
3.08e+10 1.05e+10 3.55e+10 1.22e+10   15   11      0        0  3.80e+07  3.08e+07  1.79e+07  1.37e+31  5.67e-14  2.88e+10  2.36e+04  5.39e+04  5.54e-08  4.98e-05  1.38e-03  1.37e-01  1.00e-20 -1.32e+21  1.08e+20 -3.76e+20  7.54e+01  1.04e+03  8.17e+05  0.00e+00  5.35e+05 
3.08e+10 1.38e+10 3.55e+10 1.59e+10   15   12      0        0  4.52e+07  2.78e+07  2.61e+07  1.79e+31  2.58e-14  1.31e+10  1.89e+04  5.42e+04  2.49e-08  1.95e-05  5.78e-04  6.48e-02  1.00e-20 -1.56e+21  8.50e+18 -6.00e+20  2.07e+02  2.88e+03  1.26e+06  0.00e+00  8.33e+05 
3.08e+10 1.80e+10 3.55e+10 2.08e+10   15   13      0        0  5.33e+07  2.50e+07  3.81e+07  2.33e+31  1.14e-14  5.79e+09  1.22e+04  5.47e+04  1.37e-08  9.17e-06  2.89e-04  3.36e-02  1.00e-20 -1.44e+21  8.90e+19 -9.42e+20  5.56e+02  7.73e+03  1.80e+06  0.00e+00  1.21e+06 
3.08e+10 2.36e+10 3.55e+10 2.72e+10   15   14      0        0  6.22e+07  2.23e+07  5.57e+07  3.05e+31  4.95e-15  2.52e+09  7.30e+03  5.53e+04  8.21e-09  4.71e-06  1.59e-04  1.87e-02  1.00e-20 -1.29e+21 -1.05e+20 -9.17e+20  1.41e+03  1.95e+04  2.35e+06  0.00e+00  1.60e+06 
3.08e+10 3.08e+10 3.55e+10 3.55e+10   15   15      0        0  7.19e+07  1.99e+07  8.12e+07  3.99e+31  2.12e-15  1.08e+09  4.23e+03  5.59e+04  5.17e-09  2.71e-06  9.78e-05  1.15e-02  1.00e-20 -7.00e+20  2.26e+20 -5.83e+20  3.28e+03  4.50e+04  2.69e+06  0.00e+00  1.86e+06 
3.08e+10 4.02e+10 3.55e+10 4.64e+10   15   16      0        0  8.19e+07  1.76e+07  1.18e+08  5.21e+31  9.05e-16  4.60e+08  2.42e+03  5.62e+04  3.44e-09  1.77e-06  6.75e-05  7.82e-03  1.00e-20 -4.68e+20  3.20e+19 -7.17e+20  6.80e+03  9.40e+04  2.67e+06  0.00e+00  1.86e+06 
3.08e+10 5.26e+10 3.55e+10 6.07e+10   15   17      0        0  9.18e+07  1.56e+07  1.69e+08  6.81e+31  3.87e-16  1.97e+08  1.38e+03  5.65e+04  2.47e-09  1.29e-06  5.15e-05  5.87e-03  1.00e-20 -2.68e+20 -1.68e+19 -4.50e+20  1.26e+04  1.74e+05  2.33e+06  0.00e+00  1.63e+06 
3.08e+10 6.87e+10 3.55e+10 7.93e+10   15   18      0        0  1.01e+08  1.37e+07  2.38e+08  8.90e+31  1.67e-16  8.50e+07  7.98e+02  5.66e+04  1.90e-09  1.04e-06  4.35e-05  4.97e-03  1.00e-20 -2.29e+20 -3.16e+19 -4.42e+20  2.10e+04  2.90e+05  1.80e+06  0.00e+00  1.26e+06 
3.08e+10 8.98e+10 3.55e+10 1.04e+11   15   19      0        0  1.07e+08  1.21e+07  3.27e+08  1.16e+32  7.35e-17  3.74e+07  4.64e+02  5.65e+04  1.60e-09  9.17e-07  3.98e-05  4.55e-03  1.00e-20 -4.59e+19 -1.21e+19 -1.13e+20  3.20e+04  4.43e+05  1.27e+06  0.00e+00  8.90e+05 
3.08e+10 1.17e+11 3.55e+10 1.35e+11   15   20      0        0  1.12e+08  1.06e+07  4.41e+08  1.52e+32  3.29e-17  1.67e+07  2.72e+02  5.66e+04  1.46e-09  8.64e-07  3.80e-05  4.19e-03  1.00e-20 -3.81e+19  8.39e+18 -5.56e+19  4.54e+04  6.33e+05  8.42e+05  0.00e+00  5.89e+05 
3.08e+10 1.53e+11 3.55e+10 1.77e+11   15   21      1        2  1.13e+08  9.34e+06  5.79e+08  1.56e+32  0.00e+00  8.24e-18  2.18e+01  5.64e+04  0.00e+00  0.00e+00  0.00e+00  0.00e+00  0.00e+00  0.00e+00  0.00e+00  0.00e+00       inf       inf  4.04e+05  0.00e+00  2.81e+05 
3.08e+10 2.01e+11 3.55e+10 2.31e+11   15   22      1        2  1.02e+08  9.01e+06  6.77e+08  1.38e+31  0.00e+00  8.24e-18  2.18e+01  5.61e+04  0.00e+00  0.00e+00  0.00e+00  0.00e+00  0.00e+00  0.00e+00  0.00e+00  0.00e+00       inf       inf  7.35e+04  0.00e+00  5.08e+04 
3.08e+10 2.62e+11 3.55e+10 3.02e+11   15   23     -1        0  8.65e+07  9.01e+06  7.47e+08  0.00e+00  0.00e+00  0.00e+00  0.00e+00  0.00e+00  0.00e+00  0.00e+00  0.00e+00  0.00e+00  0.00e+00  0.00e+00  0.00e+00  0.00e+00  0.00e+00  0.00e+00  0.00e+00  0.00e+00  0.00e+00 
3.08e+10 3.43e+11 3.55e+10 3.95e+11   15   24     -1        0  7.19e+07  9.01e+06  8.10e+08  0.00e+00  0.00e+00  0.00e+00  0.00e+00  0.00e+00  0.00e+00  0.00e+00  0.00e+00  0.00e+00  0.00e+00  0.00e+00  0.00e+00  0.00e+00  0.00e+00  0.00e+00  0.00e+00  0.00e+00  0.00e+00 
3.08e+10 4.48e+11 3.55e+10 5.17e+11   15   25     -1        0  5.88e+07  9.01e+06  8.63e+08  0.00e+00  0.00e+00  0.00e+00  0.00e+00  0.00e+00  0.00e+00  0.00e+00  0.00e+00  0.00e+00  0.00e+00  0.00e+00  0.00e+00  0.00e+00  0.00e+00  0.00e+00  0.00e+00  0.00e+00  0.00e+00 
3.08e+10 5.85e+11 3.55e+10 6.75e+11   15   26     -1        0  4.74e+07  9.01e+06  9.07e+08  0.00e+00  0.00e+00  0.00e+00  0.00e+00  0.00e+00  0.00e+00  0.00e+00  0.00e+00  0.00e+00  0.00e+00  0.00e+00  0.00e+00  0.00e+00  0.00e+00  0.00e+00  0.00e+00  0.00e+00  0.00e+00 
3.08e+10 7.65e+11 3.55e+10 8.83e+11   15   27     -1        0  3.78e+07  9.01e+06  9.44e+08  0.00e+00  0.00e+00  0.00e+00  0.00e+00  0.00e+00  0.00e+00  0.00e+00  0.00e+00  0.00e+00  0.00e+00  0.00e+00  0.00e+00  0.00e+00  0.00e+00  0.00e+00  0.00e+00  0.00e+00  0.00e+00 
3.08e+10 1.00e+12 3.55e+10 1.15e+12   15   28     -1        0  2.99e+07  9.01e+06  9.74e+08  0.00e+00  0.00e+00  0.00e+00  0.00e+00  0.00e+00  0.00e+00  0.00e+00  0.00e+00  0.00e+00  0.00e+00  0.00e+00  0.00e+00  0.00e+00  0.00e+00  0.00e+00  0.00e+00  0.00e+00  0.00e+00 
3.08e+10 1.31e+12 3.55e+10 1.51e+12   15   29     -1        0  2.34e+07  9.01e+06  9.98e+08  0.00e+00  0.00e+00  0.00e+00  0.00e+00  0.00e+00  0.00e+00  0.00e+00  0.00e+00  0.00e+00  0.00e+00  0.00e+00  0.00e+00  0.00e+00  0.00e+00  0.00e+00  0.00e+00  0.00e+00  0.00e+00 
4.02e+10 0.00e+00 4.64e+10 3.63e+08   16    0     -1        0  9.26e+05  5.14e+07  9.18e+04  0.00e+00  0.00e+00  0.00e+00  0.00e+00  0.00e+00  0.00e+00  0.00e+00  0.00e+00  0.00e+00  0.00e+00  0.00e+00  0.00e+00  0.00e+00  0.00e+00  0.00e+00  0.00e+00  0.00e+00  0.00e+00 
4.02e+10 7.25e+08 4.64e+10 8.37e+08   16    1     -1        0  4.45e+06  4.72e+07  5.22e+05  0.00e+00  0.00e+00  0.00e+00  0.00e+00  0.00e+00  0.00e+00  0.00e+00  0.00e+00  0.00e+00  0.00e+00  0.00e+00  0.00e+00  0.00e+00  0.00e+00  0.00e+00  0.00e+00  0.00e+00  0.00e+00 
4.02e+10 9.48e+08 4.64e+10 1.09e+09   16    2     -1        0  5.81e+06  4.62e+07  7.13e+05  0.00e+00  0.00e+00  0.00e+00  0.00e+00  0.00e+00  0.00e+00  0.00e+00  0.00e+00  0.00e+00  0.00e+00  0.00e+00  0.00e+00  0.00e+00  0.00e+00  0.00e+00  0.00e+00  0.00e+00  0.00e+00 
4.02e+10 1.24e+09 4.64e+10 1.43e+09   16    3     -1        0  7.58e+06  4.49e+07  9.85e+05  0.00e+00  0.00e+00  0.00e+00  0.00e+00  0.00e+00  0.00e+00  0.00e+00  0.00e+00  0.00e+00  0.00e+00  0.00e+00  0.00e+00  0.00e+00  0.00e+00  0.00e+00  0.00e+00  0.00e+00  0.00e+00 
4.02e+10 1.62e+09 4.64e+10 1.87e+09   16    4     -1        0  9.85e+06  4.33e+07  1.37e+06  0.00e+00  0.00e+00  0.00e+00  0.00e+00  0.00e+00  0.00e+00  0.00e+00  0.00e+00  0.00e+00  0.00e+00  0.00e+00  0.00e+00  0.00e+00  0.00e+00  0.00e+00  0.00e+00  0.00e+00  0.00e+00 
4.02e+10 2.12e+09 4.64e+10 2.44e+09   16    5     -1        0  1.27e+07  4.15e+07  1.92e+06  0.00e+00  0.00e+00  0.00e+00  0.00e+00  0.00e+00  0.00e+00  0.00e+00  0.00e+00  0.00e+00  0.00e+00  0.00e+00  0.00e+00  0.00e+00  0.00e+00  0.00e+00  0.00e+00  0.00e+00  0.00e+00 
4.02e+10 2.77e+09 4.64e+10 3.19e+09   16    6      1        2  1.61e+07  3.95e+07  2.71e+06  6.22e+28  0.00e+00  8.24e-18  6.04e+02  5.68e+04  0.00e+00  0.00e+00  0.00e+00  0.00e+00  0.00e+00  0.00e+00  0.00e+00  0.00e+00       inf       inf  8.94e+03  0.00e+00  6.67e+03 
4.02e+10 3.62e+09 4.64e+10 4.17e+09   16    7      1        0  2.02e+07  3.72e+07  3.82e+06  2.33e+30  0.00e+00  8.24e-18  7.44e+02  5.61e+04  0.00e+00  0.00e+00  0.00e+00  0.00e+00  0.00e+00 -5.01e+19  7.64e+18 -1.20e+19       inf       inf  5.12e+04  0.00e+00  3.74e+04 
4.02e+10 4.73e+09 4.64e+10 5.45e+09   16    8      1        0  2.50e+07  3.47e+07  5.42e+06  8.81e+30  0.00e+00  8.24e-18  5.78e+02  5.55e+04  0.00e+00  0.00e+00  0.00e+00  0.00e+00  0.00e+00 -2.67e+20  4.86e+19 -2.02e+18       inf       inf  1.03e+05  0.00e+00  7.27e+04 
4.02e+10 6.18e+09 4.64e+10 7.12e+09   16    9      0        0  3.06e+07  3.22e+07  7.72e+06  1.37e+31  2.81e-13  1.43e+11  2.25e+04  5.45e+04  1.06e-06  7.75e-03  8.14e-02  3.16e-01  1.00e-20 -6.67e+20  5.45e+19 -2.54e+19  4.02e+00  5.67e+01  1.74e+05  0.00e+00  1.18e+05 
4.02e+10 8.07e+09 4.64e+10 9.31e+09   16   10      0        0  3.69e+07  2.95e+07  1.10e+07  1.79e+31  1.37e-13  6.98e+10  2.26e+04  5.43e+04  3.82e-07  8.16e-04  1.73e-02  6.23e-01  1.00e-20 -9.57e+20 -3.27e+19 -2.65e+20  1.07e+01  1.47e+02  2.86e+05  0.00e+00  1.91e+05 
4.02e+10 1.05e+10 4.64e+10 1.22e+10   16   11      0        0  4.40e+07  2.69e+07  1.59e+07  2.33e+31  6.48e-14  3.29e+10  2.29e+04  5.46e+04  1.34e-07  1.56e-04  4.12e-03  3.40e-01  1.00e-20 -9.99e+20  1.95e+20 -4.32e+20  2.96e+01  4.19e+02  4.80e+05  0.00e+00  3.21e+05 
4.02e+10 1.38e+10 4.64e+10 1.59e+10   16   12      0        0  5.20e+07  2.43e+07  2.30e+07  3.05e+31  2.96e-14  1.50e+10  2.06e+04  5.47e+04  5.22e-08  4.94e-05  1.39e-03  1.40e-01  1.00e-20 -1.18e+21  5.50e+19 -3.05e+20  8.30e+01  1.15e+03  7.85e+05  0.00e+00  5.25e+05 
4.02e+10 1.80e+10 4.64e+10 2.08e+10   16   13      0        0  6.09e+07  2.19e+07  3.33e+07  3.99e+31  1.32e-14  6.69e+09  1.41e+04  5.48e+04  2.54e-08  2.08e-05  6.35e-04  7.11e-02  1.00e-20 -1.20e+21  2.66e+19 -4.98e+20  2.33e+02  3.22e+03  1.22e+06  0.00e+00  8.22e+05 
4.02e+10 2.36e+10 4.64e+10 2.72e+10   16   14      0        0  7.07e+07  1.95e+07  4.84e+07  5.21e+31  5.74e-15  2.92e+09  8.60e+03  5.51e+04  1.39e-08  9.85e-06  3.23e-04  3.75e-02  1.00e-20 -1.09e+21  4.29e+19 -6.47e+20  6.39e+02  8.89e+03  1.78e+06  0.00e+00  1.20e+06 
4.02e+10 3.08e+10 4.64e+10 3.55e+10   16   15      0        0  8.13e+07  1.74e+07  7.03e+07  6.81e+31  2.47e-15  1.25e+09  5.02e+03  5.55e+04  8.06e-09  5.04e-06  1.79e-04  2.11e-02  1.00e-20 -6.53e+20  5.52e+18 -5.47e+20  1.64e+03  2.24e+04  2.33e+06  0.00e+00  1.60e+06 
4.02e+10 4.02e+10 4.64e+10 4.64e+10   16   16      0        0  9.24e+07  1.54e+07  1.02e+08  8.90e+31  1.06e-15  5.36e+08  2.89e+03  5.58e+04  4.94e-09  2.87e-06  1.09e-04  1.27e-02  1.00e-20 -5.27e+20 -4.74e+19 -6.60e+20  3.84e+03  5.29e+04  2.68e+06  0.00e+00  1.85e+06 
4.02e+10 5.26e+10 4.64e+10 6.07e+10   16   17      0        0  1.03e+08  1.36e+07  1.45e+08  1.16e+32  4.51e-16  2.29e+08  1.66e+03  5.61e+04  3.27e-09  1.87e-06  7.46e-05  8.71e-03  1.00e-20 -3.05e+20 -8.66e+19 -4.36e+20  7.95e+03  1.09e+05  2.68e+06  0.00e+00  1.86e+06 
4.02e+10 6.87e+10 4.64e+10 7.93e+10   16   18      0        0  1.13e+08  1.20e+07  2.05e+08  1.52e+32  1.95e-16  9.89e+07  9.59e+02  5.63e+04  2.36e-09  1.36e-06  5.66e-05  6.53e-03  1.00e-20 -3.17e+20 -5.04e+19 -5.69e+20  1.46e+04  2.02e+05  2.33e+06  0.00e+00  1.62e+06 
4.02e+10 8.98e+10 4.64e+10 1.04e+11   16   19      0        0  1.21e+08  1.06e+07  2.83e+08  1.99e+32  8.52e-17  4.33e+07  5.59e+02  5.64e+04  1.89e-09  1.10e-06  4.78e-05  5.52e-03  1.00e-20 -1.62e+20 -6.61e+19 -3.59e+20  2.40e+04  3.35e+05  1.81e+06  0.00e+00  1.26e+06 
4.02e+10 1.17e+11 4.64e+10 1.35e+11   16   20      0        0  1.27e+08  9.31e+06  3.82e+08  2.60e+32  3.80e-17  1.93e+07  3.28e+02  5.64e+04  1.64e-09  9.80e-07  4.39e-05  5.09e-03  1.00e-20 -8.59e+19 -4.85e+18 -2.04e+20  3.60e+04  5.01e+05  1.28e+06  0.00e+00  8.89e+05 
4.02e+10 1.53e+11 4.64e+10 1.77e+11   16   21      0        0  1.29e+08  8.17e+06  5.04e+08  3.40e+32  1.73e-17  8.79e+06  1.97e+02  5.64e+04  1.51e-09  9.28e-07  4.19e-05  4.70e-03  1.00e-20 -3.55e+19 -7.08e+18 -9.82e+19  5.03e+04  7.02e+05  8.43e+05  0.00e+00  5.88e+05 
4.02e+10 2.01e+11 4.64e+10 2.31e+11   16   22      1        2  1.28e+08  7.17e+06  6.48e+08  3.53e+32  0.00e+00  8.24e-18  2.18e+01  5.62e+04  0.00e+00  0.00e+00  0.00e+00  0.00e+00  0.00e+00  9.93e+18 -2.35e+18 -1.42e+19       inf       inf  4.07e+05  0.00e+00  2.83e+05 
4.02e+10 2.62e+11 4.64e+10 3.02e+11   16   23      1        2  1.13e+08  6.89e+06  7.45e+08  3.42e+31  0.00e+00  8.24e-18  2.18e+01  5.61e+04  0.00e+00  0.00e+00  0.00e+00  0.00e+00  0.00e+00 -1.20e+19  7.52e+18 -8.99e+18       inf       inf  7.68e+04  0.00e+00  5.31e+04 
4.02e+10 3.43e+11 4.64e+10 3.95e+11   16   24     -1        0  9.38e+07  6.89e+06  8.08e+08  0.00e+00  0.00e+00  0.00e+00  0.00e+00  0.00e+00  0.00e+00  0.00e+00  0.00e+00  0.00e+00  0.00e+00  0.00e+00  0.00e+00  0.00e+00  0.00e+00  0.00e+00  0.00e+00  0.00e+00  0.00e+00 
4.02e+10 4.48e+11 4.64e+10 5.17e+11   16   25     -1        0  7.67e+07  6.89e+06  8.62e+08  0.00e+00  0.00e+00  0.00e+00  0.00e+00  0.00e+00  0.00e+00  0.00e+00  0.00e+00  0.00e+00  0.00e+00  0.00e+00  0.00e+00  0.00e+00  0.00e+00  0.00e+00  0.00e+00  0.00e+00  0.00e+00 
4.02e+10 5.85e+11 4.64e+10 6.75e+11   16   26     -1        0  6.19e+07  6.89e+06  9.07e+08  0.00e+00  0.00e+00  0.00e+00  0.00e+00  0.00e+00  0.00e+00  0.00e+00  0.00e+00  0.00e+00  0.00e+00  0.00e+00  0.00e+00  0.00e+00  0.00e+00  0.00e+00  0.00e+00  0.00e+00  0.00e+00 
4.02e+10 7.65e+11 4.64e+10 8.83e+11   16   27     -1        0  4.94e+07  6.89e+06  9.44e+08  0.00e+00  0.00e+00  0.00e+00  0.00e+00  0.00e+00  0.00e+00  0.00e+00  0.00e+00  0.00e+00  0.00e+00  0.00e+00  0.00e+00  0.00e+00  0.00e+00  0.00e+00  0.00e+00  0.00e+00  0.00e+00 
4.02e+10 1.00e+12 4.64e+10 1.15e+12   16   28     -1        0  3.90e+07  6.89e+06  9.74e+08  0.00e+00  0.00e+00  0.00e+00  0.00e+00  0.00e+00  0.00e+00  0.00e+00  0.00e+00  0.00e+00  0.00e+00  0.00e+00  0.00e+00  0.00e+00  0.00e+00  0.00e+00  0.00e+00  0.00e+00  0.00e+00 
4.02e+10 1.31e+12 4.64e+10 1.51e+12   16   29     -1        0  3.06e+07  6.89e+06  9.98e+08  0.00e+00  0.00e+00  0.00e+00  0.00e+00  0.00e+00  0.00e+00  0.00e+00  0.00e+00  0.00e+00  0.00e+00  0.00e+00  0.00e+00  0.00e+00  0.00e+00  0.00e+00  0.00e+00  0.00e+00  0.00e+00 
5.26e+10 0.00e+00 6.07e+10 3.63e+08   17    0     -1        0  8.41e+05  4.49e+07  6.38e+04  0.00e+00  0.00e+00  0.00e+00  0.00e+00  0.00e+00  0.00e+00  0.00e+00  0.00e+00  0.00e+00  0.00e+00  0.00e+00  0.00e+00  0.00e+00  0.00e+00  0.00e+00  0.00e+00  0.00e+00  0.00e+00 
5.26e+10 7.25e+08 6.07e+10 8.37e+08   17    1     -1        0  5.26e+06  4.13e+07  4.72e+05  0.00e+00  0.00e+00  0.00e+00  0.00e+00  0.00e+00  0.00e+00  0.00e+00  0.00e+00  0.00e+00  0.00e+00  0.00e+00  0.00e+00  0.00e+00  0.00e+00  0.00e+00  0.00e+00  0.00e+00  0.00e+00 
5.26e+10 9.48e+08 6.07e+10 1.09e+09   17    2     -1        0  6.92e+06  4.04e+07  6.49e+05  0.00e+00  0.00e+00  0.00e+00  0.00e+00  0.00e+00  0.00e+00  0.00e+00  0.00e+00  0.00e+00  0.00e+00  0.00e+00  0.00e+00  0.00e+00  0.00e+00  0.00e+00  0.00e+00  0.00e+00  0.00e+00 
5.26e+10 1.24e+09 6.07e+10 1.43e+09   17    3     -1        0  9.06e+06  3.92e+07  9.00e+05  0.00e+00  0.00e+00  0.00e+00  0.00e+00  0.00e+00  0.00e+00  0.00e+00  0.00e+00  0.00e+00  0.00e+00  0.00e+00  0.00e+00  0.00e+00  0.00e+00  0.00e+00  0.00e+00  0.00e+00  0.00e+00 
5.26e+10 1.62e+09 6.07e+10 1.87e+09   17    4     -1        0  1.18e+07  3.79e+07  1.25e+06  0.00e+00  0.00e+00  0.00e+00  0.00e+00  0.00e+00  0.00e+00  0.00e+00  0.00e+00  0.00e+00  0.00e+00  0.00e+00  0.00e+00  0.00e+00  0.00e+00  0.00e+00  0.00e+00  0.00e+00  0.00e+00 
5.26e+10 2.12e+09 6.07e+10 2.44e+09   17    5     -1        0  1.51e+07  3.63e+07  1.75e+06  0.00e+00  0.00e+00  0.00e+00  0.00e+00  0.00e+00  0.00e+00  0.00e+00  0.00e+00  0.00e+00  0.00e+00  0.00e+00  0.00e+00  0.00e+00  0.00e+00  0.00e+00  0.00e+00  0.00e+00  0.00e+00 
5.26e+10 2.77e+09 6.07e+10 3.19e+09   17    6     -1        0  1.90e+07  3.45e+07  2.45e+06  0.00e+00  0.00e+00  0.00e+00  0.00e+00  0.00e+00  0.00e+00  0.00e+00  0.00e+00  0.00e+00  0.00e+00  0.00e+00  0.00e+00  0.00e+00  0.00e+00  0.00e+00  0.00e+00  0.00e+00  0.00e+00 
5.26e+10 3.62e+09 6.07e+10 4.17e+09   17    7     -1        0  2.37e+07  3.25e+07  3.43e+06  0.00e+00  0.00e+00  0.00e+00  0.00e+00  0.00e+00  0.00e+00  0.00e+00  0.00e+00  0.00e+00  0.00e+00  0.00e+00  0.00e+00  0.00e+00  0.00e+00  0.00e+00  0.00e+00  0.00e+00  0.00e+00 
5.26e+10 4.73e+09 6.07e+10 5.45e+09   17    8      1        2  2.91e+07  3.04e+07  4.83e+06  4.39e+29  0.00e+00  8.24e-18  3.24e+02  5.68e+04  0.00e+00  0.00e+00  0.00e+00  0.00e+00  0.00e+00 -6.63e+18  2.10e+18 -1.38e+19       inf       inf  1.73e+04  0.00e+00  1.28e+04 
5.26e+10 6.18e+09 6.07e+10 7.12e+09   17    9      1        0  3.53e+07  2.81e+07  6.82e+06  1.03e+31  0.00e+00  8.45e-18  3.72e+02  5.57e+04  0.00e+00  0.00e+00  0.00e+00  0.00e+00  0.00e+00 -1.87e+20 -6.14e+19 -3.24e+19       inf       inf  7.91e+04  0.00e+00  5.67e+04 
5.26e+10 8.07e+09 6.07e+10 9.31e+09   17   10      1        0  4.23e+07  2.58e+07  9.69e+06  2.97e+31  0.00e+00  8.24e-18  2.87e+02  5.50e+04  0.00e+00  0.00e+00  0.00e+00  0.00e+00  0.00e+00 -4.11e+20 -2.10e+19 -8.44e+19       inf       inf  1.60e+05  0.00e+00  1.10e+05 
5.26e+10 1.05e+10 6.07e+10 1.22e+10   17   11      0        0  5.01e+07  2.35e+07  1.38e+07  3.99e+31  7.53e-14  3.82e+10  2.22e+04  5.47e+04  3.57e-07  8.08e-04  1.70e-02  6.22e-01  1.00e-20 -8.62e+20 -5.98e+19 -3.58e+20  1.12e+01  1.50e+02  2.75e+05  0.00e+00  1.86e+05 
5.26e+10 1.38e+10 6.07e+10 1.59e+10   17   12      0        0  5.88e+07  2.13e+07  1.99e+07  5.21e+31  3.46e-14  1.76e+10  2.14e+04  5.50e+04  1.27e-07  1.54e-04  4.11e-03  3.41e-01  1.00e-20 -8.92e+20  3.51e+19 -3.76e+20  3.17e+01  4.44e+02  4.64e+05  0.00e+00  3.14e+05 
5.26e+10 1.80e+10 6.07e+10 2.08e+10   17   13      0        0  6.86e+07  1.91e+07  2.87e+07  6.81e+31  1.55e-14  7.86e+09  1.66e+04  5.50e+04  5.39e-08  5.17e-05  1.49e-03  1.51e-01  1.00e-20 -1.12e+21  4.51e+18 -3.44e+20  9.14e+01  1.26e+03  7.65e+05  0.00e+00  5.16e+05 
5.26e+10 2.36e+10 6.07e+10 2.72e+10   17   14      0        0  7.93e+07  1.71e+07  4.15e+07  8.90e+31  6.77e-15  3.44e+09  1.04e+04  5.50e+04  2.70e-08  2.23e-05  7.07e-04  7.89e-02  1.00e-20 -8.74e+20 -5.87e+19 -3.18e+20  2.63e+02  3.62e+03  1.20e+06  0.00e+00  8.13e+05 
5.26e+10 3.08e+10 6.07e+10 3.55e+10   17   15      0        0  9.09e+07  1.52e+07  6.01e+07  1.16e+32  2.92e-15  1.48e+09  6.11e+03  5.52e+04  1.43e-08  1.05e-05  3.61e-04  4.21e-02  1.00e-20 -8.77e+20 -4.49e+19 -6.68e+20  7.31e+02  1.01e+04  1.76e+06  0.00e+00  1.20e+06 
5.26e+10 4.02e+10 6.07e+10 4.64e+10   17   16      0        0  1.03e+08  1.35e+07  8.67e+07  1.52e+32  1.25e-15  6.33e+08  3.52e+03  5.55e+04  8.03e-09  5.35e-06  1.98e-04  2.34e-02  1.00e-20 -5.72e+20 -4.21e+19 -4.26e+20  1.90e+03  2.59e+04  2.32e+06  0.00e+00  1.59e+06 
5.26e+10 5.26e+10 6.07e+10 6.07e+10   17   17      0        0  1.15e+08  1.19e+07  1.24e+08  1.99e+32  5.32e-16  2.70e+08  2.02e+03  5.58e+04  4.86e-09  3.03e-06  1.20e-04  1.40e-02  1.00e-20 -4.87e+20 -5.47e+19 -4.96e+20  4.43e+03  6.09e+04  2.68e+06  0.00e+00  1.85e+06 
5.26e+10 6.87e+10 6.07e+10 7.93e+10   17   18      0        0  1.27e+08  1.05e+07  1.75e+08  2.60e+32  2.29e-16  1.16e+08  1.17e+03  5.60e+04  3.23e-09  1.97e-06  8.19e-05  9.64e-03  1.00e-20 -4.12e+20  1.32e+20 -5.67e+20  9.14e+03  1.26e+05  2.68e+06  0.00e+00  1.86e+06 
5.26e+10 8.98e+10 6.07e+10 1.04e+11   17   19      0        0  1.36e+08  9.26e+06  2.43e+08  3.40e+32  9.96e-17  5.06e+07  6.80e+02  5.62e+04  2.38e-09  1.44e-06  6.21e-05  7.23e-03  1.00e-20 -2.68e+20  2.10e+19 -4.13e+20  1.66e+04  2.31e+05  2.34e+06  0.00e+00  1.62e+06 
5.26e+10 1.17e+11 6.07e+10 1.35e+11   17   20      0        0  1.43e+08  8.14e+06  3.29e+08  4.44e+32  4.42e-17  2.25e+07  4.00e+02  5.63e+04  1.93e-09  1.17e-06  5.26e-05  6.14e-03  1.00e-20 -8.62e+19 -2.10e+19 -2.30e+20  2.70e+04  3.75e+05  1.81e+06  0.00e+00  1.26e+06 
5.26e+10 1.53e+11 6.07e+10 1.77e+11   17   21      0        0  1.46e+08  7.15e+06  4.36e+08  5.80e+32  2.00e-17  1.02e+07  2.38e+02  5.63e+04  1.70e-09  1.05e-06  4.85e-05  5.70e-03  1.00e-20 -1.58e+19 -2.87e+19 -1.44e+20  3.98e+04  5.56e+05  1.28e+06  0.00e+00  8.88e+05 
5.26e+10 2.01e+11 6.07e+10 2.31e+11   17   22      0        0  1.45e+08  6.27e+06  5.63e+08  7.58e+32  9.26e-18  4.70e+06  1.40e+02  5.63e+04  1.62e-09  1.02e-06  4.72e-05  5.36e-03  1.00e-20 -1.56e+19  1.12e+19 -2.66e+19  5.47e+04  7.55e+05  8.44e+05  0.00e+00  5.87e+05 
5.26e+10 2.62e+11 6.07e+10 3.02e+11   17   23      1        2  1.41e+08  5.50e+06  7.11e+08  7.97e+32  0.00e+00  8.24e-18  2.18e+01  5.61e+04  0.00e+00  0.00e+00  0.00e+00  0.00e+00  0.00e+00 -9.95e+18  4.33e+18 -2.75e+18       inf       inf  4.09e+05  0.00e+00  2.84e+05 
5.26e+10 3.43e+11 6.07e+10 3.95e+11   17   24      1        2  1.22e+08  5.28e+06  8.05e+08  8.25e+31  0.00e+00  8.24e-18  2.18e+01  5.61e+04  0.00e+00  0.00e+00  0.00e+00  0.00e+00  0.00e+00  0.00e+00  0.00e+00  0.00e+00       inf       inf  7.93e+04  0.00e+00  5.50e+04 
5.26e+10 4.48e+11 6.07e+10 5.17e+11   17   25     -1        0  1.00e+08  5.28e+06  8.60e+08  0.00e+00  0.00e+00  0.00e+00  0.00e+00  0.00e+00  0.00e+00  0.00e+00  0.00e+00  0.00e+00  0.00e+00  0.00e+00  0.00e+00  0.00e+00  0.00e+00  0.00e+00  0.00e+00  0.00e+00  0.00e+00 
5.26e+10 5.85e+11 6.07e+10 6.75e+11   17   26     -1        0  8.08e+07  5.28e+06  9.06e+08  0.00e+00  0.00e+00  0.00e+00  0.00e+00  0.00e+00  0.00e+00  0.00e+00  0.00e+00  0.00e+00  0.00e+00  0.00e+00  0.00e+00  0.00e+00  0.00e+00  0.00e+00  0.00e+00  0.00e+00  0.00e+00 
5.26e+10 7.65e+11 6.07e+10 8.83e+11   17   27     -1        0  6.45e+07  5.28e+06  9.43e+08  0.00e+00  0.00e+00  0.00e+00  0.00e+00  0.00e+00  0.00e+00  0.00e+00  0.00e+00  0.00e+00  0.00e+00  0.00e+00  0.00e+00  0.00e+00  0.00e+00  0.00e+00  0.00e+00  0.00e+00  0.00e+00 
5.26e+10 1.00e+12 6.07e+10 1.15e+12   17   28     -1        0  5.10e+07  5.28e+06  9.73e+08  0.00e+00  0.00e+00  0.00e+00  0.00e+00  0.00e+00  0.00e+00  0.00e+00  0.00e+00  0.00e+00  0.00e+00  0.00e+00  0.00e+00  0.00e+00  0.00e+00  0.00e+00  0.00e+00  0.00e+00  0.00e+00 
5.26e+10 1.31e+12 6.07e+10 1.51e+12   17   29     -1        0  4.00e+07  5.28e+06  9.97e+08  0.00e+00  0.00e+00  0.00e+00  0.00e+00  0.00e+00  0.00e+00  0.00e+00  0.00e+00  0.00e+00  0.00e+00  0.00e+00  0.00e+00  0.00e+00  0.00e+00  0.00e+00  0.00e+00  0.00e+00  0.00e+00 
6.87e+10 0.00e+00 7.93e+10 3.63e+08   18    0     -1        0  7.63e+05  3.93e+07  4.43e+04  0.00e+00  0.00e+00  0.00e+00  0.00e+00  0.00e+00  0.00e+00  0.00e+00  0.00e+00  0.00e+00  0.00e+00  0.00e+00  0.00e+00  0.00e+00  0.00e+00  0.00e+00  0.00e+00  0.00e+00  0.00e+00 
6.87e+10 7.25e+08 7.93e+10 8.37e+08   18    1     -1        0  6.26e+06  3.61e+07  4.30e+05  0.00e+00  0.00e+00  0.00e+00  0.00e+00  0.00e+00  0.00e+00  0.00e+00  0.00e+00  0.00e+00  0.00e+00  0.00e+00  0.00e+00  0.00e+00  0.00e+00  0.00e+00  0.00e+00  0.00e+00  0.00e+00 
6.87e+10 9.48e+08 7.93e+10 1.09e+09   18    2     -1        0  8.25e+06  3.53e+07  5.92e+05  0.00e+00  0.00e+00  0.00e+00  0.00e+00  0.00e+00  0.00e+00  0.00e+00  0.00e+00  0.00e+00  0.00e+00  0.00e+00  0.00e+00  0.00e+00  0.00e+00  0.00e+00  0.00e+00  0.00e+00  0.00e+00 
6.87e+10 1.24e+09 7.93e+10 1.43e+09   18    3     -1        0  1.08e+07  3.43e+07  8.20e+05  0.00e+00  0.00e+00  0.00e+00  0.00e+00  0.00e+00  0.00e+00  0.00e+00  0.00e+00  0.00e+00  0.00e+00  0.00e+00  0.00e+00  0.00e+00  0.00e+00  0.00e+00  0.00e+00  0.00e+00  0.00e+00 
6.87e+10 1.62e+09 7.93e+10 1.87e+09   18    4     -1        0  1.39e+07  3.31e+07  1.13e+06  0.00e+00  0.00e+00  0.00e+00  0.00e+00  0.00e+00  0.00e+00  0.00e+00  0.00e+00  0.00e+00  0.00e+00  0.00e+00  0.00e+00  0.00e+00  0.00e+00  0.00e+00  0.00e+00  0.00e+00  0.00e+00 
6.87e+10 2.12e+09 7.93e+10 2.44e+09   18    5     -1        0  1.77e+07  3.18e+07  1.57e+06  0.00e+00  0.00e+00  0.00e+00  0.00e+00  0.00e+00  0.00e+00  0.00e+00  0.00e+00  0.00e+00  0.00e+00  0.00e+00  0.00e+00  0.00e+00  0.00e+00  0.00e+00  0.00e+00  0.00e+00  0.00e+00 
6.87e+10 2.77e+09 7.93e+10 3.19e+09   18    6     -1        0  2.22e+07  3.02e+07  2.18e+06  0.00e+00  0.00e+00  0.00e+00  0.00e+00  0.00e+00  0.00e+00  0.00e+00  0.00e+00  0.00e+00  0.00e+00  0.00e+00  0.00e+00  0.00e+00  0.00e+00  0.00e+00  0.00e+00  0.00e+00  0.00e+00 
6.87e+10 3.62e+09 7.93e+10 4.17e+09   18    7     -1        0  2.74e+07  2.85e+07  3.03e+06  0.00e+00  0.00e+00  0.00e+00  0.00e+00  0.00e+00  0.00e+00  0.00e+00  0.00e+00  0.00e+00  0.00e+00  0.00e+00  0.00e+00  0.00e+00  0.00e+00  0.00e+00  0.00e+00  0.00e+00  0.00e+00 
6.87e+10 4.73e+09 7.93e+10 5.45e+09   18    8     -1        0  3.33e+07  2.66e+07  4.22e+06  0.00e+00  0.00e+00  0.00e+00  0.00e+00  0.00e+00  0.00e+00  0.00e+00  0.00e+00  0.00e+00  0.00e+00  0.00e+00  0.00e+00  0.00e+00  0.00e+00  0.00e+00  0.00e+00  0.00e+00  0.00e+00 
6.87e+10 6.18e+09 7.93e+10 7.12e+09   18    9     -1        0  4.00e+07  2.46e+07  5.92e+06  0.00e+00  0.00e+00  0.00e+00  0.00e+00  0.00e+00  0.00e+00  0.00e+00  0.00e+00  0.00e+00  0.00e+00  0.00e+00  0.00e+00  0.00e+00  0.00e+00  0.00e+00  0.00e+00  0.00e+00  0.00e+00 
6.87e+10 8.07e+09 7.93e+10 9.31e+09   18   10      1        2  4.75e+07  2.26e+07  8.34e+06  8.42e+30  0.00e+00  8.24e-18  2.41e+02  5.57e+04  0.00e+00  0.00e+00  0.00e+00  0.00e+00  0.00e+00 -1.10e+19  7.53e+18  2.21e+19       inf       inf  5.36e+04  0.00e+00  3.84e+04 
6.87e+10 1.05e+10 7.93e+10 1.22e+10   18   11      1        0  5.59e+07  2.06e+07  1.18e+07  5.61e+31  0.00e+00  8.45e-18  1.84e+02  5.51e+04  0.00e+00  0.00e+00  0.00e+00  0.00e+00  0.00e+00 -2.76e+20 -4.06e+19 -5.08e+19       inf       inf  1.41e+05  0.00e+00  9.77e+04 
6.87e+10 1.38e+10 7.93e+10 1.59e+10   18   12      0        0  6.53e+07  1.86e+07  1.69e+07  8.90e+31  4.13e-14  2.10e+10  2.16e+04  5.48e+04  3.40e-07  8.00e-04  1.70e-02  6.27e-01  1.00e-20 -7.14e+20 -8.40e+18 -2.12e+20  1.18e+01  1.63e+02  2.68e+05  0.00e+00  1.82e+05 
6.87e+10 1.80e+10 7.93e+10 2.08e+10   18   13      0        0  7.58e+07  1.67e+07  2.43e+07  1.16e+32  1.86e-14  9.42e+09  1.90e+04  5.51e+04  1.27e-07  1.56e-04  4.23e-03  3.51e-01  1.00e-20 -1.01e+21  6.72e+19 -3.28e+20  3.41e+01  4.76e+02  4.54e+05  0.00e+00  3.08e+05 
6.87e+10 2.36e+10 7.93e+10 2.72e+10   18   14      0        0  8.73e+07  1.50e+07  3.50e+07  1.52e+32  8.14e-15  4.14e+09  1.28e+04  5.51e+04  5.80e-08  5.55e-05  1.66e-03  1.65e-01  1.00e-20 -7.63e+20 -3.42e+19 -2.52e+20  1.00e+02  1.39e+03  7.53e+05  0.00e+00  5.10e+05 
6.87e+10 3.08e+10 7.93e+10 3.55e+10   18   15      0        0  9.98e+07  1.33e+07  5.05e+07  1.99e+32  3.51e-15  1.78e+09  7.62e+03  5.51e+04  2.89e-08  2.40e-05  7.91e-04  8.81e-02  1.00e-20 -9.33e+20 -1.31e+19 -3.79e+20  2.94e+02  4.02e+03  1.19e+06  0.00e+00  8.07e+05 
6.87e+10 4.02e+10 7.93e+10 4.64e+10   18   16      0        0  1.13e+08  1.18e+07  7.28e+07  2.60e+32  1.50e-15  7.61e+08  4.40e+03  5.53e+04  1.49e-08  1.13e-05  4.02e-04  4.68e-02  1.00e-20 -4.02e+20 -3.11e+19 -2.84e+20  8.26e+02  1.14e+04  1.75e+06  0.00e+00  1.19e+06 
6.87e+10 5.26e+10 7.93e+10 6.07e+10   18   17      0        0  1.27e+08  1.04e+07  1.04e+08  3.40e+32  6.38e-16  3.24e+08  2.52e+03  5.55e+04  8.20e-09  5.67e-06  2.19e-04  2.59e-02  1.00e-20 -3.99e+20  4.26e+19 -2.72e+20  2.16e+03  2.96e+04  2.31e+06  0.00e+00  1.59e+06 
6.87e+10 6.87e+10 7.93e+10 7.93e+10   18   18      0        0  1.40e+08  9.20e+06  1.48e+08  4.44e+32  2.73e-16  1.39e+08  1.45e+03  5.58e+04  4.92e-09  3.20e-06  1.31e-04  1.56e-02  1.00e-20 -3.33e+20  2.57e+19 -3.12e+20  5.04e+03  6.88e+04  2.68e+06  0.00e+00  1.84e+06 
6.87e+10 8.98e+10 7.93e+10 1.04e+11   18   19      0        0  1.51e+08  8.10e+06  2.06e+08  5.80e+32  1.18e-16  5.99e+07  8.39e+02  5.59e+04  3.30e-09  2.08e-06  8.98e-05  1.07e-02  1.00e-20 -2.76e+20  7.84e+19 -4.24e+20  1.03e+04  1.44e+05  2.68e+06  0.00e+00  1.85e+06 
6.87e+10 1.17e+11 7.93e+10 1.35e+11   18   20      0        0  1.59e+08  7.12e+06  2.81e+08  7.58e+32  5.19e-17  2.64e+07  4.92e+02  5.61e+04  2.45e-09  1.53e-06  6.82e-05  8.04e-03  1.00e-20 -1.30e+20 -1.12e+19 -2.52e+20  1.86e+04  2.56e+05  2.34e+06  0.00e+00  1.62e+06 
6.87e+10 1.53e+11 7.93e+10 1.77e+11   18   21      0        0  1.63e+08  6.25e+06  3.74e+08  9.91e+32  2.34e-17  1.19e+07  2.92e+02  5.61e+04  2.02e-09  1.26e-06  5.79e-05  6.82e-03  1.00e-20 -5.18e+19  7.12e+18 -1.88e+20  2.98e+04  4.07e+05  1.81e+06  0.00e+00  1.26e+06 
6.87e+10 2.01e+11 7.93e+10 2.31e+11   18   22      0        0  1.63e+08  5.49e+06  4.86e+08  1.30e+33  1.07e-17  5.45e+06  1.77e+02  5.61e+04  1.80e-09  1.13e-06  5.33e-05  6.34e-03  1.00e-20 -2.73e+19 -1.73e+19 -8.80e+19  4.33e+04  5.98e+05  1.28e+06  0.00e+00  8.86e+05 
6.87e+10 2.62e+11 7.93e+10 3.02e+11   18   23      0        1  1.59e+08  4.81e+06  6.17e+08  1.69e+33  5.03e-18  2.56e+06  9.61e+01  5.61e+04  1.82e-09  1.16e-06  5.48e-05  6.29e-03  1.00e-20  1.04e+19  7.72e+18 -3.17e+19  5.86e+04  8.17e+05  8.44e+05  0.00e+00  5.86e+05 
6.87e+10 3.43e+11 7.93e+10 3.95e+11   18   24      1        2  1.52e+08  4.21e+06  7.67e+08  1.79e+33  0.00e+00  8.24e-18  2.18e+01  5.60e+04  0.00e+00  0.00e+00  0.00e+00  0.00e+00  0.00e+00  0.00e+00  0.00e+00  0.00e+00       inf       inf  4.11e+05  0.00e+00  2.85e+05 
6.87e+10 4.48e+11 7.93e+10 5.17e+11   18   25      1        2  1.30e+08  4.04e+06  8.57e+08  1.95e+32  0.00e+00  8.24e-18  2.18e+01  5.59e+04  0.00e+00  0.00e+00  0.00e+00  0.00e+00  0.00e+00  0.00e+00  0.00e+00  0.00e+00       inf       inf  8.13e+04  0.00e+00  5.62e+04 
6.87e+10 5.85e+11 7.93e+10 6.75e+11   18   26     -1        0  1.05e+08  4.04e+06  9.03e+08  0.00e+00  0.00e+00  0.00e+00  0.00e+00  0.00e+00  0.00e+00  0.00e+00  0.00e+00  0.00e+00  0.00e+00  0.00e+00  0.00e+00  0.00e+00  0.00e+00  0.00e+00  0.00e+00  0.00e+00  0.00e+00 
6.87e+10 7.65e+11 7.93e+10 8.83e+11   18   27     -1        0  8.42e+07  4.04e+06  9.42e+08  0.00e+00  0.00e+00  0.00e+00  0.00e+00  0.00e+00  0.00e+00  0.00e+00  0.00e+00  0.00e+00  0.00e+00  0.00e+00  0.00e+00  0.00e+00  0.00e+00  0.00e+00  0.00e+00  0.00e+00  0.00e+00 
6.87e+10 1.00e+12 7.93e+10 1.15e+12   18   28     -1        0  6.66e+07  4.04e+06  9.72e+08  0.00e+00  0.00e+00  0.00e+00  0.00e+00  0.00e+00  0.00e+00  0.00e+00  0.00e+00  0.00e+00  0.00e+00  0.00e+00  0.00e+00  0.00e+00  0.00e+00  0.00e+00  0.00e+00  0.00e+00  0.00e+00 
6.87e+10 1.31e+12 7.93e+10 1.51e+12   18   29     -1        0  5.23e+07  4.04e+06  9.97e+08  0.00e+00  0.00e+00  0.00e+00  0.00e+00  0.00e+00  0.00e+00  0.00e+00  0.00e+00  0.00e+00  0.00e+00  0.00e+00  0.00e+00  0.00e+00  0.00e+00  0.00e+00  0.00e+00  0.00e+00  0.00e+00 
8.98e+10 0.00e+00 1.04e+11 3.63e+08   19    0     -1        0  6.92e+05  3.44e+07  3.07e+04  0.00e+00  0.00e+00  0.00e+00  0.00e+00  0.00e+00  0.00e+00  0.00e+00  0.00e+00  0.00e+00  0.00e+00  0.00e+00  0.00e+00  0.00e+00  0.00e+00  0.00e+00  0.00e+00  0.00e+00  0.00e+00 
8.98e+10 7.25e+08 1.04e+11 8.37e+08   19    1     -1        0  7.46e+06  3.16e+07  3.91e+05  0.00e+00  0.00e+00  0.00e+00  0.00e+00  0.00e+00  0.00e+00  0.00e+00  0.00e+00  0.00e+00  0.00e+00  0.00e+00  0.00e+00  0.00e+00  0.00e+00  0.00e+00  0.00e+00  0.00e+00  0.00e+00 
8.98e+10 9.48e+08 1.04e+11 1.09e+09   19    2     -1        0  9.80e+06  3.09e+07  5.38e+05  0.00e+00  0.00e+00  0.00e+00  0.00e+00  0.00e+00  0.00e+00  0.00e+00  0.00e+00  0.00e+00  0.00e+00  0.00e+00  0.00e+00  0.00e+00  0.00e+00  0.00e+00  0.00e+00  0.00e+00  0.00e+00 
8.98e+10 1.24e+09 1.04e+11 1.43e+09   19    3     -1        0  1.27e+07  3.00e+07  7.40e+05  0.00e+00  0.00e+00  0.00e+00  0.00e+00  0.00e+00  0.00e+00  0.00e+00  0.00e+00  0.00e+00  0.00e+00  0.00e+00  0.00e+00  0.00e+00  0.00e+00  0.00e+00  0.00e+00  0.00e+00  0.00e+00 
8.98e+10 1.62e+09 1.04e+11 1.87e+09   19    4     -1        0  1.63e+07  2.90e+07  1.02e+06  0.00e+00  0.00e+00  0.00e+00  0.00e+00  0.00e+00  0.00e+00  0.00e+00  0.00e+00  0.00e+00  0.00e+00  0.00e+00  0.00e+00  0.00e+00  0.00e+00  0.00e+00  0.00e+00  0.00e+00  0.00e+00 
8.98e+10 2.12e+09 1.04e+11 2.44e+09   19    5     -1        0  2.05e+07  2.78e+07  1.39e+06  0.00e+00  0.00e+00  0.00e+00  0.00e+00  0.00e+00  0.00e+00  0.00e+00  0.00e+00  0.00e+00  0.00e+00  0.00e+00  0.00e+00  0.00e+00  0.00e+00  0.00e+00  0.00e+00  0.00e+00  0.00e+00 
8.98e+10 2.77e+09 1.04e+11 3.19e+09   19    6     -1        0  2.54e+07  2.64e+07  1.91e+06  0.00e+00  0.00e+00  0.00e+00  0.00e+00  0.00e+00  0.00e+00  0.00e+00  0.00e+00  0.00e+00  0.00e+00  0.00e+00  0.00e+00  0.00e+00  0.00e+00  0.00e+00  0.00e+00  0.00e+00  0.00e+00 
8.98e+10 3.62e+09 1.04e+11 4.17e+09   19    7     -1        0  3.10e+07  2.49e+07  2.62e+06  0.00e+00  0.00e+00  0.00e+00  0.00e+00  0.00e+00  0.00e+00  0.00e+00  0.00e+00  0.00e+00  0.00e+00  0.00e+00  0.00e+00  0.00e+00  0.00e+00  0.00e+00  0.00e+00  0.00e+00  0.00e+00 
8.98e+10 4.73e+09 1.04e+11 5.45e+09   19    8     -1        0  3.73e+07  2.33e+07  3.61e+06  0.00e+00  0.00e+00  0.00e+00  0.00e+00  0.00e+00  0.00e+00  0.00e+00  0.00e+00  0.00e+00  0.00e+00  0.00e+00  0.00e+00  0.00e+00  0.00e+00  0.00e+00  0.00e+00  0.00e+00  0.00e+00 
8.98e+10 6.18e+09 1.04e+11 7.12e+09   19    9     -1        0  4.43e+07  2.15e+07  5.02e+06  0.00e+00  0.00e+00  0.00e+00  0.00e+00  0.00e+00  0.00e+00  0.00e+00  0.00e+00  0.00e+00  0.00e+00  0.00e+00  0.00e+00  0.00e+00  0.00e+00  0.00e+00  0.00e+00  0.00e+00  0.00e+00 
8.98e+10 8.07e+09 1.04e+11 9.31e+09   19   10     -1        0  5.22e+07  1.98e+07  7.01e+06  0.00e+00  0.00e+00  0.00e+00  0.00e+00  0.00e+00  0.00e+00  0.00e+00  0.00e+00  0.00e+00  0.00e+00  0.00e+00  0.00e+00  0.00e+00  0.00e+00  0.00e+00  0.00e+00  0.00e+00  0.00e+00 
8.98e+10 1.05e+10 1.04e+11 1.22e+10   19   11      1        2  6.10e+07  1.80e+07  9.88e+06  4.77e+30  0.00e+00  8.45e-18  1.46e+02  5.57e+04  0.00e+00  0.00e+00  0.00e+00  0.00e+00  0.00e+00 -4.41e+19  8.42e+18 -1.17e+19       inf       inf  2.81e+04  0.00e+00  2.00e+04 
8.98e+10 1.38e+10 1.04e+11 1.59e+10   19   12      1        1  7.08e+07  1.63e+07  1.40e+07  9.54e+31  0.00e+00  8.45e-18  1.06e+02  5.51e+04  0.00e+00  0.00e+00  0.00e+00  0.00e+00  0.00e+00 -2.05e+20 -4.80e+19 -3.23e+19       inf       inf  1.23e+05  0.00e+00  8.55e+04 
8.98e+10 1.80e+10 1.04e+11 2.08e+10   19   13      0        0  8.18e+07  1.46e+07  2.00e+07  1.99e+32  2.28e-14  1.16e+10  2.06e+04  5.48e+04  3.32e-07  8.11e-04  1.70e-02  6.34e-01  1.00e-20 -5.71e+20  6.13e+18 -9.84e+19  1.23e+01  1.74e+02  2.62e+05  0.00e+00  1.78e+05 
8.98e+10 2.36e+10 1.04e+11 2.72e+10   19   14      0        0  9.39e+07  1.31e+07  2.88e+07  2.60e+32  1.00e-14  5.09e+09  1.59e+04  5.51e+04  1.34e-07  1.66e-04  4.63e-03  3.82e-01  1.00e-20 -7.02e+20 -8.86e+18 -2.72e+20  3.64e+01  5.18e+02  4.46e+05  0.00e+00  3.03e+05 
8.98e+10 3.08e+10 1.04e+11 3.55e+10   19   15      0        0  1.07e+08  1.16e+07  4.15e+07  3.40e+32  4.33e-15  2.20e+09  9.79e+03  5.51e+04  6.31e-08  6.02e-05  1.86e-03  1.84e-01  1.00e-20 -7.20e+20 -3.62e+19 -2.37e+20  1.10e+02  1.53e+03  7.45e+05  0.00e+00  5.06e+05 
8.98e+10 4.02e+10 1.04e+11 4.64e+10   19   16      0        0  1.22e+08  1.03e+07  5.98e+07  4.44e+32  1.84e-15  9.37e+08  5.68e+03  5.51e+04  3.09e-08  2.58e-05  8.84e-04  9.79e-02  1.00e-20 -5.22e+20  1.14e+20 -3.13e+20  3.25e+02  4.49e+03  1.18e+06  0.00e+00  8.03e+05 
8.98e+10 5.26e+10 1.04e+11 6.07e+10   19   17      0        0  1.36e+08  9.13e+06  8.59e+07  5.80e+32  7.82e-16  3.97e+08  3.24e+03  5.53e+04  1.57e-08  1.20e-05  4.46e-04  5.18e-02  1.00e-20 -4.30e+20 -5.88e+19 -3.01e+20  9.22e+02  1.26e+04  1.74e+06  0.00e+00  1.19e+06 
8.98e+10 6.87e+10 1.04e+11 7.93e+10   19   18      0        0  1.51e+08  8.05e+06  1.22e+08  7.58e+32  3.32e-16  1.69e+08  1.85e+03  5.55e+04  8.53e-09  6.01e-06  2.41e-04  2.85e-02  1.00e-20 -4.04e+20 -1.08e+19 -2.78e+20  2.42e+03  3.31e+04  2.31e+06  0.00e+00  1.58e+06 
8.98e+10 8.98e+10 1.04e+11 1.04e+11   19   19      0        0  1.64e+08  7.09e+06  1.72e+08  9.91e+32  1.42e-16  7.23e+07  1.06e+03  5.57e+04  5.11e-09  3.39e-06  1.44e-04  1.70e-02  1.00e-20 -2.15e+20  1.03e+19 -2.18e+20  5.63e+03  7.74e+04  2.68e+06  0.00e+00  1.84e+06 
8.98e+10 1.17e+11 1.04e+11 1.35e+11   19   20      0        0  1.75e+08  6.23e+06  2.36e+08  1.30e+33  6.20e-17  3.15e+07  6.17e+02  5.59e+04  3.43e-09  2.21e-06  9.86e-05  1.18e-02  1.00e-20 -2.69e+20 -5.13e+19 -2.89e+20  1.14e+04  1.59e+05  2.68e+06  0.00e+00  1.85e+06 
8.98e+10 1.53e+11 1.04e+11 1.77e+11   19   21      0        0  1.81e+08  5.47e+06  3.18e+08  1.69e+33  2.76e-17  1.40e+07  3.63e+02  5.60e+04  2.58e-09  1.64e-06  7.51e-05  8.93e-03  1.00e-20 -1.94e+20 -2.04e+19 -2.18e+20  2.04e+04  2.83e+05  2.34e+06  0.00e+00  1.62e+06 
8.98e+10 2.01e+11 1.04e+11 2.31e+11   19   22      0        0  1.83e+08  4.80e+06  4.16e+08  2.21e+33  1.26e-17  6.38e+06  2.17e+02  5.60e+04  2.15e-09  1.36e-06  6.41e-05  7.62e-03  1.00e-20 -9.54e+19  7.56e+18 -1.30e+20  3.23e+04  4.46e+05  1.81e+06  0.00e+00  1.25e+06 
8.98e+10 2.62e+11 1.04e+11 3.02e+11   19   23      0        0  1.79e+08  4.21e+06  5.32e+08  2.89e+33  5.84e-18  2.97e+06  1.29e+02  5.60e+04  1.96e-09  1.25e-06  6.01e-05  7.20e-03  1.00e-20 -5.94e+19  2.94e+18 -8.19e+19  4.64e+04  6.46e+05  1.28e+06  0.00e+00  8.85e+05 
8.98e+10 3.43e+11 1.04e+11 3.95e+11   19   24      0        2  1.72e+08  3.69e+06  6.64e+08  3.78e+33  2.77e-18  1.41e+06  9.20e+01  5.60e+04  1.75e-09  1.13e-06  5.37e-05  5.73e-03  1.00e-20  1.83e+19  1.17e+18 -4.42e+19  6.20e+04  8.58e+05  8.44e+05  0.00e+00  5.85e+05 
8.98e+10 4.48e+11 1.04e+11 5.17e+11   19   25      1        2  1.62e+08  3.23e+06  8.14e+08  4.03e+33  0.00e+00  8.24e-18  2.18e+01  5.59e+04  0.00e+00  0.00e+00  0.00e+00  0.00e+00  0.00e+00  0.00e+00  0.00e+00  0.00e+00       inf       inf  4.12e+05  0.00e+00  2.85e+05 
8.98e+10 5.85e+11 1.04e+11 6.75e+11   19   26      1        2  1.37e+08  3.09e+06  9.00e+08  4.55e+32  0.00e+00  8.24e-18  2.18e+01  5.58e+04  0.00e+00  0.00e+00  0.00e+00  0.00e+00  0.00e+00  0.00e+00  0.00e+00  0.00e+00       inf       inf  8.26e+04  0.00e+00  5.70e+04 
8.98e+10 7.65e+11 1.04e+11 8.83e+11   19   27     -1        0  1.10e+08  3.09e+06  9.39e+08  0.00e+00  0.00e+00  0.00e+00  0.00e+00  0.00e+00  0.00e+00  0.00e+00  0.00e+00  0.00e+00  0.00e+00  0.00e+00  0.00e+00  0.00e+00  0.00e+00  0.00e+00  0.00e+00  0.00e+00  0.00e+00 
8.98e+10 1.00e+12 1.04e+11 1.15e+12   19   28     -1        0  8.69e+07  3.09e+06  9.71e+08  0.00e+00  0.00e+00  0.00e+00  0.00e+00  0.00e+00  0.00e+00  0.00e+00  0.00e+00  0.00e+00  0.00e+00  0.00e+00  0.00e+00  0.00e+00  0.00e+00  0.00e+00  0.00e+00  0.00e+00  0.00e+00 
8.98e+10 1.31e+12 1.04e+11 1.51e+12   19   29     -1        0  6.82e+07  3.09e+06  9.96e+08  0.00e+00  0.00e+00  0.00e+00  0.00e+00  0.00e+00  0.00e+00  0.00e+00  0.00e+00  0.00e+00  0.00e+00  0.00e+00  0.00e+00  0.00e+00  0.00e+00  0.00e+00  0.00e+00  0.00e+00  0.00e+00 
1.17e+11 0.00e+00 1.35e+11 3.63e+08   20    0     -1        0  6.27e+05  3.01e+07  2.13e+04  0.00e+00  0.00e+00  0.00e+00  0.00e+00  0.00e+00  0.00e+00  0.00e+00  0.00e+00  0.00e+00  0.00e+00  0.00e+00  0.00e+00  0.00e+00  0.00e+00  0.00e+00  0.00e+00  0.00e+00  0.00e+00 
1.17e+11 7.25e+08 1.35e+11 8.37e+08   20    1     -1        0  8.84e+06  2.77e+07  3.55e+05  0.00e+00  0.00e+00  0.00e+00  0.00e+00  0.00e+00  0.00e+00  0.00e+00  0.00e+00  0.00e+00  0.00e+00  0.00e+00  0.00e+00  0.00e+00  0.00e+00  0.00e+00  0.00e+00  0.00e+00  0.00e+00 
1.17e+11 9.48e+08 1.35e+11 1.09e+09   20    2     -1        0  1.15e+07  2.70e+07  4.85e+05  0.00e+00  0.00e+00  0.00e+00  0.00e+00  0.00e+00  0.00e+00  0.00e+00  0.00e+00  0.00e+00  0.00e+00  0.00e+00  0.00e+00  0.00e+00  0.00e+00  0.00e+00  0.00e+00  0.00e+00  0.00e+00 
1.17e+11 1.24e+09 1.35e+11 1.43e+09   20    3     -1        0  1.48e+07  2.63e+07  6.59e+05  0.00e+00  0.00e+00  0.00e+00  0.00e+00  0.00e+00  0.00e+00  0.00e+00  0.00e+00  0.00e+00  0.00e+00  0.00e+00  0.00e+00  0.00e+00  0.00e+00  0.00e+00  0.00e+00  0.00e+00  0.00e+00 
1.17e+11 1.62e+09 1.35e+11 1.87e+09   20    4     -1        0  1.87e+07  2.54e+07  8.94e+05  0.00e+00  0.00e+00  0.00e+00  0.00e+00  0.00e+00  0.00e+00  0.00e+00  0.00e+00  0.00e+00  0.00e+00  0.00e+00  0.00e+00  0.00e+00  0.00e+00  0.00e+00  0.00e+00  0.00e+00  0.00e+00 
1.17e+11 2.12e+09 1.35e+11 2.44e+09   20    5     -1        0  2.33e+07  2.43e+07  1.21e+06  0.00e+00  0.00e+00  0.00e+00  0.00e+00  0.00e+00  0.00e+00  0.00e+00  0.00e+00  0.00e+00  0.00e+00  0.00e+00  0.00e+00  0.00e+00  0.00e+00  0.00e+00  0.00e+00  0.00e+00  0.00e+00 
1.17e+11 2.77e+09 1.35e+11 3.19e+09   20    6     -1        0  2.84e+07  2.31e+07  1.63e+06  0.00e+00  0.00e+00  0.00e+00  0.00e+00  0.00e+00  0.00e+00  0.00e+00  0.00e+00  0.00e+00  0.00e+00  0.00e+00  0.00e+00  0.00e+00  0.00e+00  0.00e+00  0.00e+00  0.00e+00  0.00e+00 
1.17e+11 3.62e+09 1.35e+11 4.17e+09   20    7     -1        0  3.42e+07  2.18e+07  2.22e+06  0.00e+00  0.00e+00  0.00e+00  0.00e+00  0.00e+00  0.00e+00  0.00e+00  0.00e+00  0.00e+00  0.00e+00  0.00e+00  0.00e+00  0.00e+00  0.00e+00  0.00e+00  0.00e+00  0.00e+00  0.00e+00 
1.17e+11 4.73e+09 1.35e+11 5.45e+09   20    8     -1        0  4.07e+07  2.03e+07  3.02e+06  0.00e+00  0.00e+00  0.00e+00  0.00e+00  0.00e+00  0.00e+00  0.00e+00  0.00e+00  0.00e+00  0.00e+00  0.00e+00  0.00e+00  0.00e+00  0.00e+00  0.00e+00  0.00e+00  0.00e+00  0.00e+00 
1.17e+11 6.18e+09 1.35e+11 7.12e+09   20    9     -1        0  4.79e+07  1.88e+07  4.15e+06  0.00e+00  0.00e+00  0.00e+00  0.00e+00  0.00e+00  0.00e+00  0.00e+00  0.00e+00  0.00e+00  0.00e+00  0.00e+00  0.00e+00  0.00e+00  0.00e+00  0.00e+00  0.00e+00  0.00e+00  0.00e+00 
1.17e+11 8.07e+09 1.35e+11 9.31e+09   20   10     -1        0  5.60e+07  1.73e+07  5.75e+06  0.00e+00  0.00e+00  0.00e+00  0.00e+00  0.00e+00  0.00e+00  0.00e+00  0.00e+00  0.00e+00  0.00e+00  0.00e+00  0.00e+00  0.00e+00  0.00e+00  0.00e+00  0.00e+00  0.00e+00  0.00e+00 
1.17e+11 1.05e+10 1.35e+11 1.22e+10   20   11     -1        0  6.49e+07  1.57e+07  8.04e+06  0.00e+00  0.00e+00  0.00e+00  0.00e+00  0.00e+00  0.00e+00  0.00e+00  0.00e+00  0.00e+00  0.00e+00  0.00e+00  0.00e+00  0.00e+00  0.00e+00  0.00e+00  0.00e+00  0.00e+00  0.00e+00 
1.17e+11 1.38e+10 1.35e+11 1.59e+10   20   12      1        2  7.49e+07  1.42e+07  1.13e+07  8.20e+29  0.00e+00  8.24e-18  1.30e+02  5.60e+04  0.00e+00  0.00e+00  0.00e+00  0.00e+00  0.00e+00  0.00e+00  0.00e+00  0.00e+00       inf       inf  8.07e+03  0.00e+00  5.77e+03 
1.17e+11 1.80e+10 1.35e+11 2.08e+10   20   13      1        1  8.61e+07  1.28e+07  1.61e+07  1.50e+32  0.00e+00  8.45e-18  8.16e+01  5.49e+04  0.00e+00  0.00e+00  0.00e+00  0.00e+00  0.00e+00 -1.46e+20  2.60e+19  1.30e+19       inf       inf  1.06e+05  0.00e+00  7.38e+04 
1.17e+11 2.36e+10 1.35e+11 2.72e+10   20   14      1        1  9.86e+07  1.14e+07  2.31e+07  4.42e+32  0.00e+00  8.24e-18  5.31e+01  5.47e+04  0.00e+00  0.00e+00  0.00e+00  0.00e+00  0.00e+00 -2.35e+20  4.02e+18 -2.93e+19       inf       inf  2.52e+05  0.00e+00  1.72e+05 
1.17e+11 3.08e+10 1.35e+11 3.55e+10   20   15      0        0  1.12e+08  1.02e+07  3.33e+07  5.80e+32  5.47e-15  2.78e+09  1.30e+04  5.51e+04  1.45e-07  1.80e-04  5.13e-03  4.09e-01  1.00e-20 -4.91e+20  2.76e+18 -8.11e+19  3.87e+01  5.35e+02  4.42e+05  0.00e+00  3.00e+05 
1.17e+11 4.02e+10 1.35e+11 4.64e+10   20   16      0        0  1.27e+08  9.03e+06  4.80e+07  7.58e+32  2.33e-15  1.18e+09  7.56e+03  5.51e+04  6.89e-08  6.54e-05  2.09e-03  2.03e-01  1.00e-20 -5.15e+20  1.76e+19 -1.25e+20  1.18e+02  1.61e+03  7.40e+05  0.00e+00  5.02e+05 
1.17e+11 5.26e+10 1.35e+11 6.07e+10   20   17      0        0  1.44e+08  7.98e+06  6.91e+07  9.91e+32  9.82e-16  4.99e+08  4.31e+03  5.51e+04  3.31e-08  2.78e-05  9.84e-04  1.08e-01  1.00e-20 -4.18e+20  4.92e+19 -9.57e+19  3.55e+02  4.89e+03  1.18e+06  0.00e+00  8.00e+05 
1.17e+11 6.87e+10 1.35e+11 7.93e+10   20   18      0        0  1.60e+08  7.04e+06  9.90e+07  1.30e+33  4.14e-16  2.10e+08  2.44e+03  5.53e+04  1.66e-08  1.28e-05  4.93e-04  5.73e-02  1.00e-20 -4.23e+20  3.43e+18 -2.29e+20  1.01e+03  1.38e+04  1.74e+06  0.00e+00  1.19e+06 
1.17e+11 8.98e+10 1.35e+11 1.04e+11   20   19      0        0  1.75e+08  6.20e+06  1.40e+08  1.69e+33  1.76e-16  8.92e+07  1.39e+03  5.55e+04  8.99e-09  6.40e-06  2.66e-04  3.14e-02  1.00e-20 -4.21e+20  2.31e+19 -2.97e+20  2.66e+03  3.68e+04  2.31e+06  0.00e+00  1.58e+06 
1.17e+11 1.17e+11 1.35e+11 1.35e+11   20   20      0        0  1.89e+08  5.45e+06  1.95e+08  2.21e+33  7.55e-17  3.84e+07  7.98e+02  5.56e+04  5.39e-09  3.61e-06  1.58e-04  1.88e-02  1.00e-20 -2.33e+20  7.96e+19 -3.02e+20  6.18e+03  8.56e+04  2.68e+06  0.00e+00  1.84e+06 
1.17e+11 1.53e+11 1.35e+11 1.77e+11   20   21      0        0  1.98e+08  4.78e+06  2.65e+08  2.89e+33  3.31e-17  1.68e+07  4.60e+02  5.58e+04  3.65e-09  2.37e-06  1.09e-04  1.31e-02  1.00e-20 -1.87e+20 -4.82e+19 -3.27e+20  1.25e+04  1.72e+05  2.68e+06  0.00e+00  1.85e+06 
1.17e+11 2.01e+11 1.35e+11 2.31e+11   20   22      0        0  2.02e+08  4.20e+06  3.52e+08  3.78e+33  1.49e-17  7.56e+06  2.73e+02  5.59e+04  2.75e-09  1.76e-06  8.28e-05  9.92e-03  1.00e-20 -1.38e+20  1.65e+18 -1.31e+20  2.20e+04  3.04e+05  2.34e+06  0.00e+00  1.62e+06 
1.17e+11 2.62e+11 1.35e+11 3.02e+11   20   23      0        0  2.00e+08  3.68e+06  4.54e+08  4.94e+33  6.85e-18  3.48e+06  1.65e+02  5.60e+04  2.31e-09  1.46e-06  7.07e-05  8.48e-03  1.00e-20 -5.55e+19  3.12e+19 -7.75e+19  3.45e+04  4.79e+05  1.81e+06  0.00e+00  1.25e+06 
1.17e+11 3.43e+11 1.35e+11 3.95e+11   20   24      0        1  1.94e+08  3.22e+06  5.72e+08  6.46e+33  3.23e-18  1.64e+06  9.49e+01  5.60e+04  2.16e-09  1.38e-06  6.82e-05  7.64e-03  1.00e-20 -3.29e+19  2.95e+17 -8.73e+19  4.90e+04  6.86e+05  1.28e+06  0.00e+00  8.84e+05 
1.17e+11 4.48e+11 1.35e+11 5.17e+11   20   25      0        1  1.83e+08  2.82e+06  7.05e+08  8.44e+33  1.55e-18  7.87e+05  5.94e+01  5.60e+04  2.08e-09  1.35e-06  6.57e-05  7.01e-03  1.00e-20 -1.98e+18 -1.81e+17 -3.36e+19  6.49e+04  8.98e+05  8.44e+05  0.00e+00  5.85e+05 
1.17e+11 5.85e+11 1.35e+11 6.75e+11   20   26      1        2  1.70e+08  2.47e+06  8.54e+08  9.04e+33  0.00e+00  8.24e-18  2.18e+01  5.58e+04  0.00e+00  0.00e+00  0.00e+00  0.00e+00  0.00e+00  0.00e+00  0.00e+00  0.00e+00       inf       inf  4.13e+05  0.00e+00  2.86e+05 
1.17e+11 7.65e+11 1.35e+11 8.83e+11   20   27      1        2  1.43e+08  2.36e+06  9.35e+08  1.05e+33  0.00e+00  8.24e-18  2.18e+01  5.57e+04  0.00e+00  0.00e+00  0.00e+00  0.00e+00  0.00e+00  0.00e+00  0.00e+00  0.00e+00       inf       inf  8.35e+04  0.00e+00  5.76e+04 
1.17e+11 1.00e+12 1.35e+11 1.15e+12   20   28     -1        0  1.13e+08  2.36e+06  9.68e+08  0.00e+00  0.00e+00  0.00e+00  0.00e+00  0.00e+00  0.00e+00  0.00e+00  0.00e+00  0.00e+00  0.00e+00  0.00e+00  0.00e+00  0.00e+00  0.00e+00  0.00e+00  0.00e+00  0.00e+00  0.00e+00 
1.17e+11 1.31e+12 1.35e+11 1.51e+12   20   29     -1        0  8.91e+07  2.36e+06  9.94e+08  0.00e+00  0.00e+00  0.00e+00  0.00e+00  0.00e+00  0.00e+00  0.00e+00  0.00e+00  0.00e+00  0.00e+00  0.00e+00  0.00e+00  0.00e+00  0.00e+00  0.00e+00  0.00e+00  0.00e+00  0.00e+00 
1.53e+11 0.00e+00 1.77e+11 3.63e+08   21    0     -1        0  5.68e+05  2.63e+07  1.48e+04  0.00e+00  0.00e+00  0.00e+00  0.00e+00  0.00e+00  0.00e+00  0.00e+00  0.00e+00  0.00e+00  0.00e+00  0.00e+00  0.00e+00  0.00e+00  0.00e+00  0.00e+00  0.00e+00  0.00e+00  0.00e+00 
1.53e+11 7.25e+08 1.77e+11 8.37e+08   21    1     -1        0  1.04e+07  2.42e+07  3.19e+05  0.00e+00  0.00e+00  0.00e+00  0.00e+00  0.00e+00  0.00e+00  0.00e+00  0.00e+00  0.00e+00  0.00e+00  0.00e+00  0.00e+00  0.00e+00  0.00e+00  0.00e+00  0.00e+00  0.00e+00  0.00e+00 
1.53e+11 9.48e+08 1.77e+11 1.09e+09   21    2     -1        0  1.34e+07  2.36e+07  4.30e+05  0.00e+00  0.00e+00  0.00e+00  0.00e+00  0.00e+00  0.00e+00  0.00e+00  0.00e+00  0.00e+00  0.00e+00  0.00e+00  0.00e+00  0.00e+00  0.00e+00  0.00e+00  0.00e+00  0.00e+00  0.00e+00 
1.53e+11 1.24e+09 1.77e+11 1.43e+09   21    3     -1        0  1.69e+07  2.30e+07  5.77e+05  0.00e+00  0.00e+00  0.00e+00  0.00e+00  0.00e+00  0.00e+00  0.00e+00  0.00e+00  0.00e+00  0.00e+00  0.00e+00  0.00e+00  0.00e+00  0.00e+00  0.00e+00  0.00e+00  0.00e+00  0.00e+00 
1.53e+11 1.62e+09 1.77e+11 1.87e+09   21    4     -1        0  2.11e+07  2.22e+07  7.71e+05  0.00e+00  0.00e+00  0.00e+00  0.00e+00  0.00e+00  0.00e+00  0.00e+00  0.00e+00  0.00e+00  0.00e+00  0.00e+00  0.00e+00  0.00e+00  0.00e+00  0.00e+00  0.00e+00  0.00e+00  0.00e+00 
1.53e+11 2.12e+09 1.77e+11 2.44e+09   21    5     -1        0  2.58e+07  2.13e+07  1.03e+06  0.00e+00  0.00e+00  0.00e+00  0.00e+00  0.00e+00  0.00e+00  0.00e+00  0.00e+00  0.00e+00  0.00e+00  0.00e+00  0.00e+00  0.00e+00  0.00e+00  0.00e+00  0.00e+00  0.00e+00  0.00e+00 
1.53e+11 2.77e+09 1.77e+11 3.19e+09   21    6     -1        0  3.11e+07  2.02e+07  1.37e+06  0.00e+00  0.00e+00  0.00e+00  0.00e+00  0.00e+00  0.00e+00  0.00e+00  0.00e+00  0.00e+00  0.00e+00  0.00e+00  0.00e+00  0.00e+00  0.00e+00  0.00e+00  0.00e+00  0.00e+00  0.00e+00 
1.53e+11 3.62e+09 1.77e+11 4.17e+09   21    7     -1        0  3.69e+07  1.90e+07  1.83e+06  0.00e+00  0.00e+00  0.00e+00  0.00e+00  0.00e+00  0.00e+00  0.00e+00  0.00e+00  0.00e+00  0.00e+00  0.00e+00  0.00e+00  0.00e+00  0.00e+00  0.00e+00  0.00e+00  0.00e+00  0.00e+00 
1.53e+11 4.73e+09 1.77e+11 5.45e+09   21    8     -1        0  4.34e+07  1.78e+07  2.46e+06  0.00e+00  0.00e+00  0.00e+00  0.00e+00  0.00e+00  0.00e+00  0.00e+00  0.00e+00  0.00e+00  0.00e+00  0.00e+00  0.00e+00  0.00e+00  0.00e+00  0.00e+00  0.00e+00  0.00e+00  0.00e+00 
1.53e+11 6.18e+09 1.77e+11 7.12e+09   21    9     -1        0  5.05e+07  1.65e+07  3.35e+06  0.00e+00  0.00e+00  0.00e+00  0.00e+00  0.00e+00  0.00e+00  0.00e+00  0.00e+00  0.00e+00  0.00e+00  0.00e+00  0.00e+00  0.00e+00  0.00e+00  0.00e+00  0.00e+00  0.00e+00  0.00e+00 
1.53e+11 8.07e+09 1.77e+11 9.31e+09   21   10     -1        0  5.84e+07  1.51e+07  4.59e+06  0.00e+00  0.00e+00  0.00e+00  0.00e+00  0.00e+00  0.00e+00  0.00e+00  0.00e+00  0.00e+00  0.00e+00  0.00e+00  0.00e+00  0.00e+00  0.00e+00  0.00e+00  0.00e+00  0.00e+00  0.00e+00 
1.53e+11 1.05e+10 1.77e+11 1.22e+10   21   11     -1        0  6.73e+07  1.38e+07  6.37e+06  0.00e+00  0.00e+00  0.00e+00  0.00e+00  0.00e+00  0.00e+00  0.00e+00  0.00e+00  0.00e+00  0.00e+00  0.00e+00  0.00e+00  0.00e+00  0.00e+00  0.00e+00  0.00e+00  0.00e+00  0.00e+00 
1.53e+11 1.38e+10 1.77e+11 1.59e+10   21   12     -1        0  7.72e+07  1.25e+07  8.94e+06  0.00e+00  0.00e+00  0.00e+00  0.00e+00  0.00e+00  0.00e+00  0.00e+00  0.00e+00  0.00e+00  0.00e+00  0.00e+00  0.00e+00  0.00e+00  0.00e+00  0.00e+00  0.00e+00  0.00e+00  0.00e+00 
1.53e+11 1.80e+10 1.77e+11 2.08e+10   21   13     -1        0  8.83e+07  1.12e+07  1.27e+07  0.00e+00  0.00e+00  0.00e+00  0.00e+00  0.00e+00  0.00e+00  0.00e+00  0.00e+00  0.00e+00  0.00e+00  0.00e+00  0.00e+00  0.00e+00  0.00e+00  0.00e+00  0.00e+00  0.00e+00  0.00e+00 
1.53e+11 2.36e+10 1.77e+11 2.72e+10   21   14      1        2  1.01e+08  1.00e+07  1.81e+07  2.33e+32  0.00e+00  8.45e-18  2.18e+01  5.49e+04  0.00e+00  0.00e+00  0.00e+00  0.00e+00  0.00e+00 -6.50e+19 -3.59e+18 -1.18e+19       inf       inf  9.18e+04  0.00e+00  6.35e+04 
1.53e+11 3.08e+10 1.77e+11 3.55e+10   21   15      1        1  1.15e+08  8.91e+06  2.60e+07  9.61e+32  0.00e+00  8.45e-18  2.93e+01  5.47e+04  0.00e+00  0.00e+00  0.00e+00  0.00e+00  0.00e+00 -8.66e+19  6.46e+17 -1.65e+19       inf       inf  2.41e+05  0.00e+00  1.64e+05 
1.53e+11 4.02e+10 1.77e+11 4.64e+10   21   16      0        0  1.30e+08  7.90e+06  3.75e+07  1.30e+33  3.01e-15  1.53e+09  1.04e+04  5.50e+04  1.59e-07  1.96e-04  5.77e-03  4.40e-01  1.00e-20 -3.70e+20  4.24e+18 -1.61e+20  4.08e+01  5.68e+02  4.38e+05  0.00e+00  2.97e+05 
1.53e+11 5.26e+10 1.77e+11 6.07e+10   21   17      0        0  1.47e+08  6.98e+06  5.42e+07  1.69e+33  1.27e-15  6.44e+08  5.92e+03  5.51e+04  7.50e-08  7.11e-05  2.34e-03  2.22e-01  1.00e-20 -3.66e+20  8.84e+18 -1.83e+20  1.26e+02  1.74e+03  7.36e+05  0.00e+00  4.99e+05 
1.53e+11 6.87e+10 1.77e+11 7.93e+10   21   18      0        0  1.65e+08  6.16e+06  7.81e+07  2.21e+33  5.31e-16  2.70e+08  3.33e+03  5.51e+04  3.57e-08  2.99e-05  1.10e-03  1.20e-01  1.00e-20 -4.28e+20  5.97e+19 -1.76e+20  3.83e+02  5.19e+03  1.17e+06  0.00e+00  7.97e+05 
1.53e+11 8.98e+10 1.77e+11 1.04e+11   21   19      0        0  1.82e+08  5.42e+06  1.11e+08  2.89e+33  2.23e-16  1.13e+08  1.87e+03  5.52e+04  1.78e-08  1.37e-05  5.44e-04  6.34e-02  1.00e-20 -3.35e+20  1.04e+20 -2.86e+20  1.10e+03  1.50e+04  1.73e+06  0.00e+00  1.18e+06 
1.53e+11 1.17e+11 1.77e+11 1.35e+11   21   20      0        0  1.98e+08  4.77e+06  1.57e+08  3.78e+33  9.45e-17  4.80e+07  1.06e+03  5.54e+04  9.58e-09  6.82e-06  2.92e-04  3.48e-02  1.00e-20 -3.35e+20 -4.69e+19 -2.79e+20  2.89e+03  4.00e+04  2.30e+06  0.00e+00  1.58e+06 
1.53e+11 1.53e+11 1.77e+11 1.77e+11   21   21      0        0  2.11e+08  4.19e+06  2.17e+08  4.94e+33  4.08e-17  2.07e+07  6.09e+02  5.56e+04  5.75e-09  3.86e-06  1.74e-04  2.07e-02  1.00e-20 -3.08e+20  2.06e+19 -2.90e+20  6.68e+03  9.27e+04  2.68e+06  0.00e+00  1.84e+06 
1.53e+11 2.01e+11 1.77e+11 2.31e+11   21   22      0        0  2.19e+08  3.67e+06  2.92e+08  6.46e+33  1.80e-17  9.14e+06  3.52e+02  5.57e+04  3.90e-09  2.54e-06  1.19e-04  1.45e-02  1.00e-20 -1.44e+20 -1.73e+19 -2.34e+20  1.34e+04  1.85e+05  2.68e+06  0.00e+00  1.85e+06 
1.53e+11 2.62e+11 1.77e+11 3.02e+11   21   23      0        0  2.20e+08  3.22e+06  3.82e+08  8.44e+33  8.16e-18  4.14e+06  2.10e+02  5.59e+04  2.96e-09  1.90e-06  9.13e-05  1.10e-02  1.00e-20 -4.77e+19 -4.68e+19 -1.48e+20  2.35e+04  3.22e+05  2.34e+06  0.00e+00  1.61e+06 
1.53e+11 3.43e+11 1.77e+11 3.95e+11   21   24      0        0  2.16e+08  2.82e+06  4.87e+08  1.10e+34  3.79e-18  1.93e+06  1.24e+02  5.59e+04  2.53e-09  1.61e-06  7.93e-05  9.58e-03  1.00e-20 -1.98e+19 -2.00e+18 -5.92e+19  3.63e+04  5.07e+05  1.81e+06  0.00e+00  1.25e+06 
1.53e+11 4.48e+11 1.77e+11 5.17e+11   21   25      0        2  2.06e+08  2.47e+06  6.06e+08  1.44e+34  1.80e-18  9.16e+05  8.84e+01  5.59e+04  2.14e-09  1.38e-06  6.83e-05  7.72e-03  1.00e-20 -7.26e+19  6.21e+18 -5.49e+19  5.12e+04  7.12e+05  1.28e+06  0.00e+00  8.83e+05 
1.53e+11 5.85e+11 1.77e+11 6.75e+11   21   26      0        1  1.92e+08  2.16e+06  7.39e+08  1.88e+34  8.73e-19  4.43e+05  4.64e+01  5.59e+04  2.27e-09  1.49e-06  7.30e-05  7.87e-03  1.00e-20 -1.19e+19  9.01e+18 -7.79e+18  6.72e+04  9.33e+05  8.45e+05  0.00e+00  5.84e+05 
1.53e+11 7.65e+11 1.77e+11 8.83e+11   21   27      1        2  1.77e+08  1.89e+06  8.87e+08  1.93e+34  0.00e+00  8.24e-18  2.18e+01  5.58e+04  0.00e+00  0.00e+00  0.00e+00  0.00e+00  0.00e+00  0.00e+00  0.00e+00  0.00e+00       inf       inf  4.14e+05  0.00e+00  2.86e+05 
1.53e+11 1.00e+12 1.77e+11 1.15e+12   21   28     -1        0  1.47e+08  1.81e+06  9.64e+08  0.00e+00  0.00e+00  0.00e+00  0.00e+00  0.00e+00  0.00e+00  0.00e+00  0.00e+00  0.00e+00  0.00e+00  0.00e+00  0.00e+00  0.00e+00  0.00e+00  0.00e+00  0.00e+00  0.00e+00  0.00e+00 
1.53e+11 1.31e+12 1.77e+11 1.51e+12   21   29     -1        0  1.16e+08  1.81e+06  9.92e+08  0.00e+00  0.00e+00  0.00e+00  0.00e+00  0.00e+00  0.00e+00  0.00e+00  0.00e+00  0.00e+00  0.00e+00  0.00e+00  0.00e+00  0.00e+00  0.00e+00  0.00e+00  0.00e+00  0.00e+00  0.00e+00 
2.01e+11 0.00e+00 2.31e+11 3.63e+08   22    0     -1        0  5.15e+05  2.30e+07  1.02e+04  0.00e+00  0.00e+00  0.00e+00  0.00e+00  0.00e+00  0.00e+00  0.00e+00  0.00e+00  0.00e+00  0.00e+00  0.00e+00  0.00e+00  0.00e+00  0.00e+00  0.00e+00  0.00e+00  0.00e+00  0.00e+00 
2.01e+11 7.25e+08 2.31e+11 8.37e+08   22    1     -1        0  1.20e+07  2.12e+07  2.82e+05  0.00e+00  0.00e+00  0.00e+00  0.00e+00  0.00e+00  0.00e+00  0.00e+00  0.00e+00  0.00e+00  0.00e+00  0.00e+00  0.00e+00  0.00e+00  0.00e+00  0.00e+00  0.00e+00  0.00e+00  0.00e+00 
2.01e+11 9.48e+08 2.31e+11 1.09e+09   22    2     -1        0  1.52e+07  2.07e+07  3.75e+05  0.00e+00  0.00e+00  0.00e+00  0.00e+00  0.00e+00  0.00e+00  0.00e+00  0.00e+00  0.00e+00  0.00e+00  0.00e+00  0.00e+00  0.00e+00  0.00e+00  0.00e+00  0.00e+00  0.00e+00  0.00e+00 
2.01e+11 1.24e+09 2.31e+11 1.43e+09   22    3     -1        0  1.90e+07  2.01e+07  4.95e+05  0.00e+00  0.00e+00  0.00e+00  0.00e+00  0.00e+00  0.00e+00  0.00e+00  0.00e+00  0.00e+00  0.00e+00  0.00e+00  0.00e+00  0.00e+00  0.00e+00  0.00e+00  0.00e+00  0.00e+00  0.00e+00 
2.01e+11 1.62e+09 2.31e+11 1.87e+09   22    4     -1        0  2.32e+07  1.94e+07  6.50e+05  0.00e+00  0.00e+00  0.00e+00  0.00e+00  0.00e+00  0.00e+00  0.00e+00  0.00e+00  0.00e+00  0.00e+00  0.00e+00  0.00e+00  0.00e+00  0.00e+00  0.00e+00  0.00e+00  0.00e+00  0.00e+00 
2.01e+11 2.12e+09 2.31e+11 2.44e+09   22    5     -1        0  2.80e+07  1.86e+07  8.51e+05  0.00e+00  0.00e+00  0.00e+00  0.00e+00  0.00e+00  0.00e+00  0.00e+00  0.00e+00  0.00e+00  0.00e+00  0.00e+00  0.00e+00  0.00e+00  0.00e+00  0.00e+00  0.00e+00  0.00e+00  0.00e+00 
2.01e+11 2.77e+09 2.31e+11 3.19e+09   22    6     -1        0  3.31e+07  1.77e+07  1.12e+06  0.00e+00  0.00e+00  0.00e+00  0.00e+00  0.00e+00  0.00e+00  0.00e+00  0.00e+00  0.00e+00  0.00e+00  0.00e+00  0.00e+00  0.00e+00  0.00e+00  0.00e+00  0.00e+00  0.00e+00  0.00e+00 
2.01e+11 3.62e+09 2.31e+11 4.17e+09   22    7     -1        0  3.88e+07  1.67e+07  1.47e+06  0.00e+00  0.00e+00  0.00e+00  0.00e+00  0.00e+00  0.00e+00  0.00e+00  0.00e+00  0.00e+00  0.00e+00  0.00e+00  0.00e+00  0.00e+00  0.00e+00  0.00e+00  0.00e+00  0.00e+00  0.00e+00 
2.01e+11 4.73e+09 2.31e+11 5.45e+09   22    8     -1        0  4.50e+07  1.56e+07  1.96e+06  0.00e+00  0.00e+00  0.00e+00  0.00e+00  0.00e+00  0.00e+00  0.00e+00  0.00e+00  0.00e+00  0.00e+00  0.00e+00  0.00e+00  0.00e+00  0.00e+00  0.00e+00  0.00e+00  0.00e+00  0.00e+00 
2.01e+11 6.18e+09 2.31e+11 7.12e+09   22    9     -1        0  5.19e+07  1.44e+07  2.63e+06  0.00e+00  0.00e+00  0.00e+00  0.00e+00  0.00e+00  0.00e+00  0.00e+00  0.00e+00  0.00e+00  0.00e+00  0.00e+00  0.00e+00  0.00e+00  0.00e+00  0.00e+00  0.00e+00  0.00e+00  0.00e+00 
2.01e+11 8.07e+09 2.31e+11 9.31e+09   22   10     -1        0  5.95e+07  1.32e+07  3.58e+06  0.00e+00  0.00e+00  0.00e+00  0.00e+00  0.00e+00  0.00e+00  0.00e+00  0.00e+00  0.00e+00  0.00e+00  0.00e+00  0.00e+00  0.00e+00  0.00e+00  0.00e+00  0.00e+00  0.00e+00  0.00e+00 
2.01e+11 1.05e+10 2.31e+11 1.22e+10   22   11     -1        0  6.80e+07  1.20e+07  4.93e+06  0.00e+00  0.00e+00  0.00e+00  0.00e+00  0.00e+00  0.00e+00  0.00e+00  0.00e+00  0.00e+00  0.00e+00  0.00e+00  0.00e+00  0.00e+00  0.00e+00  0.00e+00  0.00e+00  0.00e+00  0.00e+00 
2.01e+11 1.38e+10 2.31e+11 1.59e+10   22   12     -1        0  7.76e+07  1.09e+07  6.88e+06  0.00e+00  0.00e+00  0.00e+00  0.00e+00  0.00e+00  0.00e+00  0.00e+00  0.00e+00  0.00e+00  0.00e+00  0.00e+00  0.00e+00  0.00e+00  0.00e+00  0.00e+00  0.00e+00  0.00e+00  0.00e+00 
2.01e+11 1.80e+10 2.31e+11 2.08e+10   22   13     -1        0  8.84e+07  9.79e+06  9.70e+06  0.00e+00  0.00e+00  0.00e+00  0.00e+00  0.00e+00  0.00e+00  0.00e+00  0.00e+00  0.00e+00  0.00e+00  0.00e+00  0.00e+00  0.00e+00  0.00e+00  0.00e+00  0.00e+00  0.00e+00  0.00e+00 
2.01e+11 2.36e+10 2.31e+11 2.72e+10   22   14     -1        0  1.01e+08  8.75e+06  1.38e+07  0.00e+00  0.00e+00  0.00e+00  0.00e+00  0.00e+00  0.00e+00  0.00e+00  0.00e+00  0.00e+00  0.00e+00  0.00e+00  0.00e+00  0.00e+00  0.00e+00  0.00e+00  0.00e+00  0.00e+00  0.00e+00 
2.01e+11 3.08e+10 2.31e+11 3.55e+10   22   15      1        2  1.14e+08  7.79e+06  1.98e+07  3.76e+32  0.00e+00  8.45e-18  2.18e+01  5.49e+04  0.00e+00  0.00e+00  0.00e+00  0.00e+00  0.00e+00  0.00e+00  0.00e+00  0.00e+00       inf       inf  7.95e+04  0.00e+00  5.48e+04 
2.01e+11 4.02e+10 2.31e+11 4.64e+10   22   16      1        2  1.30e+08  6.91e+06  2.86e+07  2.07e+33  0.00e+00  8.45e-18  2.18e+01  5.48e+04  0.00e+00  0.00e+00  0.00e+00  0.00e+00  0.00e+00 -9.78e+19  1.48e+19 -2.18e+19       inf       inf  2.32e+05  0.00e+00  1.58e+05 
2.01e+11 5.26e+10 2.31e+11 6.07e+10   22   17      0        0  1.47e+08  6.11e+06  4.14e+07  2.89e+33  1.68e-15  8.52e+08  8.43e+03  5.49e+04  1.75e-07  2.14e-04  6.46e-03  4.63e-01  1.00e-20 -1.55e+20 -1.39e+19 -2.07e+19  4.27e+01  5.81e+02  4.36e+05  0.00e+00  2.96e+05 
2.01e+11 6.87e+10 2.31e+11 7.93e+10   22   18      0        0  1.65e+08  5.39e+06  5.99e+07  3.78e+33  6.99e-16  3.55e+08  4.69e+03  5.50e+04  8.19e-08  7.72e-05  2.61e-03  2.43e-01  1.00e-20 -3.14e+20  3.34e+19 -1.97e+19  1.33e+02  1.84e+03  7.33e+05  0.00e+00  4.97e+05 
2.01e+11 8.98e+10 2.31e+11 1.04e+11   22   19      0        0  1.84e+08  4.74e+06  8.62e+07  4.94e+33  2.91e-16  1.48e+08  2.62e+03  5.51e+04  3.87e-08  3.21e-05  1.21e-03  1.31e-01  1.00e-20 -3.91e+20 -4.77e+19 -1.69e+20  4.08e+02  5.63e+03  1.17e+06  0.00e+00  7.95e+05 
2.01e+11 1.17e+11 2.31e+11 1.35e+11   22   20      0        0  2.03e+08  4.17e+06  1.23e+08  6.46e+33  1.22e-16  6.18e+07  1.46e+03  5.52e+04  1.92e-08  1.47e-05  6.01e-04  6.94e-02  1.00e-20 -2.80e+20  4.89e+18 -1.47e+20  1.18e+03  1.62e+04  1.73e+06  0.00e+00  1.18e+06 
2.01e+11 1.53e+11 2.31e+11 1.77e+11   22   21      0        0  2.20e+08  3.66e+06  1.72e+08  8.44e+33  5.16e-17  2.62e+07  8.26e+02  5.54e+04  1.03e-08  7.30e-06  3.22e-04  3.85e-02  1.00e-20 -2.93e+20  2.74e+19 -1.75e+20  3.09e+03  4.22e+04  2.30e+06  0.00e+00  1.57e+06 
2.01e+11 2.01e+11 2.31e+11 2.31e+11   22   22      0        0  2.32e+08  3.21e+06  2.36e+08  1.10e+34  2.23e-17  1.13e+07  4.71e+02  5.55e+04  6.19e-09  4.14e-06  1.92e-04  2.29e-02  1.00e-20 -2.73e+20 -4.97e+18 -3.25e+20  7.12e+03  9.76e+04  2.67e+06  0.00e+00  1.83e+06 
2.01e+11 2.62e+11 2.31e+11 3.02e+11   22   23      0        0  2.37e+08  2.82e+06  3.15e+08  1.44e+34  9.92e-18  5.04e+06  2.72e+02  5.57e+04  4.22e-09  2.75e-06  1.32e-04  1.60e-02  1.00e-20 -9.54e+19  1.95e+19 -1.32e+20  1.42e+04  1.94e+05  2.68e+06  0.00e+00  1.84e+06 
2.01e+11 3.43e+11 2.31e+11 3.95e+11   22   24      0        0  2.36e+08  2.47e+06  4.08e+08  1.88e+34  4.53e-18  2.30e+06  1.63e+02  5.58e+04  3.20e-09  2.06e-06  1.01e-04  1.22e-02  1.00e-20 -3.11e+19 -2.08e+19 -9.52e+19  2.47e+04  3.38e+05  2.34e+06  0.00e+00  1.61e+06 
2.01e+11 4.48e+11 2.31e+11 5.17e+11   22   25      0        2  2.29e+08  2.16e+06  5.15e+08  2.46e+34  2.12e-18  1.08e+06  9.17e+01  5.58e+04  2.83e-09  1.80e-06  9.04e-05  1.10e-02  1.00e-20 -3.90e+19  4.28e+18 -1.39e+20  3.79e+04  5.28e+05  1.81e+06  0.00e+00  1.25e+06 
2.01e+11 5.85e+11 2.31e+11 6.75e+11   22   26      0        1  2.16e+08  1.89e+06  6.34e+08  3.22e+34  1.02e-18  5.16e+05  5.71e+01  5.58e+04  2.58e-09  1.67e-06  8.43e-05  9.53e-03  1.00e-20 -1.03e+19 -1.50e+18 -1.17e+18  5.30e+04  7.27e+05  1.28e+06  0.00e+00  8.82e+05 
2.01e+11 7.65e+11 2.31e+11 8.83e+11   22   27      1        2  2.00e+08  1.66e+06  7.67e+08  3.71e+34  0.00e+00  8.24e-18  2.18e+01  5.58e+04  0.00e+00  0.00e+00  0.00e+00  0.00e+00  0.00e+00  0.00e+00  0.00e+00  0.00e+00       inf       inf  8.25e+05  0.00e+00  5.70e+05 
2.01e+11 1.00e+12 2.31e+11 1.15e+12   22   28     -1        0  1.82e+08  1.45e+06  9.13e+08  0.00e+00  0.00e+00  0.00e+00  0.00e+00  0.00e+00  0.00e+00  0.00e+00  0.00e+00  0.00e+00  0.00e+00  0.00e+00  0.00e+00  0.00e+00  0.00e+00  0.00e+00  0.00e+00  0.00e+00  0.00e+00 
2.01e+11 1.31e+12 2.31e+11 1.51e+12   22   29     -1        0  1.51e+08  1.38e+06  9.87e+08  0.00e+00  0.00e+00  0.00e+00  0.00e+00  0.00e+00  0.00e+00  0.00e+00  0.00e+00  0.00e+00  0.00e+00  0.00e+00  0.00e+00  0.00e+00  0.00e+00  0.00e+00  0.00e+00  0.00e+00  0.00e+00 
2.62e+11 0.00e+00 3.02e+11 3.63e+08   23    0     -1        0  4.66e+05  2.01e+07  7.09e+03  0.00e+00  0.00e+00  0.00e+00  0.00e+00  0.00e+00  0.00e+00  0.00e+00  0.00e+00  0.00e+00  0.00e+00  0.00e+00  0.00e+00  0.00e+00  0.00e+00  0.00e+00  0.00e+00  0.00e+00  0.00e+00 
2.62e+11 7.25e+08 3.02e+11 8.37e+08   23    1     -1        0  1.36e+07  1.85e+07  2.45e+05  0.00e+00  0.00e+00  0.00e+00  0.00e+00  0.00e+00  0.00e+00  0.00e+00  0.00e+00  0.00e+00  0.00e+00  0.00e+00  0.00e+00  0.00e+00  0.00e+00  0.00e+00  0.00e+00  0.00e+00  0.00e+00 
2.62e+11 9.48e+08 3.02e+11 1.09e+09   23    2     -1        0  1.70e+07  1.81e+07  3.20e+05  0.00e+00  0.00e+00  0.00e+00  0.00e+00  0.00e+00  0.00e+00  0.00e+00  0.00e+00  0.00e+00  0.00e+00  0.00e+00  0.00e+00  0.00e+00  0.00e+00  0.00e+00  0.00e+00  0.00e+00  0.00e+00 
2.62e+11 1.24e+09 3.02e+11 1.43e+09   23    3     -1        0  2.08e+07  1.76e+07  4.14e+05  0.00e+00  0.00e+00  0.00e+00  0.00e+00  0.00e+00  0.00e+00  0.00e+00  0.00e+00  0.00e+00  0.00e+00  0.00e+00  0.00e+00  0.00e+00  0.00e+00  0.00e+00  0.00e+00  0.00e+00  0.00e+00 
2.62e+11 1.62e+09 3.02e+11 1.87e+09   23    4     -1        0  2.50e+07  1.70e+07  5.34e+05  0.00e+00  0.00e+00  0.00e+00  0.00e+00  0.00e+00  0.00e+00  0.00e+00  0.00e+00  0.00e+00  0.00e+00  0.00e+00  0.00e+00  0.00e+00  0.00e+00  0.00e+00  0.00e+00  0.00e+00  0.00e+00 
2.62e+11 2.12e+09 3.02e+11 2.44e+09   23    5     -1        0  2.95e+07  1.63e+07  6.87e+05  0.00e+00  0.00e+00  0.00e+00  0.00e+00  0.00e+00  0.00e+00  0.00e+00  0.00e+00  0.00e+00  0.00e+00  0.00e+00  0.00e+00  0.00e+00  0.00e+00  0.00e+00  0.00e+00  0.00e+00  0.00e+00 
2.62e+11 2.77e+09 3.02e+11 3.19e+09   23    6     -1        0  3.44e+07  1.55e+07  8.87e+05  0.00e+00  0.00e+00  0.00e+00  0.00e+00  0.00e+00  0.00e+00  0.00e+00  0.00e+00  0.00e+00  0.00e+00  0.00e+00  0.00e+00  0.00e+00  0.00e+00  0.00e+00  0.00e+00  0.00e+00  0.00e+00 
2.62e+11 3.62e+09 3.02e+11 4.17e+09   23    7     -1        0  3.98e+07  1.46e+07  1.15e+06  0.00e+00  0.00e+00  0.00e+00  0.00e+00  0.00e+00  0.00e+00  0.00e+00  0.00e+00  0.00e+00  0.00e+00  0.00e+00  0.00e+00  0.00e+00  0.00e+00  0.00e+00  0.00e+00  0.00e+00  0.00e+00 
2.62e+11 4.73e+09 3.02e+11 5.45e+09   23    8     -1        0  4.56e+07  1.36e+07  1.52e+06  0.00e+00  0.00e+00  0.00e+00  0.00e+00  0.00e+00  0.00e+00  0.00e+00  0.00e+00  0.00e+00  0.00e+00  0.00e+00  0.00e+00  0.00e+00  0.00e+00  0.00e+00  0.00e+00  0.00e+00  0.00e+00 
2.62e+11 6.18e+09 3.02e+11 7.12e+09   23    9     -1        0  5.20e+07  1.26e+07  2.02e+06  0.00e+00  0.00e+00  0.00e+00  0.00e+00  0.00e+00  0.00e+00  0.00e+00  0.00e+00  0.00e+00  0.00e+00  0.00e+00  0.00e+00  0.00e+00  0.00e+00  0.00e+00  0.00e+00  0.00e+00  0.00e+00 
2.62e+11 8.07e+09 3.02e+11 9.31e+09   23   10     -1        0  5.91e+07  1.16e+07  2.72e+06  0.00e+00  0.00e+00  0.00e+00  0.00e+00  0.00e+00  0.00e+00  0.00e+00  0.00e+00  0.00e+00  0.00e+00  0.00e+00  0.00e+00  0.00e+00  0.00e+00  0.00e+00  0.00e+00  0.00e+00  0.00e+00 
2.62e+11 1.05e+10 3.02e+11 1.22e+10   23   11     -1        0  6.72e+07  1.05e+07  3.72e+06  0.00e+00  0.00e+00  0.00e+00  0.00e+00  0.00e+00  0.00e+00  0.00e+00  0.00e+00  0.00e+00  0.00e+00  0.00e+00  0.00e+00  0.00e+00  0.00e+00  0.00e+00  0.00e+00  0.00e+00  0.00e+00 
2.62e+11 1.38e+10 3.02e+11 1.59e+10   23   12     -1        0  7.62e+07  9.53e+06  5.17e+06  0.00e+00  0.00e+00  0.00e+00  0.00e+00  0.00e+00  0.00e+00  0.00e+00  0.00e+00  0.00e+00  0.00e+00  0.00e+00  0.00e+00  0.00e+00  0.00e+00  0.00e+00  0.00e+00  0.00e+00  0.00e+00 
2.62e+11 1.80e+10 3.02e+11 2.08e+10   23   13     -1        0  8.65e+07  8.56e+06  7.26e+06  0.00e+00  0.00e+00  0.00e+00  0.00e+00  0.00e+00  0.00e+00  0.00e+00  0.00e+00  0.00e+00  0.00e+00  0.00e+00  0.00e+00  0.00e+00  0.00e+00  0.00e+00  0.00e+00  0.00e+00  0.00e+00 
2.62e+11 2.36e+10 3.02e+11 2.72e+10   23   14     -1        0  9.82e+07  7.66e+06  1.03e+07  0.00e+00  0.00e+00  0.00e+00  0.00e+00  0.00e+00  0.00e+00  0.00e+00  0.00e+00  0.00e+00  0.00e+00  0.00e+00  0.00e+00  0.00e+00  0.00e+00  0.00e+00  0.00e+00  0.00e+00  0.00e+00 
2.62e+11 3.08e+10 3.02e+11 3.55e+10   23   15     -1        0  1.11e+08  6.81e+06  1.48e+07  0.00e+00  0.00e+00  0.00e+00  0.00e+00  0.00e+00  0.00e+00  0.00e+00  0.00e+00  0.00e+00  0.00e+00  0.00e+00  0.00e+00  0.00e+00  0.00e+00  0.00e+00  0.00e+00  0.00e+00  0.00e+00 
2.62e+11 4.02e+10 3.02e+11 4.64e+10   23   16      1        2  1.26e+08  6.04e+06  2.13e+07  6.31e+32  0.00e+00  8.45e-18  2.18e+01  5.50e+04  0.00e+00  0.00e+00  0.00e+00  0.00e+00  0.00e+00  0.00e+00  0.00e+00  0.00e+00       inf       inf  6.96e+04  0.00e+00  4.79e+04 
2.62e+11 5.26e+10 3.02e+11 6.07e+10   23   17      1        2  1.43e+08  5.34e+06  3.09e+07  4.46e+33  0.00e+00  8.45e-18  2.18e+01  5.47e+04  0.00e+00  0.00e+00  0.00e+00  0.00e+00  0.00e+00 -3.32e+19 -9.19e+18 -1.56e+19       inf       inf  2.24e+05  0.00e+00  1.52e+05 
2.62e+11 6.87e+10 3.02e+11 7.93e+10   23   18      0        0  1.62e+08  4.71e+06  4.49e+07  6.46e+33  9.42e-16  4.79e+08  6.86e+03  5.49e+04  1.92e-07  2.34e-04  7.21e-03  4.89e-01  1.00e-20 -2.44e+20  5.43e+18 -8.02e+19  4.43e+01  6.19e+02  4.34e+05  0.00e+00  2.95e+05 
2.62e+11 8.98e+10 3.02e+11 1.04e+11   23   19      0        0  1.82e+08  4.15e+06  6.50e+07  8.44e+33  3.89e-16  1.98e+08  3.77e+03  5.50e+04  8.94e-08  8.38e-05  2.92e-03  2.66e-01  1.00e-20 -2.59e+20  4.08e+19 -1.36e+20  1.40e+02  1.94e+03  7.32e+05  0.00e+00  4.96e+05 
2.62e+11 1.17e+11 3.02e+11 1.35e+11   23   20      0        0  2.02e+08  3.65e+06  9.35e+07  1.10e+34  1.61e-16  8.18e+07  2.09e+03  5.50e+04  4.20e-08  3.46e-05  1.34e-03  1.43e-01  1.00e-20 -3.20e+20  4.62e+19 -1.64e+20  4.29e+02  5.88e+03  1.17e+06  0.00e+00  7.93e+05 
2.62e+11 1.53e+11 3.02e+11 1.77e+11   23   21      0        0  2.22e+08  3.20e+06  1.33e+08  1.44e+34  6.72e-17  3.41e+07  1.16e+03  5.51e+04  2.07e-08  1.58e-05  6.63e-04  7.66e-02  1.00e-20 -2.20e+20  3.72e+19 -1.20e+20  1.24e+03  1.70e+04  1.73e+06  0.00e+00  1.18e+06 
2.62e+11 2.01e+11 3.02e+11 2.31e+11   23   22      0        0  2.38e+08  2.81e+06  1.86e+08  1.88e+34  2.85e-17  1.45e+07  6.47e+02  5.53e+04  1.12e-08  7.87e-06  3.56e-04  4.26e-02  1.00e-20 -1.58e+20  2.81e+19 -1.44e+20  3.26e+03  4.46e+04  2.30e+06  0.00e+00  1.57e+06 
2.62e+11 2.62e+11 3.02e+11 3.02e+11   23   23      0        0  2.49e+08  2.46e+06  2.53e+08  2.46e+34  1.24e-17  6.29e+06  3.69e+02  5.55e+04  6.72e-09  4.47e-06  2.12e-04  2.53e-02  1.00e-20 -1.62e+20  1.32e+19 -2.25e+20  7.49e+03  1.03e+05  2.67e+06  0.00e+00  1.83e+06 
2.62e+11 3.43e+11 3.02e+11 3.95e+11   23   24      0        0  2.54e+08  2.16e+06  3.35e+08  3.22e+34  5.53e-18  2.81e+06  2.14e+02  5.56e+04  4.57e-09  2.97e-06  1.45e-04  1.77e-02  1.00e-20 -3.67e+19  4.88e+19 -1.19e+20  1.49e+04  2.04e+05  2.68e+06  0.00e+00  1.84e+06 
2.62e+11 4.48e+11 3.02e+11 5.17e+11   23   25      0        1  2.50e+08  1.89e+06  4.31e+08  4.21e+34  2.54e-18  1.29e+06  1.22e+02  5.58e+04  3.58e-09  2.30e-06  1.15e-04  1.40e-02  1.00e-20 -2.13e+19 -2.19e+19 -4.80e+19  2.57e+04  3.55e+05  2.34e+06  0.00e+00  1.61e+06 
2.62e+11 5.85e+11 3.02e+11 6.75e+11   23   26      0        1  2.40e+08  1.66e+06  5.39e+08  5.50e+34  1.20e-18  6.09e+05  9.94e+01  5.58e+04  2.61e-09  1.68e-06  8.40e-05  1.03e-02  1.00e-20 -3.33e+18 -1.75e+19 -3.14e+19  3.92e+04  5.48e+05  1.81e+06  0.00e+00  1.25e+06 
2.62e+11 7.65e+11 3.02e+11 8.83e+11   23   27      1        2  2.24e+08  1.45e+06  6.58e+08  5.71e+34  0.00e+00  8.24e-18  2.18e+01  5.58e+04  0.00e+00  0.00e+00  0.00e+00  0.00e+00  0.00e+00  0.00e+00  0.00e+00  0.00e+00       inf       inf  1.22e+06  0.00e+00  8.43e+05 
2.62e+11 1.00e+12 3.02e+11 1.15e+12   23   28     -1        0  2.06e+08  1.27e+06  7.89e+08  0.00e+00  0.00e+00  0.00e+00  0.00e+00  0.00e+00  0.00e+00  0.00e+00  0.00e+00  0.00e+00  0.00e+00  0.00e+00  0.00e+00  0.00e+00  0.00e+00  0.00e+00  0.00e+00  0.00e+00  0.00e+00 
2.62e+11 1.31e+12 3.02e+11 1.51e+12   23   29     -1        0  1.87e+08  1.11e+06  9.35e+08  0.00e+00  0.00e+00  0.00e+00  0.00e+00  0.00e+00  0.00e+00  0.00e+00  0.00e+00  0.00e+00  0.00e+00  0.00e+00  0.00e+00  0.00e+00  0.00e+00  0.00e+00  0.00e+00  0.00e+00  0.00e+00 
3.43e+11 0.00e+00 3.95e+11 3.63e+08   24    0     -1        0  4.22e+05  1.76e+07  4.91e+03  0.00e+00  0.00e+00  0.00e+00  0.00e+00  0.00e+00  0.00e+00  0.00e+00  0.00e+00  0.00e+00  0.00e+00  0.00e+00  0.00e+00  0.00e+00  0.00e+00  0.00e+00  0.00e+00  0.00e+00  0.00e+00 
3.43e+11 7.25e+08 3.95e+11 8.37e+08   24    1     -1        0  1.51e+07  1.62e+07  2.08e+05  0.00e+00  0.00e+00  0.00e+00  0.00e+00  0.00e+00  0.00e+00  0.00e+00  0.00e+00  0.00e+00  0.00e+00  0.00e+00  0.00e+00  0.00e+00  0.00e+00  0.00e+00  0.00e+00  0.00e+00  0.00e+00 
3.43e+11 9.48e+08 3.95e+11 1.09e+09   24    2     -1        0  1.85e+07  1.58e+07  2.66e+05  0.00e+00  0.00e+00  0.00e+00  0.00e+00  0.00e+00  0.00e+00  0.00e+00  0.00e+00  0.00e+00  0.00e+00  0.00e+00  0.00e+00  0.00e+00  0.00e+00  0.00e+00  0.00e+00  0.00e+00  0.00e+00 
3.43e+11 1.24e+09 3.95e+11 1.43e+09   24    3     -1        0  2.22e+07  1.54e+07  3.38e+05  0.00e+00  0.00e+00  0.00e+00  0.00e+00  0.00e+00  0.00e+00  0.00e+00  0.00e+00  0.00e+00  0.00e+00  0.00e+00  0.00e+00  0.00e+00  0.00e+00  0.00e+00  0.00e+00  0.00e+00  0.00e+00 
3.43e+11 1.62e+09 3.95e+11 1.87e+09   24    4     -1        0  2.61e+07  1.48e+07  4.28e+05  0.00e+00  0.00e+00  0.00e+00  0.00e+00  0.00e+00  0.00e+00  0.00e+00  0.00e+00  0.00e+00  0.00e+00  0.00e+00  0.00e+00  0.00e+00  0.00e+00  0.00e+00  0.00e+00  0.00e+00  0.00e+00 
3.43e+11 2.12e+09 3.95e+11 2.44e+09   24    5     -1        0  3.04e+07  1.42e+07  5.41e+05  0.00e+00  0.00e+00  0.00e+00  0.00e+00  0.00e+00  0.00e+00  0.00e+00  0.00e+00  0.00e+00  0.00e+00  0.00e+00  0.00e+00  0.00e+00  0.00e+00  0.00e+00  0.00e+00  0.00e+00  0.00e+00 
3.43e+11 2.77e+09 3.95e+11 3.19e+09   24    6     -1        0  3.49e+07  1.35e+07  6.88e+05  0.00e+00  0.00e+00  0.00e+00  0.00e+00  0.00e+00  0.00e+00  0.00e+00  0.00e+00  0.00e+00  0.00e+00  0.00e+00  0.00e+00  0.00e+00  0.00e+00  0.00e+00  0.00e+00  0.00e+00  0.00e+00 
3.43e+11 3.62e+09 3.95e+11 4.17e+09   24    7     -1        0  3.98e+07  1.27e+07  8.83e+05  0.00e+00  0.00e+00  0.00e+00  0.00e+00  0.00e+00  0.00e+00  0.00e+00  0.00e+00  0.00e+00  0.00e+00  0.00e+00  0.00e+00  0.00e+00  0.00e+00  0.00e+00  0.00e+00  0.00e+00  0.00e+00 
3.43e+11 4.73e+09 3.95e+11 5.45e+09   24    8     -1        0  4.51e+07  1.19e+07  1.15e+06  0.00e+00  0.00e+00  0.00e+00  0.00e+00  0.00e+00  0.00e+00  0.00e+00  0.00e+00  0.00e+00  0.00e+00  0.00e+00  0.00e+00  0.00e+00  0.00e+00  0.00e+00  0.00e+00  0.00e+00  0.00e+00 
3.43e+11 6.18e+09 3.95e+11 7.12e+09   24    9     -1        0  5.10e+07  1.10e+07  1.51e+06  0.00e+00  0.00e+00  0.00e+00  0.00e+00  0.00e+00  0.00e+00  0.00e+00  0.00e+00  0.00e+00  0.00e+00  0.00e+00  0.00e+00  0.00e+00  0.00e+00  0.00e+00  0.00e+00  0.00e+00  0.00e+00 
3.43e+11 8.07e+09 3.95e+11 9.31e+09   24   10     -1        0  5.75e+07  1.01e+07  2.02e+06  0.00e+00  0.00e+00  0.00e+00  0.00e+00  0.00e+00  0.00e+00  0.00e+00  0.00e+00  0.00e+00  0.00e+00  0.00e+00  0.00e+00  0.00e+00  0.00e+00  0.00e+00  0.00e+00  0.00e+00  0.00e+00 
3.43e+11 1.05e+10 3.95e+11 1.22e+10   24   11     -1        0  6.49e+07  9.22e+06  2.75e+06  0.00e+00  0.00e+00  0.00e+00  0.00e+00  0.00e+00  0.00e+00  0.00e+00  0.00e+00  0.00e+00  0.00e+00  0.00e+00  0.00e+00  0.00e+00  0.00e+00  0.00e+00  0.00e+00  0.00e+00  0.00e+00 
3.43e+11 1.38e+10 3.95e+11 1.59e+10   24   12     -1        0  7.33e+07  8.34e+06  3.80e+06  0.00e+00  0.00e+00  0.00e+00  0.00e+00  0.00e+00  0.00e+00  0.00e+00  0.00e+00  0.00e+00  0.00e+00  0.00e+00  0.00e+00  0.00e+00  0.00e+00  0.00e+00  0.00e+00  0.00e+00  0.00e+00 
3.43e+11 1.80e+10 3.95e+11 2.08e+10   24   13     -1        0  8.29e+07  7.49e+06  5.33e+06  0.00e+00  0.00e+00  0.00e+00  0.00e+00  0.00e+00  0.00e+00  0.00e+00  0.00e+00  0.00e+00  0.00e+00  0.00e+00  0.00e+00  0.00e+00  0.00e+00  0.00e+00  0.00e+00  0.00e+00  0.00e+00 
3.43e+11 2.36e+10 3.95e+11 2.72e+10   24   14     -1        0  9.39e+07  6.70e+06  7.55e+06  0.00e+00  0.00e+00  0.00e+00  0.00e+00  0.00e+00  0.00e+00  0.00e+00  0.00e+00  0.00e+00  0.00e+00  0.00e+00  0.00e+00  0.00e+00  0.00e+00  0.00e+00  0.00e+00  0.00e+00  0.00e+00 
3.43e+11 3.08e+10 3.95e+11 3.55e+10   24   15     -1        0  1.06e+08  5.96e+06  1.08e+07  0.00e+00  0.00e+00  0.00e+00  0.00e+00  0.00e+00  0.00e+00  0.00e+00  0.00e+00  0.00e+00  0.00e+00  0.00e+00  0.00e+00  0.00e+00  0.00e+00  0.00e+00  0.00e+00  0.00e+00  0.00e+00 
3.43e+11 4.02e+10 3.95e+11 4.64e+10   24   16     -1        0  1.21e+08  5.29e+06  1.56e+07  0.00e+00  0.00e+00  0.00e+00  0.00e+00  0.00e+00  0.00e+00  0.00e+00  0.00e+00  0.00e+00  0.00e+00  0.00e+00  0.00e+00  0.00e+00  0.00e+00  0.00e+00  0.00e+00  0.00e+00  0.00e+00 
3.43e+11 5.26e+10 3.95e+11 6.07e+10   24   17      1        2  1.37e+08  4.67e+06  2.26e+07  1.10e+33  0.00e+00  8.45e-18  2.18e+01  5.50e+04  0.00e+00  0.00e+00  0.00e+00  0.00e+00  0.00e+00 -1.61e+19  1.42e+18 -1.02e+19       inf       inf  6.21e+04  0.00e+00  4.27e+04 
3.43e+11 6.87e+10 3.95e+11 7.93e+10   24   18      1        2  1.55e+08  4.12e+06  3.29e+07  9.62e+33  0.00e+00  8.45e-18  2.18e+01  5.47e+04  0.00e+00  0.00e+00  0.00e+00  0.00e+00  0.00e+00 -4.72e+19 -1.81e+18 -7.03e+18       inf       inf  2.18e+05  0.00e+00  1.48e+05 
3.43e+11 8.98e+10 3.95e+11 1.04e+11   24   19      0        0  1.75e+08  3.63e+06  4.78e+07  1.44e+34  5.33e-16  2.71e+08  5.64e+03  5.48e+04  2.11e-07  2.55e-04  8.06e-03  5.16e-01  1.00e-20 -1.61e+20 -2.41e+19 -8.99e+18  4.57e+01  6.06e+02  4.33e+05  0.00e+00  2.94e+05 
3.43e+11 1.17e+11 3.95e+11 1.35e+11   24   20      0        0  1.96e+08  3.19e+06  6.94e+07  1.88e+34  2.19e-16  1.11e+08  3.07e+03  5.49e+04  9.78e-08  9.08e-05  3.24e-03  2.88e-01  1.00e-20 -1.33e+20  8.09e+19 -8.01e+19  1.45e+02  2.02e+03  7.30e+05  0.00e+00  4.95e+05 
3.43e+11 1.53e+11 3.95e+11 1.77e+11   24   21      0        0  2.17e+08  2.80e+06  9.98e+07  2.46e+34  9.02e-17  4.58e+07  1.69e+03  5.50e+04  4.58e-08  3.74e-05  1.49e-03  1.57e-01  1.00e-20 -2.03e+20 -1.53e+19 -1.78e+20  4.48e+02  6.20e+03  1.17e+06  0.00e+00  7.92e+05 
3.43e+11 2.01e+11 3.95e+11 2.31e+11   24   22      0        0  2.38e+08  2.46e+06  1.42e+08  3.22e+34  3.76e-17  1.91e+07  9.31e+02  5.51e+04  2.26e-08  1.70e-05  7.33e-04  8.44e-02  1.00e-20 -1.39e+20  7.85e+18 -4.83e+19  1.30e+03  1.79e+04  1.73e+06  0.00e+00  1.18e+06 
3.43e+11 2.62e+11 3.95e+11 3.02e+11   24   23      0        0  2.54e+08  2.15e+06  1.97e+08  4.21e+34  1.59e-17  8.10e+06  5.18e+02  5.53e+04  1.21e-08  8.48e-06  3.92e-04  4.69e-02  1.00e-20 -1.61e+20 -3.58e+19 -1.57e+20  3.40e+03  4.69e+04  2.30e+06  0.00e+00  1.57e+06 
3.43e+11 3.43e+11 3.95e+11 3.95e+11   24   24      0        0  2.65e+08  1.89e+06  2.68e+08  5.50e+34  6.94e-18  3.53e+06  2.92e+02  5.55e+04  7.32e-09  4.85e-06  2.34e-04  2.80e-02  1.00e-20 -1.12e+20 -2.53e+19 -1.04e+20  7.80e+03  1.07e+05  2.67e+06  0.00e+00  1.83e+06 
3.43e+11 4.48e+11 3.95e+11 5.17e+11   24   25      0        0  2.67e+08  1.65e+06  3.52e+08  7.19e+34  3.11e-18  1.58e+06  1.71e+02  5.56e+04  4.97e-09  3.23e-06  1.60e-04  1.96e-02  1.00e-20 -8.76e+19  3.08e+19 -4.34e+19  1.54e+04  2.12e+05  2.68e+06  0.00e+00  1.84e+06 
3.43e+11 5.85e+11 3.95e+11 6.75e+11   24   26      0        1  2.61e+08  1.45e+06  4.49e+08  9.39e+34  1.44e-18  7.30e+05  9.46e+01  5.57e+04  3.96e-09  2.54e-06  1.29e-04  1.57e-02  1.00e-20 -4.35e+19  3.83e+18 -4.85e+19  2.65e+04  3.65e+05  2.34e+06  0.00e+00  1.61e+06 
3.43e+11 7.65e+11 3.95e+11 8.83e+11   24   27      1        2  2.49e+08  1.27e+06  5.58e+08  7.89e+34  0.00e+00  8.24e-18  2.18e+01  5.58e+04  0.00e+00  0.00e+00  0.00e+00  0.00e+00  0.00e+00 -2.83e+18  6.63e+18 -2.22e+19       inf       inf  1.66e+06  0.00e+00  1.14e+06 
3.43e+11 1.00e+12 3.95e+11 1.15e+12   24   28     -1        0  2.31e+08  1.11e+06  6.77e+08  0.00e+00  0.00e+00  0.00e+00  0.00e+00  0.00e+00  0.00e+00  0.00e+00  0.00e+00  0.00e+00  0.00e+00  0.00e+00  0.00e+00  0.00e+00  0.00e+00  0.00e+00  0.00e+00  0.00e+00  0.00e+00 
3.43e+11 1.31e+12 3.95e+11 1.51e+12   24   29     -1        0  2.11e+08  9.71e+05  8.07e+08  0.00e+00  0.00e+00  0.00e+00  0.00e+00  0.00e+00  0.00e+00  0.00e+00  0.00e+00  0.00e+00  0.00e+00  0.00e+00  0.00e+00  0.00e+00  0.00e+00  0.00e+00  0.00e+00  0.00e+00  0.00e+00 
4.48e+11 0.00e+00 5.17e+11 3.63e+08   25    0     -1        0  3.82e+05  1.54e+07  3.40e+03  0.00e+00  0.00e+00  0.00e+00  0.00e+00  0.00e+00  0.00e+00  0.00e+00  0.00e+00  0.00e+00  0.00e+00  0.00e+00  0.00e+00  0.00e+00  0.00e+00  0.00e+00  0.00e+00  0.00e+00  0.00e+00 
4.48e+11 7.25e+08 5.17e+11 8.37e+08   25    1     -1        0  1.64e+07  1.42e+07  1.72e+05  0.00e+00  0.00e+00  0.00e+00  0.00e+00  0.00e+00  0.00e+00  0.00e+00  0.00e+00  0.00e+00  0.00e+00  0.00e+00  0.00e+00  0.00e+00  0.00e+00  0.00e+00  0.00e+00  0.00e+00  0.00e+00 
4.48e+11 9.48e+08 5.17e+11 1.09e+09   25    2     -1        0  1.96e+07  1.38e+07  2.16e+05  0.00e+00  0.00e+00  0.00e+00  0.00e+00  0.00e+00  0.00e+00  0.00e+00  0.00e+00  0.00e+00  0.00e+00  0.00e+00  0.00e+00  0.00e+00  0.00e+00  0.00e+00  0.00e+00  0.00e+00  0.00e+00 
4.48e+11 1.24e+09 5.17e+11 1.43e+09   25    3     -1        0  2.31e+07  1.34e+07  2.69e+05  0.00e+00  0.00e+00  0.00e+00  0.00e+00  0.00e+00  0.00e+00  0.00e+00  0.00e+00  0.00e+00  0.00e+00  0.00e+00  0.00e+00  0.00e+00  0.00e+00  0.00e+00  0.00e+00  0.00e+00  0.00e+00 
4.48e+11 1.62e+09 5.17e+11 1.87e+09   25    4     -1        0  2.67e+07  1.30e+07  3.34e+05  0.00e+00  0.00e+00  0.00e+00  0.00e+00  0.00e+00  0.00e+00  0.00e+00  0.00e+00  0.00e+00  0.00e+00  0.00e+00  0.00e+00  0.00e+00  0.00e+00  0.00e+00  0.00e+00  0.00e+00  0.00e+00 
4.48e+11 2.12e+09 5.17e+11 2.44e+09   25    5     -1        0  3.05e+07  1.24e+07  4.16e+05  0.00e+00  0.00e+00  0.00e+00  0.00e+00  0.00e+00  0.00e+00  0.00e+00  0.00e+00  0.00e+00  0.00e+00  0.00e+00  0.00e+00  0.00e+00  0.00e+00  0.00e+00  0.00e+00  0.00e+00  0.00e+00 
4.48e+11 2.77e+09 5.17e+11 3.19e+09   25    6     -1        0  3.46e+07  1.18e+07  5.21e+05  0.00e+00  0.00e+00  0.00e+00  0.00e+00  0.00e+00  0.00e+00  0.00e+00  0.00e+00  0.00e+00  0.00e+00  0.00e+00  0.00e+00  0.00e+00  0.00e+00  0.00e+00  0.00e+00  0.00e+00  0.00e+00 
4.48e+11 3.62e+09 5.17e+11 4.17e+09   25    7     -1        0  3.89e+07  1.11e+07  6.60e+05  0.00e+00  0.00e+00  0.00e+00  0.00e+00  0.00e+00  0.00e+00  0.00e+00  0.00e+00  0.00e+00  0.00e+00  0.00e+00  0.00e+00  0.00e+00  0.00e+00  0.00e+00  0.00e+00  0.00e+00  0.00e+00 
4.48e+11 4.73e+09 5.17e+11 5.45e+09   25    8     -1        0  4.36e+07  1.04e+07  8.49e+05  0.00e+00  0.00e+00  0.00e+00  0.00e+00  0.00e+00  0.00e+00  0.00e+00  0.00e+00  0.00e+00  0.00e+00  0.00e+00  0.00e+00  0.00e+00  0.00e+00  0.00e+00  0.00e+00  0.00e+00  0.00e+00 
4.48e+11 6.18e+09 5.17e+11 7.12e+09   25    9     -1        0  4.89e+07  9.64e+06  1.11e+06  0.00e+00  0.00e+00  0.00e+00  0.00e+00  0.00e+00  0.00e+00  0.00e+00  0.00e+00  0.00e+00  0.00e+00  0.00e+00  0.00e+00  0.00e+00  0.00e+00  0.00e+00  0.00e+00  0.00e+00  0.00e+00 
4.48e+11 8.07e+09 5.17e+11 9.31e+09   25   10     -1        0  5.48e+07  8.85e+06  1.48e+06  0.00e+00  0.00e+00  0.00e+00  0.00e+00  0.00e+00  0.00e+00  0.00e+00  0.00e+00  0.00e+00  0.00e+00  0.00e+00  0.00e+00  0.00e+00  0.00e+00  0.00e+00  0.00e+00  0.00e+00  0.00e+00 
4.48e+11 1.05e+10 5.17e+11 1.22e+10   25   11     -1        0  6.16e+07  8.06e+06  2.00e+06  0.00e+00  0.00e+00  0.00e+00  0.00e+00  0.00e+00  0.00e+00  0.00e+00  0.00e+00  0.00e+00  0.00e+00  0.00e+00  0.00e+00  0.00e+00  0.00e+00  0.00e+00  0.00e+00  0.00e+00  0.00e+00 
4.48e+11 1.38e+10 5.17e+11 1.59e+10   25   12     -1        0  6.93e+07  7.29e+06  2.75e+06  0.00e+00  0.00e+00  0.00e+00  0.00e+00  0.00e+00  0.00e+00  0.00e+00  0.00e+00  0.00e+00  0.00e+00  0.00e+00  0.00e+00  0.00e+00  0.00e+00  0.00e+00  0.00e+00  0.00e+00  0.00e+00 
4.48e+11 1.80e+10 5.17e+11 2.08e+10   25   13     -1        0  7.81e+07  6.55e+06  3.84e+06  0.00e+00  0.00e+00  0.00e+00  0.00e+00  0.00e+00  0.00e+00  0.00e+00  0.00e+00  0.00e+00  0.00e+00  0.00e+00  0.00e+00  0.00e+00  0.00e+00  0.00e+00  0.00e+00  0.00e+00  0.00e+00 
4.48e+11 2.36e+10 5.17e+11 2.72e+10   25   14     -1        0  8.83e+07  5.86e+06  5.43e+06  0.00e+00  0.00e+00  0.00e+00  0.00e+00  0.00e+00  0.00e+00  0.00e+00  0.00e+00  0.00e+00  0.00e+00  0.00e+00  0.00e+00  0.00e+00  0.00e+00  0.00e+00  0.00e+00  0.00e+00  0.00e+00 
4.48e+11 3.08e+10 5.17e+11 3.55e+10   25   15     -1        0  9.99e+07  5.21e+06  7.76e+06  0.00e+00  0.00e+00  0.00e+00  0.00e+00  0.00e+00  0.00e+00  0.00e+00  0.00e+00  0.00e+00  0.00e+00  0.00e+00  0.00e+00  0.00e+00  0.00e+00  0.00e+00  0.00e+00  0.00e+00  0.00e+00 
4.48e+11 4.02e+10 5.17e+11 4.64e+10   25   16     -1        0  1.13e+08  4.62e+06  1.12e+07  0.00e+00  0.00e+00  0.00e+00  0.00e+00  0.00e+00  0.00e+00  0.00e+00  0.00e+00  0.00e+00  0.00e+00  0.00e+00  0.00e+00  0.00e+00  0.00e+00  0.00e+00  0.00e+00  0.00e+00  0.00e+00 
4.48e+11 5.26e+10 5.17e+11 6.07e+10   25   17     -1        0  1.28e+08  4.09e+06  1.62e+07  0.00e+00  0.00e+00  0.00e+00  0.00e+00  0.00e+00  0.00e+00  0.00e+00  0.00e+00  0.00e+00  0.00e+00  0.00e+00  0.00e+00  0.00e+00  0.00e+00  0.00e+00  0.00e+00  0.00e+00  0.00e+00 
4.48e+11 6.87e+10 5.17e+11 7.93e+10   25   18      1        2  1.45e+08  3.60e+06  2.36e+07  2.00e+33  0.00e+00  8.45e-18  2.18e+01  5.49e+04  0.00e+00  0.00e+00  0.00e+00  0.00e+00  0.00e+00 -3.89e+17 -2.20e+18 -1.26e+18       inf       inf  5.62e+04  0.00e+00  3.85e+04 
4.48e+11 8.98e+10 5.17e+11 1.04e+11   25   19      1        2  1.65e+08  3.17e+06  3.45e+07  2.08e+34  0.00e+00  8.45e-18  2.18e+01  5.47e+04  0.00e+00  0.00e+00  0.00e+00  0.00e+00  0.00e+00 -4.35e+19 -8.39e+18 -1.76e+19       inf       inf  2.13e+05  0.00e+00  1.44e+05 
4.48e+11 1.17e+11 5.17e+11 1.35e+11   25   20      0        0  1.85e+08  2.79e+06  5.03e+07  3.22e+34  3.04e-16  1.54e+08  4.67e+03  5.48e+04  2.33e-07  2.78e-04  8.98e-03  5.42e-01  1.00e-20 -2.94e+20  2.12e+19 -9.43e+19  4.68e+01  6.40e+02  4.32e+05  0.00e+00  2.93e+05 
4.48e+11 1.53e+11 5.17e+11 1.77e+11   25   21      0        0  2.08e+08  2.45e+06  7.30e+07  4.21e+34  1.24e-16  6.30e+07  2.52e+03  5.49e+04  1.07e-07  9.86e-05  3.60e-03  3.09e-01  1.00e-20 -1.79e+20  3.72e+19 -4.50e+19  1.49e+02  2.08e+03  7.29e+05  0.00e+00  4.94e+05 
4.48e+11 2.01e+11 5.17e+11 2.31e+11   25   22      0        0  2.30e+08  2.15e+06  1.05e+08  5.50e+34  5.10e-17  2.59e+07  1.38e+03  5.50e+04  5.00e-08  4.04e-05  1.64e-03  1.71e-01  1.00e-20 -1.70e+20  6.73e+18 -6.77e+19  4.63e+02  6.37e+03  1.17e+06  0.00e+00  7.91e+05 
4.48e+11 2.62e+11 5.17e+11 3.02e+11   25   23      0        0  2.51e+08  1.88e+06  1.49e+08  7.19e+34  2.12e-17  1.08e+07  7.54e+02  5.51e+04  2.46e-08  1.84e-05  8.10e-04  9.27e-02  1.00e-20 -1.48e+20  4.29e+19 -1.02e+20  1.34e+03  1.84e+04  1.73e+06  0.00e+00  1.18e+06 
4.48e+11 3.43e+11 5.17e+11 3.95e+11   25   24      0        0  2.68e+08  1.65e+06  2.07e+08  9.39e+34  9.00e-18  4.57e+06  4.16e+02  5.53e+04  1.33e-08  9.19e-06  4.34e-04  5.18e-02  1.00e-20 -9.81e+19 -3.25e+17 -7.80e+19  3.52e+03  4.86e+04  2.30e+06  0.00e+00  1.57e+06 
4.48e+11 4.48e+11 5.17e+11 5.17e+11   25   25      0        0  2.77e+08  1.45e+06  2.80e+08  1.23e+35  3.93e-18  2.00e+06  2.33e+02  5.54e+04  8.00e-09  5.27e-06  2.59e-04  3.10e-02  1.00e-20 -1.33e+20 -2.87e+19 -1.59e+20  8.05e+03  1.11e+05  2.67e+06  0.00e+00  1.83e+06 
4.48e+11 5.85e+11 5.17e+11 6.75e+11   25   26      0        0  2.78e+08  1.27e+06  3.66e+08  1.60e+35  1.77e-18  8.98e+05  1.31e+02  5.55e+04  5.55e-09  3.59e-06  1.81e-04  2.22e-02  1.00e-20 -3.45e+19  2.29e+18 -2.68e+19  1.59e+04  2.21e+05  2.68e+06  0.00e+00  1.84e+06 
4.48e+11 7.65e+11 5.17e+11 8.83e+11   25   27      1        2  2.71e+08  1.11e+06  4.65e+08  7.69e+34  0.00e+00  8.24e-18  2.18e+01  5.57e+04  0.00e+00  0.00e+00  0.00e+00  0.00e+00  0.00e+00  0.00e+00  0.00e+00  0.00e+00       inf       inf  1.93e+06  0.00e+00  1.33e+06 
4.48e+11 1.00e+12 5.17e+11 1.15e+12   25   28     -1        0  2.56e+08  9.70e+05  5.73e+08  0.00e+00  0.00e+00  0.00e+00  0.00e+00  0.00e+00  0.00e+00  0.00e+00  0.00e+00  0.00e+00  0.00e+00  0.00e+00  0.00e+00  0.00e+00  0.00e+00  0.00e+00  0.00e+00  0.00e+00  0.00e+00 
4.48e+11 1.31e+12 5.17e+11 1.51e+12   25   29     -1        0  2.36e+08  8.49e+05  6.92e+08  0.00e+00  0.00e+00  0.00e+00  0.00e+00  0.00e+00  0.00e+00  0.00e+00  0.00e+00  0.00e+00  0.00e+00  0.00e+00  0.00e+00  0.00e+00  0.00e+00  0.00e+00  0.00e+00  0.00e+00  0.00e+00 
5.85e+11 0.00e+00 6.75e+11 3.63e+08   26    0     -1        0  3.46e+05  1.35e+07  2.35e+03  0.00e+00  0.00e+00  0.00e+00  0.00e+00  0.00e+00  0.00e+00  0.00e+00  0.00e+00  0.00e+00  0.00e+00  0.00e+00  0.00e+00  0.00e+00  0.00e+00  0.00e+00  0.00e+00  0.00e+00  0.00e+00 
5.85e+11 7.25e+08 6.75e+11 8.37e+08   26    1     -1        0  1.73e+07  1.24e+07  1.39e+05  0.00e+00  0.00e+00  0.00e+00  0.00e+00  0.00e+00  0.00e+00  0.00e+00  0.00e+00  0.00e+00  0.00e+00  0.00e+00  0.00e+00  0.00e+00  0.00e+00  0.00e+00  0.00e+00  0.00e+00  0.00e+00 
5.85e+11 9.48e+08 6.75e+11 1.09e+09   26    2     -1        0  2.03e+07  1.21e+07  1.71e+05  0.00e+00  0.00e+00  0.00e+00  0.00e+00  0.00e+00  0.00e+00  0.00e+00  0.00e+00  0.00e+00  0.00e+00  0.00e+00  0.00e+00  0.00e+00  0.00e+00  0.00e+00  0.00e+00  0.00e+00  0.00e+00 
5.85e+11 1.24e+09 6.75e+11 1.43e+09   26    3     -1        0  2.34e+07  1.18e+07  2.09e+05  0.00e+00  0.00e+00  0.00e+00  0.00e+00  0.00e+00  0.00e+00  0.00e+00  0.00e+00  0.00e+00  0.00e+00  0.00e+00  0.00e+00  0.00e+00  0.00e+00  0.00e+00  0.00e+00  0.00e+00  0.00e+00 
5.85e+11 1.62e+09 6.75e+11 1.87e+09   26    4     -1        0  2.66e+07  1.14e+07  2.55e+05  0.00e+00  0.00e+00  0.00e+00  0.00e+00  0.00e+00  0.00e+00  0.00e+00  0.00e+00  0.00e+00  0.00e+00  0.00e+00  0.00e+00  0.00e+00  0.00e+00  0.00e+00  0.00e+00  0.00e+00  0.00e+00 
5.85e+11 2.12e+09 6.75e+11 2.44e+09   26    5     -1        0  2.99e+07  1.09e+07  3.12e+05  0.00e+00  0.00e+00  0.00e+00  0.00e+00  0.00e+00  0.00e+00  0.00e+00  0.00e+00  0.00e+00  0.00e+00  0.00e+00  0.00e+00  0.00e+00  0.00e+00  0.00e+00  0.00e+00  0.00e+00  0.00e+00 
5.85e+11 2.77e+09 6.75e+11 3.19e+09   26    6     -1        0  3.35e+07  1.03e+07  3.86e+05  0.00e+00  0.00e+00  0.00e+00  0.00e+00  0.00e+00  0.00e+00  0.00e+00  0.00e+00  0.00e+00  0.00e+00  0.00e+00  0.00e+00  0.00e+00  0.00e+00  0.00e+00  0.00e+00  0.00e+00  0.00e+00 
5.85e+11 3.62e+09 6.75e+11 4.17e+09   26    7     -1        0  3.73e+07  9.75e+06  4.84e+05  0.00e+00  0.00e+00  0.00e+00  0.00e+00  0.00e+00  0.00e+00  0.00e+00  0.00e+00  0.00e+00  0.00e+00  0.00e+00  0.00e+00  0.00e+00  0.00e+00  0.00e+00  0.00e+00  0.00e+00  0.00e+00 
5.85e+11 4.73e+09 6.75e+11 5.45e+09   26    8     -1        0  4.15e+07  9.11e+06  6.17e+05  0.00e+00  0.00e+00  0.00e+00  0.00e+00  0.00e+00  0.00e+00  0.00e+00  0.00e+00  0.00e+00  0.00e+00  0.00e+00  0.00e+00  0.00e+00  0.00e+00  0.00e+00  0.00e+00  0.00e+00  0.00e+00 
5.85e+11 6.18e+09 6.75e+11 7.12e+09   26    9     -1        0  4.61e+07  8.43e+06  8.01e+05  0.00e+00  0.00e+00  0.00e+00  0.00e+00  0.00e+00  0.00e+00  0.00e+00  0.00e+00  0.00e+00  0.00e+00  0.00e+00  0.00e+00  0.00e+00  0.00e+00  0.00e+00  0.00e+00  0.00e+00  0.00e+00 
5.85e+11 8.07e+09 6.75e+11 9.31e+09   26   10     -1        0  5.14e+07  7.74e+06  1.06e+06  0.00e+00  0.00e+00  0.00e+00  0.00e+00  0.00e+00  0.00e+00  0.00e+00  0.00e+00  0.00e+00  0.00e+00  0.00e+00  0.00e+00  0.00e+00  0.00e+00  0.00e+00  0.00e+00  0.00e+00  0.00e+00 
5.85e+11 1.05e+10 6.75e+11 1.22e+10   26   11     -1        0  5.75e+07  7.05e+06  1.43e+06  0.00e+00  0.00e+00  0.00e+00  0.00e+00  0.00e+00  0.00e+00  0.00e+00  0.00e+00  0.00e+00  0.00e+00  0.00e+00  0.00e+00  0.00e+00  0.00e+00  0.00e+00  0.00e+00  0.00e+00  0.00e+00 
5.85e+11 1.38e+10 6.75e+11 1.59e+10   26   12     -1        0  6.45e+07  6.38e+06  1.96e+06  0.00e+00  0.00e+00  0.00e+00  0.00e+00  0.00e+00  0.00e+00  0.00e+00  0.00e+00  0.00e+00  0.00e+00  0.00e+00  0.00e+00  0.00e+00  0.00e+00  0.00e+00  0.00e+00  0.00e+00  0.00e+00 
5.85e+11 1.80e+10 6.75e+11 2.08e+10   26   13     -1        0  7.25e+07  5.73e+06  2.73e+06  0.00e+00  0.00e+00  0.00e+00  0.00e+00  0.00e+00  0.00e+00  0.00e+00  0.00e+00  0.00e+00  0.00e+00  0.00e+00  0.00e+00  0.00e+00  0.00e+00  0.00e+00  0.00e+00  0.00e+00  0.00e+00 
5.85e+11 2.36e+10 6.75e+11 2.72e+10   26   14     -1        0  8.18e+07  5.12e+06  3.85e+06  0.00e+00  0.00e+00  0.00e+00  0.00e+00  0.00e+00  0.00e+00  0.00e+00  0.00e+00  0.00e+00  0.00e+00  0.00e+00  0.00e+00  0.00e+00  0.00e+00  0.00e+00  0.00e+00  0.00e+00  0.00e+00 
5.85e+11 3.08e+10 6.75e+11 3.55e+10   26   15     -1        0  9.24e+07  4.56e+06  5.49e+06  0.00e+00  0.00e+00  0.00e+00  0.00e+00  0.00e+00  0.00e+00  0.00e+00  0.00e+00  0.00e+00  0.00e+00  0.00e+00  0.00e+00  0.00e+00  0.00e+00  0.00e+00  0.00e+00  0.00e+00  0.00e+00 
5.85e+11 4.02e+10 6.75e+11 4.64e+10   26   16     -1        0  1.05e+08  4.04e+06  7.90e+06  0.00e+00  0.00e+00  0.00e+00  0.00e+00  0.00e+00  0.00e+00  0.00e+00  0.00e+00  0.00e+00  0.00e+00  0.00e+00  0.00e+00  0.00e+00  0.00e+00  0.00e+00  0.00e+00  0.00e+00  0.00e+00 
5.85e+11 5.26e+10 6.75e+11 6.07e+10   26   17     -1        0  1.19e+08  3.57e+06  1.15e+07  0.00e+00  0.00e+00  0.00e+00  0.00e+00  0.00e+00  0.00e+00  0.00e+00  0.00e+00  0.00e+00  0.00e+00  0.00e+00  0.00e+00  0.00e+00  0.00e+00  0.00e+00  0.00e+00  0.00e+00  0.00e+00 
5.85e+11 6.87e+10 6.75e+11 7.93e+10   26   18     -1        0  1.35e+08  3.15e+06  1.67e+07  0.00e+00  0.00e+00  0.00e+00  0.00e+00  0.00e+00  0.00e+00  0.00e+00  0.00e+00  0.00e+00  0.00e+00  0.00e+00  0.00e+00  0.00e+00  0.00e+00  0.00e+00  0.00e+00  0.00e+00  0.00e+00 
5.85e+11 8.98e+10 6.75e+11 1.04e+11   26   19      1        2  1.52e+08  2.78e+06  2.44e+07  3.74e+33  0.00e+00  8.45e-18  2.18e+01  5.47e+04  0.00e+00  0.00e+00  0.00e+00  0.00e+00  0.00e+00 -6.50e+18 -1.14e+19 -8.13e+17       inf       inf  5.17e+04  0.00e+00  3.53e+04 
5.85e+11 1.17e+11 6.75e+11 1.35e+11   26   20      1        2  1.73e+08  2.44e+06  3.58e+07  4.54e+34  0.00e+00  8.45e-18  2.18e+01  5.46e+04  0.00e+00  0.00e+00  0.00e+00  0.00e+00  0.00e+00 -2.90e+18 -2.30e+19  2.60e+18       inf       inf  2.09e+05  0.00e+00  1.41e+05 
5.85e+11 1.53e+11 6.75e+11 1.77e+11   26   21      0        0  1.94e+08  2.14e+06  5.23e+07  7.19e+34  1.74e-16  8.85e+07  3.89e+03  5.48e+04  2.56e-07  3.03e-04  9.99e-03  5.68e-01  1.00e-20 -1.71e+20  2.35e+18 -3.06e+19  4.77e+01  6.53e+02  4.31e+05  0.00e+00  2.92e+05 
5.85e+11 2.01e+11 6.75e+11 2.31e+11   26   22      0        0  2.18e+08  1.88e+06  7.61e+07  9.39e+34  7.08e-17  3.60e+07  2.08e+03  5.49e+04  1.18e-07  1.07e-04  4.00e-03  3.34e-01  1.00e-20 -1.31e+20 -8.27e+18 -6.89e+19  1.53e+02  2.06e+03  7.28e+05  0.00e+00  4.93e+05 
5.85e+11 2.62e+11 6.75e+11 3.02e+11   26   23      0        0  2.41e+08  1.65e+06  1.10e+08  1.23e+35  2.90e-17  1.47e+07  1.13e+03  5.49e+04  5.48e-08  4.37e-05  1.82e-03  1.87e-01  1.00e-20 -1.00e+20 -4.26e+19 -6.44e+19  4.75e+02  6.54e+03  1.17e+06  0.00e+00  7.91e+05 
5.85e+11 3.43e+11 6.75e+11 3.95e+11   26   24      0        0  2.62e+08  1.44e+06  1.55e+08  1.60e+35  1.21e-17  6.12e+06  6.14e+02  5.50e+04  2.70e-08  1.99e-05  8.96e-04  1.02e-01  1.00e-20 -1.50e+20  1.80e+19 -7.19e+19  1.38e+03  1.92e+04  1.73e+06  0.00e+00  1.18e+06 
5.85e+11 4.48e+11 6.75e+11 5.17e+11   26   25      0        0  2.79e+08  1.27e+06  2.15e+08  2.10e+35  5.12e-18  2.60e+06  3.34e+02  5.52e+04  1.46e-08  1.00e-05  4.82e-04  5.73e-02  1.00e-20 -1.16e+20  3.76e+19 -6.08e+19  3.62e+03  5.00e+04  2.30e+06  0.00e+00  1.57e+06 
5.85e+11 5.85e+11 6.75e+11 6.75e+11   26   26      1        2  2.88e+08  1.11e+06  2.90e+08  2.06e+35  0.00e+00  8.24e-18  2.18e+01  5.54e+04  0.00e+00  0.00e+00  0.00e+00  0.00e+00  0.00e+00 -8.59e+18 -1.22e+19 -4.32e+19       inf       inf  2.67e+06  0.00e+00  1.83e+06 
5.85e+11 7.65e+11 6.75e+11 8.83e+11   26   27      1        2  2.87e+08  9.70e+05  3.78e+08  9.29e+33  0.00e+00  8.24e-18  2.18e+01  5.55e+04  0.00e+00  0.00e+00  0.00e+00  0.00e+00  0.00e+00 -3.53e+18 -1.80e+18  1.87e+18       inf       inf  7.86e+05  0.00e+00  5.39e+05 
5.85e+11 1.00e+12 6.75e+11 1.15e+12   26   28     -1        0  2.78e+08  8.49e+05  4.77e+08  0.00e+00  0.00e+00  0.00e+00  0.00e+00  0.00e+00  0.00e+00  0.00e+00  0.00e+00  0.00e+00  0.00e+00  0.00e+00  0.00e+00  0.00e+00  0.00e+00  0.00e+00  0.00e+00  0.00e+00  0.00e+00 
5.85e+11 1.31e+12 6.75e+11 1.51e+12   26   29     -1        0  2.61e+08  7.43e+05  5.86e+08  0.00e+00  0.00e+00  0.00e+00  0.00e+00  0.00e+00  0.00e+00  0.00e+00  0.00e+00  0.00e+00  0.00e+00  0.00e+00  0.00e+00  0.00e+00  0.00e+00  0.00e+00  0.00e+00  0.00e+00  0.00e+00 
7.65e+11 0.00e+00 8.83e+11 3.63e+08   27    0     -1        0  3.13e+05  1.18e+07  1.63e+03  0.00e+00  0.00e+00  0.00e+00  0.00e+00  0.00e+00  0.00e+00  0.00e+00  0.00e+00  0.00e+00  0.00e+00  0.00e+00  0.00e+00  0.00e+00  0.00e+00  0.00e+00  0.00e+00  0.00e+00  0.00e+00 
7.65e+11 7.25e+08 8.83e+11 8.37e+08   27    1     -1        0  1.78e+07  1.08e+07  1.10e+05  0.00e+00  0.00e+00  0.00e+00  0.00e+00  0.00e+00  0.00e+00  0.00e+00  0.00e+00  0.00e+00  0.00e+00  0.00e+00  0.00e+00  0.00e+00  0.00e+00  0.00e+00  0.00e+00  0.00e+00  0.00e+00 
7.65e+11 9.48e+08 8.83e+11 1.09e+09   27    2     -1        0  2.05e+07  1.06e+07  1.32e+05  0.00e+00  0.00e+00  0.00e+00  0.00e+00  0.00e+00  0.00e+00  0.00e+00  0.00e+00  0.00e+00  0.00e+00  0.00e+00  0.00e+00  0.00e+00  0.00e+00  0.00e+00  0.00e+00  0.00e+00  0.00e+00 
7.65e+11 1.24e+09 8.83e+11 1.43e+09   27    3     -1        0  2.32e+07  1.03e+07  1.58e+05  0.00e+00  0.00e+00  0.00e+00  0.00e+00  0.00e+00  0.00e+00  0.00e+00  0.00e+00  0.00e+00  0.00e+00  0.00e+00  0.00e+00  0.00e+00  0.00e+00  0.00e+00  0.00e+00  0.00e+00  0.00e+00 
7.65e+11 1.62e+09 8.83e+11 1.87e+09   27    4     -1        0  2.59e+07  9.93e+06  1.90e+05  0.00e+00  0.00e+00  0.00e+00  0.00e+00  0.00e+00  0.00e+00  0.00e+00  0.00e+00  0.00e+00  0.00e+00  0.00e+00  0.00e+00  0.00e+00  0.00e+00  0.00e+00  0.00e+00  0.00e+00  0.00e+00 
7.65e+11 2.12e+09 8.83e+11 2.44e+09   27    5     -1        0  2.88e+07  9.52e+06  2.30e+05  0.00e+00  0.00e+00  0.00e+00  0.00e+00  0.00e+00  0.00e+00  0.00e+00  0.00e+00  0.00e+00  0.00e+00  0.00e+00  0.00e+00  0.00e+00  0.00e+00  0.00e+00  0.00e+00  0.00e+00  0.00e+00 
7.65e+11 2.77e+09 8.83e+11 3.19e+09   27    6     -1        0  3.18e+07  9.05e+06  2.81e+05  0.00e+00  0.00e+00  0.00e+00  0.00e+00  0.00e+00  0.00e+00  0.00e+00  0.00e+00  0.00e+00  0.00e+00  0.00e+00  0.00e+00  0.00e+00  0.00e+00  0.00e+00  0.00e+00  0.00e+00  0.00e+00 
7.65e+11 3.62e+09 8.83e+11 4.17e+09   27    7     -1        0  3.51e+07  8.53e+06  3.49e+05  0.00e+00  0.00e+00  0.00e+00  0.00e+00  0.00e+00  0.00e+00  0.00e+00  0.00e+00  0.00e+00  0.00e+00  0.00e+00  0.00e+00  0.00e+00  0.00e+00  0.00e+00  0.00e+00  0.00e+00  0.00e+00 
7.65e+11 4.73e+09 8.83e+11 5.45e+09   27    8     -1        0  3.88e+07  7.97e+06  4.41e+05  0.00e+00  0.00e+00  0.00e+00  0.00e+00  0.00e+00  0.00e+00  0.00e+00  0.00e+00  0.00e+00  0.00e+00  0.00e+00  0.00e+00  0.00e+00  0.00e+00  0.00e+00  0.00e+00  0.00e+00  0.00e+00 
7.65e+11 6.18e+09 8.83e+11 7.12e+09   27    9     -1        0  4.29e+07  7.38e+06  5.70e+05  0.00e+00  0.00e+00  0.00e+00  0.00e+00  0.00e+00  0.00e+00  0.00e+00  0.00e+00  0.00e+00  0.00e+00  0.00e+00  0.00e+00  0.00e+00  0.00e+00  0.00e+00  0.00e+00  0.00e+00  0.00e+00 
7.65e+11 8.07e+09 8.83e+11 9.31e+09   27   10     -1        0  4.76e+07  6.77e+06  7.50e+05  0.00e+00  0.00e+00  0.00e+00  0.00e+00  0.00e+00  0.00e+00  0.00e+00  0.00e+00  0.00e+00  0.00e+00  0.00e+00  0.00e+00  0.00e+00  0.00e+00  0.00e+00  0.00e+00  0.00e+00  0.00e+00 
7.65e+11 1.05e+10 8.83e+11 1.22e+10   27   11     -1        0  5.30e+07  6.17e+06  1.01e+06  0.00e+00  0.00e+00  0.00e+00  0.00e+00  0.00e+00  0.00e+00  0.00e+00  0.00e+00  0.00e+00  0.00e+00  0.00e+00  0.00e+00  0.00e+00  0.00e+00  0.00e+00  0.00e+00  0.00e+00  0.00e+00 
7.65e+11 1.38e+10 8.83e+11 1.59e+10   27   12     -1        0  5.92e+07  5.58e+06  1.38e+06  0.00e+00  0.00e+00  0.00e+00  0.00e+00  0.00e+00  0.00e+00  0.00e+00  0.00e+00  0.00e+00  0.00e+00  0.00e+00  0.00e+00  0.00e+00  0.00e+00  0.00e+00  0.00e+00  0.00e+00  0.00e+00 
7.65e+11 1.80e+10 8.83e+11 2.08e+10   27   13     -1        0  6.65e+07  5.01e+06  1.91e+06  0.00e+00  0.00e+00  0.00e+00  0.00e+00  0.00e+00  0.00e+00  0.00e+00  0.00e+00  0.00e+00  0.00e+00  0.00e+00  0.00e+00  0.00e+00  0.00e+00  0.00e+00  0.00e+00  0.00e+00  0.00e+00 
7.65e+11 2.36e+10 8.83e+11 2.72e+10   27   14     -1        0  7.48e+07  4.48e+06  2.69e+06  0.00e+00  0.00e+00  0.00e+00  0.00e+00  0.00e+00  0.00e+00  0.00e+00  0.00e+00  0.00e+00  0.00e+00  0.00e+00  0.00e+00  0.00e+00  0.00e+00  0.00e+00  0.00e+00  0.00e+00  0.00e+00 
7.65e+11 3.08e+10 8.83e+11 3.55e+10   27   15     -1        0  8.45e+07  3.99e+06  3.84e+06  0.00e+00  0.00e+00  0.00e+00  0.00e+00  0.00e+00  0.00e+00  0.00e+00  0.00e+00  0.00e+00  0.00e+00  0.00e+00  0.00e+00  0.00e+00  0.00e+00  0.00e+00  0.00e+00  0.00e+00  0.00e+00 
7.65e+11 4.02e+10 8.83e+11 4.64e+10   27   16     -1        0  9.56e+07  3.54e+06  5.52e+06  0.00e+00  0.00e+00  0.00e+00  0.00e+00  0.00e+00  0.00e+00  0.00e+00  0.00e+00  0.00e+00  0.00e+00  0.00e+00  0.00e+00  0.00e+00  0.00e+00  0.00e+00  0.00e+00  0.00e+00  0.00e+00 
7.65e+11 5.26e+10 8.83e+11 6.07e+10   27   17     -1        0  1.08e+08  3.13e+06  8.01e+06  0.00e+00  0.00e+00  0.00e+00  0.00e+00  0.00e+00  0.00e+00  0.00e+00  0.00e+00  0.00e+00  0.00e+00  0.00e+00  0.00e+00  0.00e+00  0.00e+00  0.00e+00  0.00e+00  0.00e+00  0.00e+00 
7.65e+11 6.87e+10 8.83e+11 7.93e+10   27   18     -1        0  1.23e+08  2.76e+06  1.17e+07  0.00e+00  0.00e+00  0.00e+00  0.00e+00  0.00e+00  0.00e+00  0.00e+00  0.00e+00  0.00e+00  0.00e+00  0.00e+00  0.00e+00  0.00e+00  0.00e+00  0.00e+00  0.00e+00  0.00e+00  0.00e+00 
7.65e+11 8.98e+10 8.83e+11 1.04e+11   27   19     -1        0  1.39e+08  2.43e+06  1.71e+07  0.00e+00  0.00e+00  0.00e+00  0.00e+00  0.00e+00  0.00e+00  0.00e+00  0.00e+00  0.00e+00  0.00e+00  0.00e+00  0.00e+00  0.00e+00  0.00e+00  0.00e+00  0.00e+00  0.00e+00  0.00e+00 
7.65e+11 1.17e+11 8.83e+11 1.35e+11   27   20      1        2  1.58e+08  2.13e+06  2.51e+07  7.25e+33  0.00e+00  8.45e-18  2.18e+01  5.46e+04  0.00e+00  0.00e+00  0.00e+00  0.00e+00  0.00e+00  0.00e+00  0.00e+00  0.00e+00       inf       inf  4.77e+04  0.00e+00  3.24e+04 
7.65e+11 1.53e+11 8.83e+11 1.77e+11   27   21      1        2  1.79e+08  1.87e+06  3.68e+07  9.36e+34  0.00e+00  8.45e-18  2.18e+01  5.46e+04  0.00e+00  0.00e+00  0.00e+00  0.00e+00  0.00e+00 -1.12e+19 -1.95e+19 -1.58e+19       inf       inf  2.05e+05  0.00e+00  1.39e+05 
7.65e+11 2.01e+11 8.83e+11 2.31e+11   27   22      1        2  2.02e+08  1.64e+06  5.39e+07  1.37e+35  0.00e+00  8.45e-18  2.18e+01  5.47e+04  0.00e+00  0.00e+00  0.00e+00  0.00e+00  0.00e+00 -9.21e+19  2.43e+19 -4.20e+19       inf       inf  4.21e+05  0.00e+00  2.85e+05 
7.65e+11 2.62e+11 8.83e+11 3.02e+11   27   23      1        2  2.26e+08  1.44e+06  7.85e+07  1.59e+35  0.00e+00  8.24e-18  2.18e+01  5.49e+04  0.00e+00  0.00e+00  0.00e+00  0.00e+00  0.00e+00 -6.87e+18 -5.05e+18 -1.37e+19       inf       inf  6.99e+05  0.00e+00  4.73e+05 
7.65e+11 3.43e+11 8.83e+11 3.95e+11   27   24      1        2  2.50e+08  1.26e+06  1.13e+08  1.62e+35  0.00e+00  8.24e-18  2.18e+01  5.49e+04  0.00e+00  0.00e+00  0.00e+00  0.00e+00  0.00e+00 -6.44e+19  1.11e+19 -7.69e+18       inf       inf  1.08e+06  0.00e+00  7.31e+05 
7.65e+11 4.48e+11 8.83e+11 5.17e+11   27   25      1        2  2.71e+08  1.11e+06  1.60e+08  1.16e+35  0.00e+00  8.24e-18  2.18e+01  5.51e+04  0.00e+00  0.00e+00  0.00e+00  0.00e+00  0.00e+00 -3.35e+19  5.18e+18 -2.03e+19       inf       inf  1.46e+06  0.00e+00  9.98e+05 
7.65e+11 5.85e+11 8.83e+11 6.75e+11   27   26      1        2  2.88e+08  9.69e+05  2.22e+08  1.18e+34  0.00e+00  8.24e-18  2.18e+01  5.53e+04  0.00e+00  0.00e+00  0.00e+00  0.00e+00  0.00e+00  0.00e+00  0.00e+00  0.00e+00       inf       inf  6.77e+05  0.00e+00  4.63e+05 
7.65e+11 7.65e+11 8.83e+11 8.83e+11   27   27     -1        0  2.96e+08  8.48e+05  2.98e+08  0.00e+00  0.00e+00  0.00e+00  0.00e+00  0.00e+00  0.00e+00  0.00e+00  0.00e+00  0.00e+00  0.00e+00  0.00e+00  0.00e+00  0.00e+00  0.00e+00  0.00e+00  0.00e+00  0.00e+00  0.00e+00 
7.65e+11 1.00e+12 8.83e+11 1.15e+12   27   28     -1        0  2.95e+08  7.42e+05  3.87e+08  0.00e+00  0.00e+00  0.00e+00  0.00e+00  0.00e+00  0.00e+00  0.00e+00  0.00e+00  0.00e+00  0.00e+00  0.00e+00  0.00e+00  0.00e+00  0.00e+00  0.00e+00  0.00e+00  0.00e+00  0.00e+00 
7.65e+11 1.31e+12 8.83e+11 1.51e+12   27   29     -1        0  2.84e+08  6.50e+05  4.86e+08  0.00e+00  0.00e+00  0.00e+00  0.00e+00  0.00e+00  0.00e+00  0.00e+00  0.00e+00  0.00e+00  0.00e+00  0.00e+00  0.00e+00  0.00e+00  0.00e+00  0.00e+00  0.00e+00  0.00e+00  0.00e+00 
1.00e+12 0.00e+00 1.15e+12 3.63e+08   28    0     -1        0  2.83e+05  1.03e+07  1.13e+03  0.00e+00  0.00e+00  0.00e+00  0.00e+00  0.00e+00  0.00e+00  0.00e+00  0.00e+00  0.00e+00  0.00e+00  0.00e+00  0.00e+00  0.00e+00  0.00e+00  0.00e+00  0.00e+00  0.00e+00  0.00e+00 
1.00e+12 7.25e+08 1.15e+12 8.37e+08   28    1     -1        0  1.79e+07  9.48e+06  8.43e+04  0.00e+00  0.00e+00  0.00e+00  0.00e+00  0.00e+00  0.00e+00  0.00e+00  0.00e+00  0.00e+00  0.00e+00  0.00e+00  0.00e+00  0.00e+00  0.00e+00  0.00e+00  0.00e+00  0.00e+00  0.00e+00 
1.00e+12 9.48e+08 1.15e+12 1.09e+09   28    2     -1        0  2.02e+07  9.26e+06  9.95e+04  0.00e+00  0.00e+00  0.00e+00  0.00e+00  0.00e+00  0.00e+00  0.00e+00  0.00e+00  0.00e+00  0.00e+00  0.00e+00  0.00e+00  0.00e+00  0.00e+00  0.00e+00  0.00e+00  0.00e+00  0.00e+00 
1.00e+12 1.24e+09 1.15e+12 1.43e+09   28    3     -1        0  2.25e+07  9.00e+06  1.17e+05  0.00e+00  0.00e+00  0.00e+00  0.00e+00  0.00e+00  0.00e+00  0.00e+00  0.00e+00  0.00e+00  0.00e+00  0.00e+00  0.00e+00  0.00e+00  0.00e+00  0.00e+00  0.00e+00  0.00e+00  0.00e+00 
1.00e+12 1.62e+09 1.15e+12 1.87e+09   28    4     -1        0  2.48e+07  8.69e+06  1.39e+05  0.00e+00  0.00e+00  0.00e+00  0.00e+00  0.00e+00  0.00e+00  0.00e+00  0.00e+00  0.00e+00  0.00e+00  0.00e+00  0.00e+00  0.00e+00  0.00e+00  0.00e+00  0.00e+00  0.00e+00  0.00e+00 
1.00e+12 2.12e+09 1.15e+12 2.44e+09   28    5     -1        0  2.72e+07  8.33e+06  1.66e+05  0.00e+00  0.00e+00  0.00e+00  0.00e+00  0.00e+00  0.00e+00  0.00e+00  0.00e+00  0.00e+00  0.00e+00  0.00e+00  0.00e+00  0.00e+00  0.00e+00  0.00e+00  0.00e+00  0.00e+00  0.00e+00 
1.00e+12 2.77e+09 1.15e+12 3.19e+09   28    6     -1        0  2.98e+07  7.92e+06  2.01e+05  0.00e+00  0.00e+00  0.00e+00  0.00e+00  0.00e+00  0.00e+00  0.00e+00  0.00e+00  0.00e+00  0.00e+00  0.00e+00  0.00e+00  0.00e+00  0.00e+00  0.00e+00  0.00e+00  0.00e+00  0.00e+00 
1.00e+12 3.62e+09 1.15e+12 4.17e+09   28    7     -1        0  3.26e+07  7.46e+06  2.48e+05  0.00e+00  0.00e+00  0.00e+00  0.00e+00  0.00e+00  0.00e+00  0.00e+00  0.00e+00  0.00e+00  0.00e+00  0.00e+00  0.00e+00  0.00e+00  0.00e+00  0.00e+00  0.00e+00  0.00e+00  0.00e+00 
1.00e+12 4.73e+09 1.15e+12 5.45e+09   28    8     -1        0  3.57e+07  6.97e+06  3.11e+05  0.00e+00  0.00e+00  0.00e+00  0.00e+00  0.00e+00  0.00e+00  0.00e+00  0.00e+00  0.00e+00  0.00e+00  0.00e+00  0.00e+00  0.00e+00  0.00e+00  0.00e+00  0.00e+00  0.00e+00  0.00e+00 
1.00e+12 6.18e+09 1.15e+12 7.12e+09   28    9     -1        0  3.93e+07  6.45e+06  4.00e+05  0.00e+00  0.00e+00  0.00e+00  0.00e+00  0.00e+00  0.00e+00  0.00e+00  0.00e+00  0.00e+00  0.00e+00  0.00e+00  0.00e+00  0.00e+00  0.00e+00  0.00e+00  0.00e+00  0.00e+00  0.00e+00 
1.00e+12 8.07e+09 1.15e+12 9.31e+09   28   10     -1        0  4.35e+07  5.92e+06  5.24e+05  0.00e+00  0.00e+00  0.00e+00  0.00e+00  0.00e+00  0.00e+00  0.00e+00  0.00e+00  0.00e+00  0.00e+00  0.00e+00  0.00e+00  0.00e+00  0.00e+00  0.00e+00  0.00e+00  0.00e+00  0.00e+00 
1.00e+12 1.05e+10 1.15e+12 1.22e+10   28   11     -1        0  4.83e+07  5.40e+06  7.02e+05  0.00e+00  0.00e+00  0.00e+00  0.00e+00  0.00e+00  0.00e+00  0.00e+00  0.00e+00  0.00e+00  0.00e+00  0.00e+00  0.00e+00  0.00e+00  0.00e+00  0.00e+00  0.00e+00  0.00e+00  0.00e+00 
1.00e+12 1.38e+10 1.15e+12 1.59e+10   28   12     -1        0  5.39e+07  4.88e+06  9.57e+05  0.00e+00  0.00e+00  0.00e+00  0.00e+00  0.00e+00  0.00e+00  0.00e+00  0.00e+00  0.00e+00  0.00e+00  0.00e+00  0.00e+00  0.00e+00  0.00e+00  0.00e+00  0.00e+00  0.00e+00  0.00e+00 
1.00e+12 1.80e+10 1.15e+12 2.08e+10   28   13     -1        0  6.03e+07  4.39e+06  1.33e+06  0.00e+00  0.00e+00  0.00e+00  0.00e+00  0.00e+00  0.00e+00  0.00e+00  0.00e+00  0.00e+00  0.00e+00  0.00e+00  0.00e+00  0.00e+00  0.00e+00  0.00e+00  0.00e+00  0.00e+00  0.00e+00 
1.00e+12 2.36e+10 1.15e+12 2.72e+10   28   14     -1        0  6.78e+07  3.92e+06  1.87e+06  0.00e+00  0.00e+00  0.00e+00  0.00e+00  0.00e+00  0.00e+00  0.00e+00  0.00e+00  0.00e+00  0.00e+00  0.00e+00  0.00e+00  0.00e+00  0.00e+00  0.00e+00  0.00e+00  0.00e+00  0.00e+00 
1.00e+12 3.08e+10 1.15e+12 3.55e+10   28   15     -1        0  7.65e+07  3.49e+06  2.66e+06  0.00e+00  0.00e+00  0.00e+00  0.00e+00  0.00e+00  0.00e+00  0.00e+00  0.00e+00  0.00e+00  0.00e+00  0.00e+00  0.00e+00  0.00e+00  0.00e+00  0.00e+00  0.00e+00  0.00e+00  0.00e+00 
1.00e+12 4.02e+10 1.15e+12 4.64e+10   28   16     -1        0  8.65e+07  3.09e+06  3.83e+06  0.00e+00  0.00e+00  0.00e+00  0.00e+00  0.00e+00  0.00e+00  0.00e+00  0.00e+00  0.00e+00  0.00e+00  0.00e+00  0.00e+00  0.00e+00  0.00e+00  0.00e+00  0.00e+00  0.00e+00  0.00e+00 
1.00e+12 5.26e+10 1.15e+12 6.07e+10   28   17     -1        0  9.80e+07  2.74e+06  5.54e+06  0.00e+00  0.00e+00  0.00e+00  0.00e+00  0.00e+00  0.00e+00  0.00e+00  0.00e+00  0.00e+00  0.00e+00  0.00e+00  0.00e+00  0.00e+00  0.00e+00  0.00e+00  0.00e+00  0.00e+00  0.00e+00 
1.00e+12 6.87e+10 1.15e+12 7.93e+10   28   18     -1        0  1.11e+08  2.41e+06  8.09e+06  0.00e+00  0.00e+00  0.00e+00  0.00e+00  0.00e+00  0.00e+00  0.00e+00  0.00e+00  0.00e+00  0.00e+00  0.00e+00  0.00e+00  0.00e+00  0.00e+00  0.00e+00  0.00e+00  0.00e+00  0.00e+00 
1.00e+12 8.98e+10 1.15e+12 1.04e+11   28   19     -1        0  1.26e+08  2.12e+06  1.18e+07  0.00e+00  0.00e+00  0.00e+00  0.00e+00  0.00e+00  0.00e+00  0.00e+00  0.00e+00  0.00e+00  0.00e+00  0.00e+00  0.00e+00  0.00e+00  0.00e+00  0.00e+00  0.00e+00  0.00e+00  0.00e+00 
1.00e+12 1.17e+11 1.15e+12 1.35e+11   28   20     -1        0  1.43e+08  1.87e+06  1.74e+07  0.00e+00  0.00e+00  0.00e+00  0.00e+00  0.00e+00  0.00e+00  0.00e+00  0.00e+00  0.00e+00  0.00e+00  0.00e+00  0.00e+00  0.00e+00  0.00e+00  0.00e+00  0.00e+00  0.00e+00  0.00e+00 
1.00e+12 1.53e+11 1.15e+12 1.77e+11   28   21     -1        0  1.63e+08  1.64e+06  2.56e+07  0.00e+00  0.00e+00  0.00e+00  0.00e+00  0.00e+00  0.00e+00  0.00e+00  0.00e+00  0.00e+00  0.00e+00  0.00e+00  0.00e+00  0.00e+00  0.00e+00  0.00e+00  0.00e+00  0.00e+00  0.00e+00 
1.00e+12 2.01e+11 1.15e+12 2.31e+11   28   22     -1        0  1.84e+08  1.44e+06  3.77e+07  0.00e+00  0.00e+00  0.00e+00  0.00e+00  0.00e+00  0.00e+00  0.00e+00  0.00e+00  0.00e+00  0.00e+00  0.00e+00  0.00e+00  0.00e+00  0.00e+00  0.00e+00  0.00e+00  0.00e+00  0.00e+00 
1.00e+12 2.62e+11 1.15e+12 3.02e+11   28   23     -1        0  2.08e+08  1.26e+06  5.53e+07  0.00e+00  0.00e+00  0.00e+00  0.00e+00  0.00e+00  0.00e+00  0.00e+00  0.00e+00  0.00e+00  0.00e+00  0.00e+00  0.00e+00  0.00e+00  0.00e+00  0.00e+00  0.00e+00  0.00e+00  0.00e+00 
1.00e+12 3.43e+11 1.15e+12 3.95e+11   28   24     -1        0  2.32e+08  1.11e+06  8.05e+07  0.00e+00  0.00e+00  0.00e+00  0.00e+00  0.00e+00  0.00e+00  0.00e+00  0.00e+00  0.00e+00  0.00e+00  0.00e+00  0.00e+00  0.00e+00  0.00e+00  0.00e+00  0.00e+00  0.00e+00  0.00e+00 
1.00e+12 4.48e+11 1.15e+12 5.17e+11   28   25     -1        0  2.57e+08  9.68e+05  1.16e+08  0.00e+00  0.00e+00  0.00e+00  0.00e+00  0.00e+00  0.00e+00  0.00e+00  0.00e+00  0.00e+00  0.00e+00  0.00e+00  0.00e+00  0.00e+00  0.00e+00  0.00e+00  0.00e+00  0.00e+00  0.00e+00 
1.00e+12 5.85e+11 1.15e+12 6.75e+11   28   26     -1        0  2.79e+08  8.47e+05  1.64e+08  0.00e+00  0.00e+00  0.00e+00  0.00e+00  0.00e+00  0.00e+00  0.00e+00  0.00e+00  0.00e+00  0.00e+00  0.00e+00  0.00e+00  0.00e+00  0.00e+00  0.00e+00  0.00e+00  0.00e+00  0.00e+00 
1.00e+12 7.65e+11 1.15e+12 8.83e+11   28   27     -1        0  2.95e+08  7.42e+05  2.27e+08  0.00e+00  0.00e+00  0.00e+00  0.00e+00  0.00e+00  0.00e+00  0.00e+00  0.00e+00  0.00e+00  0.00e+00  0.00e+00  0.00e+00  0.00e+00  0.00e+00  0.00e+00  0.00e+00  0.00e+00  0.00e+00 
1.00e+12 1.00e+12 1.15e+12 1.15e+12   28   28     -1        0  3.03e+08  6.49e+05  3.04e+08  0.00e+00  0.00e+00  0.00e+00  0.00e+00  0.00e+00  0.00e+00  0.00e+00  0.00e+00  0.00e+00  0.00e+00  0.00e+00  0.00e+00  0.00e+00  0.00e+00  0.00e+00  0.00e+00  0.00e+00  0.00e+00 
1.00e+12 1.31e+12 1.15e+12 1.51e+12   28   29     -1        0  3.00e+08  5.68e+05  3.94e+08  0.00e+00  0.00e+00  0.00e+00  0.00e+00  0.00e+00  0.00e+00  0.00e+00  0.00e+00  0.00e+00  0.00e+00  0.00e+00  0.00e+00  0.00e+00  0.00e+00  0.00e+00  0.00e+00  0.00e+00  0.00e+00 
1.31e+12 0.00e+00 1.51e+12 3.63e+08   29    0     -1        0  2.56e+05  9.01e+06  7.81e+02  0.00e+00  0.00e+00  0.00e+00  0.00e+00  0.00e+00  0.00e+00  0.00e+00  0.00e+00  0.00e+00  0.00e+00  0.00e+00  0.00e+00  0.00e+00  0.00e+00  0.00e+00  0.00e+00  0.00e+00  0.00e+00 
1.31e+12 7.25e+08 1.51e+12 8.37e+08   29    1     -1        0  1.76e+07  8.29e+06  6.33e+04  0.00e+00  0.00e+00  0.00e+00  0.00e+00  0.00e+00  0.00e+00  0.00e+00  0.00e+00  0.00e+00  0.00e+00  0.00e+00  0.00e+00  0.00e+00  0.00e+00  0.00e+00  0.00e+00  0.00e+00  0.00e+00 
1.31e+12 9.48e+08 1.51e+12 1.09e+09   29    2     -1        0  1.95e+07  8.10e+06  7.35e+04  0.00e+00  0.00e+00  0.00e+00  0.00e+00  0.00e+00  0.00e+00  0.00e+00  0.00e+00  0.00e+00  0.00e+00  0.00e+00  0.00e+00  0.00e+00  0.00e+00  0.00e+00  0.00e+00  0.00e+00  0.00e+00 
1.31e+12 1.24e+09 1.51e+12 1.43e+09   29    3     -1        0  2.14e+07  7.87e+06  8.54e+04  0.00e+00  0.00e+00  0.00e+00  0.00e+00  0.00e+00  0.00e+00  0.00e+00  0.00e+00  0.00e+00  0.00e+00  0.00e+00  0.00e+00  0.00e+00  0.00e+00  0.00e+00  0.00e+00  0.00e+00  0.00e+00 
1.31e+12 1.62e+09 1.51e+12 1.87e+09   29    4     -1        0  2.33e+07  7.60e+06  9.99e+04  0.00e+00  0.00e+00  0.00e+00  0.00e+00  0.00e+00  0.00e+00  0.00e+00  0.00e+00  0.00e+00  0.00e+00  0.00e+00  0.00e+00  0.00e+00  0.00e+00  0.00e+00  0.00e+00  0.00e+00  0.00e+00 
1.31e+12 2.12e+09 1.51e+12 2.44e+09   29    5     -1        0  2.53e+07  7.28e+06  1.18e+05  0.00e+00  0.00e+00  0.00e+00  0.00e+00  0.00e+00  0.00e+00  0.00e+00  0.00e+00  0.00e+00  0.00e+00  0.00e+00  0.00e+00  0.00e+00  0.00e+00  0.00e+00  0.00e+00  0.00e+00  0.00e+00 
1.31e+12 2.77e+09 1.51e+12 3.19e+09   29    6     -1        0  2.75e+07  6.92e+06  1.42e+05  0.00e+00  0.00e+00  0.00e+00  0.00e+00  0.00e+00  0.00e+00  0.00e+00  0.00e+00  0.00e+00  0.00e+00  0.00e+00  0.00e+00  0.00e+00  0.00e+00  0.00e+00  0.00e+00  0.00e+00  0.00e+00 
1.31e+12 3.62e+09 1.51e+12 4.17e+09   29    7     -1        0  2.99e+07  6.53e+06  1.74e+05  0.00e+00  0.00e+00  0.00e+00  0.00e+00  0.00e+00  0.00e+00  0.00e+00  0.00e+00  0.00e+00  0.00e+00  0.00e+00  0.00e+00  0.00e+00  0.00e+00  0.00e+00  0.00e+00  0.00e+00  0.00e+00 
1.31e+12 4.73e+09 1.51e+12 5.45e+09   29    8     -1        0  3.26e+07  6.10e+06  2.17e+05  0.00e+00  0.00e+00  0.00e+00  0.00e+00  0.00e+00  0.00e+00  0.00e+00  0.00e+00  0.00e+00  0.00e+00  0.00e+00  0.00e+00  0.00e+00  0.00e+00  0.00e+00  0.00e+00  0.00e+00  0.00e+00 
1.31e+12 6.18e+09 1.51e+12 7.12e+09   29    9     -1        0  3.57e+07  5.64e+06  2.78e+05  0.00e+00  0.00e+00  0.00e+00  0.00e+00  0.00e+00  0.00e+00  0.00e+00  0.00e+00  0.00e+00  0.00e+00  0.00e+00  0.00e+00  0.00e+00  0.00e+00  0.00e+00  0.00e+00  0.00e+00  0.00e+00 
1.31e+12 8.07e+09 1.51e+12 9.31e+09   29   10     -1        0  3.94e+07  5.18e+06  3.63e+05  0.00e+00  0.00e+00  0.00e+00  0.00e+00  0.00e+00  0.00e+00  0.00e+00  0.00e+00  0.00e+00  0.00e+00  0.00e+00  0.00e+00  0.00e+00  0.00e+00  0.00e+00  0.00e+00  0.00e+00  0.00e+00 
1.31e+12 1.05e+10 1.51e+12 1.22e+10   29   11     -1        0  4.36e+07  4.72e+06  4.85e+05  0.00e+00  0.00e+00  0.00e+00  0.00e+00  0.00e+00  0.00e+00  0.00e+00  0.00e+00  0.00e+00  0.00e+00  0.00e+00  0.00e+00  0.00e+00  0.00e+00  0.00e+00  0.00e+00  0.00e+00  0.00e+00 
1.31e+12 1.38e+10 1.51e+12 1.59e+10   29   12     -1        0  4.86e+07  4.27e+06  6.60e+05  0.00e+00  0.00e+00  0.00e+00  0.00e+00  0.00e+00  0.00e+00  0.00e+00  0.00e+00  0.00e+00  0.00e+00  0.00e+00  0.00e+00  0.00e+00  0.00e+00  0.00e+00  0.00e+00  0.00e+00  0.00e+00 
1.31e+12 1.80e+10 1.51e+12 2.08e+10   29   13     -1        0  5.43e+07  3.84e+06  9.15e+05  0.00e+00  0.00e+00  0.00e+00  0.00e+00  0.00e+00  0.00e+00  0.00e+00  0.00e+00  0.00e+00  0.00e+00  0.00e+00  0.00e+00  0.00e+00  0.00e+00  0.00e+00  0.00e+00  0.00e+00  0.00e+00 
1.31e+12 2.36e+10 1.51e+12 2.72e+10   29   14     -1        0  6.10e+07  3.43e+06  1.29e+06  0.00e+00  0.00e+00  0.00e+00  0.00e+00  0.00e+00  0.00e+00  0.00e+00  0.00e+00  0.00e+00  0.00e+00  0.00e+00  0.00e+00  0.00e+00  0.00e+00  0.00e+00  0.00e+00  0.00e+00  0.00e+00 
1.31e+12 3.08e+10 1.51e+12 3.55e+10   29   15     -1        0  6.87e+07  3.05e+06  1.83e+06  0.00e+00  0.00e+00  0.00e+00  0.00e+00  0.00e+00  0.00e+00  0.00e+00  0.00e+00  0.00e+00  0.00e+00  0.00e+00  0.00e+00  0.00e+00  0.00e+00  0.00e+00  0.00e+00  0.00e+00  0.00e+00 
1.31e+12 4.02e+10 1.51e+12 4.64e+10   29   16     -1        0  7.77e+07  2.71e+06  2.63e+06  0.00e+00  0.00e+00  0.00e+00  0.00e+00  0.00e+00  0.00e+00  0.00e+00  0.00e+00  0.00e+00  0.00e+00  0.00e+00  0.00e+00  0.00e+00  0.00e+00  0.00e+00  0.00e+00  0.00e+00  0.00e+00 
1.31e+12 5.26e+10 1.51e+12 6.07e+10   29   17     -1        0  8.80e+07  2.39e+06  3.81e+06  0.00e+00  0.00e+00  0.00e+00  0.00e+00  0.00e+00  0.00e+00  0.00e+00  0.00e+00  0.00e+00  0.00e+00  0.00e+00  0.00e+00  0.00e+00  0.00e+00  0.00e+00  0.00e+00  0.00e+00  0.00e+00 
1.31e+12 6.87e+10 1.51e+12 7.93e+10   29   18     -1        0  9.98e+07  2.11e+06  5.55e+06  0.00e+00  0.00e+00  0.00e+00  0.00e+00  0.00e+00  0.00e+00  0.00e+00  0.00e+00  0.00e+00  0.00e+00  0.00e+00  0.00e+00  0.00e+00  0.00e+00  0.00e+00  0.00e+00  0.00e+00  0.00e+00 
1.31e+12 8.98e+10 1.51e+12 1.04e+11   29   19     -1        0  1.13e+08  1.86e+06  8.14e+06  0.00e+00  0.00e+00  0.00e+00  0.00e+00  0.00e+00  0.00e+00  0.00e+00  0.00e+00  0.00e+00  0.00e+00  0.00e+00  0.00e+00  0.00e+00  0.00e+00  0.00e+00  0.00e+00  0.00e+00  0.00e+00 
1.31e+12 1.17e+11 1.51e+12 1.35e+11   29   20     -1        0  1.29e+08  1.63e+06  1.20e+07  0.00e+00  0.00e+00  0.00e+00  0.00e+00  0.00e+00  0.00e+00  0.00e+00  0.00e+00  0.00e+00  0.00e+00  0.00e+00  0.00e+00  0.00e+00  0.00e+00  0.00e+00  0.00e+00  0.00e+00  0.00e+00 
1.31e+12 1.53e+11 1.51e+12 1.77e+11   29   21     -1        0  1.46e+08  1.43e+06  1.76e+07  0.00e+00  0.00e+00  0.00e+00  0.00e+00  0.00e+00  0.00e+00  0.00e+00  0.00e+00  0.00e+00  0.00e+00  0.00e+00  0.00e+00  0.00e+00  0.00e+00  0.00e+00  0.00e+00  0.00e+00  0.00e+00 
1.31e+12 2.01e+11 1.51e+12 2.31e+11   29   22     -1        0  1.66e+08  1.26e+06  2.60e+07  0.00e+00  0.00e+00  0.00e+00  0.00e+00  0.00e+00  0.00e+00  0.00e+00  0.00e+00  0.00e+00  0.00e+00  0.00e+00  0.00e+00  0.00e+00  0.00e+00  0.00e+00  0.00e+00  0.00e+00  0.00e+00 
1.31e+12 2.62e+11 1.51e+12 3.02e+11   29   23     -1        0  1.88e+08  1.10e+06  3.84e+07  0.00e+00  0.00e+00  0.00e+00  0.00e+00  0.00e+00  0.00e+00  0.00e+00  0.00e+00  0.00e+00  0.00e+00  0.00e+00  0.00e+00  0.00e+00  0.00e+00  0.00e+00  0.00e+00  0.00e+00  0.00e+00 
1.31e+12 3.43e+11 1.51e+12 3.95e+11   29   24     -1        0  2.12e+08  9.67e+05  5.63e+07  0.00e+00  0.00e+00  0.00e+00  0.00e+00  0.00e+00  0.00e+00  0.00e+00  0.00e+00  0.00e+00  0.00e+00  0.00e+00  0.00e+00  0.00e+00  0.00e+00  0.00e+00  0.00e+00  0.00e+00  0.00e+00 
1.31e+12 4.48e+11 1.51e+12 5.17e+11   29   25     -1        0  2.37e+08  8.47e+05  8.21e+07  0.00e+00  0.00e+00  0.00e+00  0.00e+00  0.00e+00  0.00e+00  0.00e+00  0.00e+00  0.00e+00  0.00e+00  0.00e+00  0.00e+00  0.00e+00  0.00e+00  0.00e+00  0.00e+00  0.00e+00  0.00e+00 
1.31e+12 5.85e+11 1.51e+12 6.75e+11   29   26     -1        0  2.62e+08  7.41e+05  1.18e+08  0.00e+00  0.00e+00  0.00e+00  0.00e+00  0.00e+00  0.00e+00  0.00e+00  0.00e+00  0.00e+00  0.00e+00  0.00e+00  0.00e+00  0.00e+00  0.00e+00  0.00e+00  0.00e+00  0.00e+00  0.00e+00 
1.31e+12 7.65e+11 1.51e+12 8.83e+11   29   27     -1        0  2.84e+08  6.49e+05  1.67e+08  0.00e+00  0.00e+00  0.00e+00  0.00e+00  0.00e+00  0.00e+00  0.00e+00  0.00e+00  0.00e+00  0.00e+00  0.00e+00  0.00e+00  0.00e+00  0.00e+00  0.00e+00  0.00e+00  0.00e+00  0.00e+00 
1.31e+12 1.00e+12 1.51e+12 1.15e+12   29   28     -1        0  3.01e+08  5.68e+05  2.31e+08  0.00e+00  0.00e+00  0.00e+00  0.00e+00  0.00e+00  0.00e+00  0.00e+00  0.00e+00  0.00e+00  0.00e+00  0.00e+00  0.00e+00  0.00e+00  0.00e+00  0.00e+00  0.00e+00  0.00e+00  0.00e+00 
1.31e+12 1.31e+12 1.51e+12 1.51e+12   29   29     -1        0  3.08e+08  4.97e+05  3.09e+08  0.00e+00  0.00e+00  0.00e+00  0.00e+00  0.00e+00  0.00e+00  0.00e+00  0.00e+00  0.00e+00  0.00e+00  0.00e+00  0.00e+00  0.00e+00  0.00e+00  0.00e+00  0.00e+00  0.00e+00  0.00e+00 
