       x        z     xcen     zcen    i    j inwind converge       v_x       v_y       v_z       vol       rho        ne       t_e       t_r        h1       he2        c4        n5        o6  dmo_dt_x  dmo_dt_y  dmo_dt_z        ip        xi      ntot      nrad    nioniz 
0.00e+00 0.00e+00 3.63e+08 3.63e+08    0    0     -2        0  0.00e+00  0.00e+00  2.19e+06  0.00e+00  0.00e+00  0.00e+00  0.00e+00  0.00e+00  0.00e+00  0.00e+00  0.00e+00  0.00e+00  0.00e+00  0.00e+00  0.00e+00  0.00e+00  0.00e+00  0.00e+00  0.00e+00  0.00e+00  0.00e+00 
0.00e+00 7.25e+08 3.63e+08 8.37e+08    0    1     -1        0  0.00e+00  0.00e+00  2.19e+06  0.00e+00  0.00e+00  0.00e+00  0.00e+00  0.00e+00  0.00e+00  0.00e+00  0.00e+00  0.00e+00  0.00e+00  0.00e+00  0.00e+00  0.00e+00  0.00e+00  0.00e+00  0.00e+00  0.00e+00  0.00e+00 
0.00e+00 9.48e+08 3.63e+08 1.09e+09    0    2     -1        0  0.00e+00  0.00e+00  2.19e+06  0.00e+00  0.00e+00  0.00e+00  0.00e+00  0.00e+00  0.00e+00  0.00e+00  0.00e+00  0.00e+00  0.00e+00  0.00e+00  0.00e+00  0.00e+00  0.00e+00  0.00e+00  0.00e+00  0.00e+00  0.00e+00 
0.00e+00 1.24e+09 3.63e+08 1.43e+09    0    3     -1        0  0.00e+00  0.00e+00  2.19e+06  0.00e+00  0.00e+00  0.00e+00  0.00e+00  0.00e+00  0.00e+00  0.00e+00  0.00e+00  0.00e+00  0.00e+00  0.00e+00  0.00e+00  0.00e+00  0.00e+00  0.00e+00  0.00e+00  0.00e+00  0.00e+00 
0.00e+00 1.62e+09 3.63e+08 1.87e+09    0    4     -1        0  0.00e+00  0.00e+00  2.19e+06  0.00e+00  0.00e+00  0.00e+00  0.00e+00  0.00e+00  0.00e+00  0.00e+00  0.00e+00  0.00e+00  0.00e+00  0.00e+00  0.00e+00  0.00e+00  0.00e+00  0.00e+00  0.00e+00  0.00e+00  0.00e+00 
0.00e+00 2.12e+09 3.63e+08 2.44e+09    0    5     -1        0  0.00e+00  0.00e+00  2.19e+06  0.00e+00  0.00e+00  0.00e+00  0.00e+00  0.00e+00  0.00e+00  0.00e+00  0.00e+00  0.00e+00  0.00e+00  0.00e+00  0.00e+00  0.00e+00  0.00e+00  0.00e+00  0.00e+00  0.00e+00  0.00e+00 
0.00e+00 2.77e+09 3.63e+08 3.19e+09    0    6     -1        0  0.00e+00  0.00e+00  2.19e+06  0.00e+00  0.00e+00  0.00e+00  0.00e+00  0.00e+00  0.00e+00  0.00e+00  0.00e+00  0.00e+00  0.00e+00  0.00e+00  0.00e+00  0.00e+00  0.00e+00  0.00e+00  0.00e+00  0.00e+00  0.00e+00 
0.00e+00 3.62e+09 3.63e+08 4.17e+09    0    7     -1        0  0.00e+00  0.00e+00  2.19e+06  0.00e+00  0.00e+00  0.00e+00  0.00e+00  0.00e+00  0.00e+00  0.00e+00  0.00e+00  0.00e+00  0.00e+00  0.00e+00  0.00e+00  0.00e+00  0.00e+00  0.00e+00  0.00e+00  0.00e+00  0.00e+00 
0.00e+00 4.73e+09 3.63e+08 5.45e+09    0    8     -1        0  0.00e+00  0.00e+00  2.20e+06  0.00e+00  0.00e+00  0.00e+00  0.00e+00  0.00e+00  0.00e+00  0.00e+00  0.00e+00  0.00e+00  0.00e+00  0.00e+00  0.00e+00  0.00e+00  0.00e+00  0.00e+00  0.00e+00  0.00e+00  0.00e+00 
0.00e+00 6.18e+09 3.63e+08 7.12e+09    0    9     -1        0  0.00e+00  0.00e+00  2.20e+06  0.00e+00  0.00e+00  0.00e+00  0.00e+00  0.00e+00  0.00e+00  0.00e+00  0.00e+00  0.00e+00  0.00e+00  0.00e+00  0.00e+00  0.00e+00  0.00e+00  0.00e+00  0.00e+00  0.00e+00  0.00e+00 
0.00e+00 8.07e+09 3.63e+08 9.31e+09    0   10     -1        0  0.00e+00  0.00e+00  2.23e+06  0.00e+00  0.00e+00  0.00e+00  0.00e+00  0.00e+00  0.00e+00  0.00e+00  0.00e+00  0.00e+00  0.00e+00  0.00e+00  0.00e+00  0.00e+00  0.00e+00  0.00e+00  0.00e+00  0.00e+00  0.00e+00 
0.00e+00 1.05e+10 3.63e+08 1.22e+10    0   11     -1        0  0.00e+00  0.00e+00  2.29e+06  0.00e+00  0.00e+00  0.00e+00  0.00e+00  0.00e+00  0.00e+00  0.00e+00  0.00e+00  0.00e+00  0.00e+00  0.00e+00  0.00e+00  0.00e+00  0.00e+00  0.00e+00  0.00e+00  0.00e+00  0.00e+00 
0.00e+00 1.38e+10 3.63e+08 1.59e+10    0   12     -1        0  0.00e+00  0.00e+00  2.47e+06  0.00e+00  0.00e+00  0.00e+00  0.00e+00  0.00e+00  0.00e+00  0.00e+00  0.00e+00  0.00e+00  0.00e+00  0.00e+00  0.00e+00  0.00e+00  0.00e+00  0.00e+00  0.00e+00  0.00e+00  0.00e+00 
0.00e+00 1.80e+10 3.63e+08 2.08e+10    0   13     -1        0  0.00e+00  0.00e+00  2.95e+06  0.00e+00  0.00e+00  0.00e+00  0.00e+00  0.00e+00  0.00e+00  0.00e+00  0.00e+00  0.00e+00  0.00e+00  0.00e+00  0.00e+00  0.00e+00  0.00e+00  0.00e+00  0.00e+00  0.00e+00  0.00e+00 
0.00e+00 2.36e+10 3.63e+08 2.72e+10    0   14     -1        0  0.00e+00  0.00e+00  4.12e+06  0.00e+00  0.00e+00  0.00e+00  0.00e+00  0.00e+00  0.00e+00  0.00e+00  0.00e+00  0.00e+00  0.00e+00  0.00e+00  0.00e+00  0.00e+00  0.00e+00  0.00e+00  0.00e+00  0.00e+00  0.00e+00 
0.00e+00 3.08e+10 3.63e+08 3.55e+10    0   15     -1        0  0.00e+00  0.00e+00  6.84e+06  0.00e+00  0.00e+00  0.00e+00  0.00e+00  0.00e+00  0.00e+00  0.00e+00  0.00e+00  0.00e+00  0.00e+00  0.00e+00  0.00e+00  0.00e+00  0.00e+00  0.00e+00  0.00e+00  0.00e+00  0.00e+00 
0.00e+00 4.02e+10 3.63e+08 4.64e+10    0   16     -1        0  0.00e+00  0.00e+00  1.27e+07  0.00e+00  0.00e+00  0.00e+00  0.00e+00  0.00e+00  0.00e+00  0.00e+00  0.00e+00  0.00e+00  0.00e+00  0.00e+00  0.00e+00  0.00e+00  0.00e+00  0.00e+00  0.00e+00  0.00e+00  0.00e+00 
0.00e+00 5.26e+10 3.63e+08 6.07e+10    0   17     -1        0  0.00e+00  0.00e+00  2.41e+07  0.00e+00  0.00e+00  0.00e+00  0.00e+00  0.00e+00  0.00e+00  0.00e+00  0.00e+00  0.00e+00  0.00e+00  0.00e+00  0.00e+00  0.00e+00  0.00e+00  0.00e+00  0.00e+00  0.00e+00  0.00e+00 
0.00e+00 6.87e+10 3.63e+08 7.93e+10    0   18     -1        0  0.00e+00  0.00e+00  4.44e+07  0.00e+00  0.00e+00  0.00e+00  0.00e+00  0.00e+00  0.00e+00  0.00e+00  0.00e+00  0.00e+00  0.00e+00  0.00e+00  0.00e+00  0.00e+00  0.00e+00  0.00e+00  0.00e+00  0.00e+00  0.00e+00 
0.00e+00 8.98e+10 3.63e+08 1.04e+11    0   19     -1        0  0.00e+00  0.00e+00  7.75e+07  0.00e+00  0.00e+00  0.00e+00  0.00e+00  0.00e+00  0.00e+00  0.00e+00  0.00e+00  0.00e+00  0.00e+00  0.00e+00  0.00e+00  0.00e+00  0.00e+00  0.00e+00  0.00e+00  0.00e+00  0.00e+00 
0.00e+00 1.17e+11 3.63e+08 1.35e+11    0   20     -1        0  0.00e+00  0.00e+00  1.26e+08  0.00e+00  0.00e+00  0.00e+00  0.00e+00  0.00e+00  0.00e+00  0.00e+00  0.00e+00  0.00e+00  0.00e+00  0.00e+00  0.00e+00  0.00e+00  0.00e+00  0.00e+00  0.00e+00  0.00e+00  0.00e+00 
0.00e+00 1.53e+11 3.63e+08 1.77e+11    0   21     -1        0  0.00e+00  0.00e+00  1.91e+08  0.00e+00  0.00e+00  0.00e+00  0.00e+00  0.00e+00  0.00e+00  0.00e+00  0.00e+00  0.00e+00  0.00e+00  0.00e+00  0.00e+00  0.00e+00  0.00e+00  0.00e+00  0.00e+00  0.00e+00  0.00e+00 
0.00e+00 2.01e+11 3.63e+08 2.31e+11    0   22     -1        0  0.00e+00  0.00e+00  2.72e+08  0.00e+00  0.00e+00  0.00e+00  0.00e+00  0.00e+00  0.00e+00  0.00e+00  0.00e+00  0.00e+00  0.00e+00  0.00e+00  0.00e+00  0.00e+00  0.00e+00  0.00e+00  0.00e+00  0.00e+00  0.00e+00 
0.00e+00 2.62e+11 3.63e+08 3.02e+11    0   23     -1        0  0.00e+00  0.00e+00  3.62e+08  0.00e+00  0.00e+00  0.00e+00  0.00e+00  0.00e+00  0.00e+00  0.00e+00  0.00e+00  0.00e+00  0.00e+00  0.00e+00  0.00e+00  0.00e+00  0.00e+00  0.00e+00  0.00e+00  0.00e+00  0.00e+00 
0.00e+00 3.43e+11 3.63e+08 3.95e+11    0   24     -1        0  0.00e+00  0.00e+00  4.57e+08  0.00e+00  0.00e+00  0.00e+00  0.00e+00  0.00e+00  0.00e+00  0.00e+00  0.00e+00  0.00e+00  0.00e+00  0.00e+00  0.00e+00  0.00e+00  0.00e+00  0.00e+00  0.00e+00  0.00e+00  0.00e+00 
0.00e+00 4.48e+11 3.63e+08 5.17e+11    0   25     -1        0  0.00e+00  0.00e+00  5.52e+08  0.00e+00  0.00e+00  0.00e+00  0.00e+00  0.00e+00  0.00e+00  0.00e+00  0.00e+00  0.00e+00  0.00e+00  0.00e+00  0.00e+00  0.00e+00  0.00e+00  0.00e+00  0.00e+00  0.00e+00  0.00e+00 
0.00e+00 5.85e+11 3.63e+08 6.75e+11    0   26     -1        0  0.00e+00  0.00e+00  6.41e+08  0.00e+00  0.00e+00  0.00e+00  0.00e+00  0.00e+00  0.00e+00  0.00e+00  0.00e+00  0.00e+00  0.00e+00  0.00e+00  0.00e+00  0.00e+00  0.00e+00  0.00e+00  0.00e+00  0.00e+00  0.00e+00 
0.00e+00 7.65e+11 3.63e+08 8.83e+11    0   27     -1        0  0.00e+00  0.00e+00  7.21e+08  0.00e+00  0.00e+00  0.00e+00  0.00e+00  0.00e+00  0.00e+00  0.00e+00  0.00e+00  0.00e+00  0.00e+00  0.00e+00  0.00e+00  0.00e+00  0.00e+00  0.00e+00  0.00e+00  0.00e+00  0.00e+00 
0.00e+00 1.00e+12 3.63e+08 1.15e+12    0   28     -1        0  0.00e+00  0.00e+00  7.90e+08  0.00e+00  0.00e+00  0.00e+00  0.00e+00  0.00e+00  0.00e+00  0.00e+00  0.00e+00  0.00e+00  0.00e+00  0.00e+00  0.00e+00  0.00e+00  0.00e+00  0.00e+00  0.00e+00  0.00e+00  0.00e+00 
0.00e+00 1.31e+12 3.63e+08 1.51e+12    0   29     -1        0  0.00e+00  0.00e+00  8.49e+08  0.00e+00  0.00e+00  0.00e+00  0.00e+00  0.00e+00  0.00e+00  0.00e+00  0.00e+00  0.00e+00  0.00e+00  0.00e+00  0.00e+00  0.00e+00  0.00e+00  0.00e+00  0.00e+00  0.00e+00  0.00e+00 
7.25e+08 0.00e+00 8.37e+08 3.63e+08    1    0      1        0  3.99e+04  3.83e+08  2.19e+06  1.66e+27  0.00e+00  9.98e-18  4.06e+05  8.53e+04  0.00e+00  0.00e+00  0.00e+00  0.00e+00  0.00e+00  1.52e+21 -9.13e+20 -9.10e+21       inf       inf  2.53e+06  0.00e+00  2.17e+06 
7.25e+08 7.25e+08 8.37e+08 8.37e+08    1    1      1        0  3.91e+04  3.83e+08  2.19e+06  4.94e+26  0.00e+00  1.04e-17  4.60e+05  8.52e+04  0.00e+00  0.00e+00  0.00e+00  0.00e+00  0.00e+00  2.59e+21  8.57e+20 -3.04e+21       inf       inf  1.19e+06  0.00e+00  9.99e+05 
7.25e+08 9.48e+08 8.37e+08 1.09e+09    1    2      1        0  3.89e+04  3.83e+08  2.19e+06  6.34e+26  0.00e+00  1.05e-17  4.80e+05  8.45e+04  0.00e+00  0.00e+00  0.00e+00  0.00e+00  0.00e+00 -8.64e+20  1.81e+20 -3.07e+21       inf       inf  1.16e+06  0.00e+00  9.70e+05 
7.25e+08 1.24e+09 8.37e+08 1.43e+09    1    3      1        0  3.87e+04  3.83e+08  2.19e+06  8.10e+26  0.00e+00  1.07e-17  5.13e+05  8.31e+04  0.00e+00  0.00e+00  0.00e+00  0.00e+00  0.00e+00 -2.00e+21 -6.94e+19 -4.90e+21       inf       inf  1.16e+06  0.00e+00  9.51e+05 
7.25e+08 1.62e+09 8.37e+08 1.87e+09    1    4      1        0  3.83e+04  3.83e+08  2.19e+06  1.02e+27  0.00e+00  1.11e-17  5.69e+05  8.08e+04  0.00e+00  0.00e+00  0.00e+00  0.00e+00  0.00e+00 -4.06e+21  6.41e+19 -6.51e+21       inf       inf  1.14e+06  0.00e+00  9.20e+05 
7.25e+08 2.12e+09 8.37e+08 2.44e+09    1    5      1        1  3.78e+04  3.83e+08  2.19e+06  1.28e+27  0.00e+00  1.21e-17  7.05e+05  7.64e+04  0.00e+00  0.00e+00  0.00e+00  0.00e+00  0.00e+00 -4.19e+21  1.03e+21 -7.18e+21       inf       inf  1.06e+06  0.00e+00  8.37e+05 
7.25e+08 2.77e+09 8.37e+08 3.19e+09    1    6      1        0  3.73e+04  3.83e+08  2.19e+06  1.57e+27  0.00e+00  1.38e-17  1.02e+06  7.07e+04  0.00e+00  0.00e+00  0.00e+00  0.00e+00  0.00e+00 -7.17e+21  2.02e+20 -9.72e+21       inf       inf  9.18e+05  0.00e+00  6.95e+05 
7.25e+08 3.62e+09 8.37e+08 4.17e+09    1    7      1        0  3.66e+04  3.83e+08  2.19e+06  1.86e+27  0.00e+00  1.80e-17  2.21e+06  6.52e+04  0.00e+00  0.00e+00  0.00e+00  0.00e+00  0.00e+00 -5.44e+21 -7.21e+19 -7.96e+21       inf       inf  7.32e+05  0.00e+00  5.23e+05 
7.25e+08 4.73e+09 8.37e+08 5.45e+09    1    8      1        0  3.57e+04  3.83e+08  2.20e+06  2.10e+27  0.00e+00  1.94e-17  3.02e+06  5.98e+04  0.00e+00  0.00e+00  0.00e+00  0.00e+00  0.00e+00 -3.43e+21  9.68e+19 -6.20e+21       inf       inf  5.26e+05  0.00e+00  3.42e+05 
7.25e+08 6.18e+09 8.37e+08 7.12e+09    1    9      1        0  3.47e+04  3.83e+08  2.20e+06  2.14e+27  0.00e+00  2.06e-17  4.14e+06  5.48e+04  0.00e+00  0.00e+00  0.00e+00  0.00e+00  0.00e+00 -2.72e+21  2.16e+19 -4.05e+21       inf       inf  3.24e+05  0.00e+00  1.76e+05 
7.25e+08 8.07e+09 8.37e+08 9.31e+09    1   10      1        2  3.37e+04  3.83e+08  2.23e+06  1.67e+27  0.00e+00  2.07e-17  4.22e+06  5.03e+04  0.00e+00  0.00e+00  0.00e+00  0.00e+00  0.00e+00 -1.06e+21  3.16e+20 -1.18e+21       inf       inf  1.65e+05  0.00e+00  6.81e+04 
7.25e+08 1.05e+10 8.37e+08 1.22e+10    1   11      1        2  3.30e+04  3.83e+08  2.29e+06  3.43e+26  0.00e+00  1.95e-17  3.05e+06  5.17e+04  0.00e+00  0.00e+00  0.00e+00  0.00e+00  0.00e+00 -4.17e+20  1.72e+20 -1.96e+20       inf       inf  4.51e+04  0.00e+00  1.46e+04 
7.25e+08 1.38e+10 8.37e+08 1.59e+10    1   12     -1        0  3.34e+04  3.83e+08  2.47e+06  0.00e+00  0.00e+00  0.00e+00  0.00e+00  0.00e+00  0.00e+00  0.00e+00  0.00e+00  0.00e+00  0.00e+00  0.00e+00  0.00e+00  0.00e+00  0.00e+00  0.00e+00  0.00e+00  0.00e+00  0.00e+00 
7.25e+08 1.80e+10 8.37e+08 2.08e+10    1   13     -1        0  3.69e+04  3.83e+08  2.95e+06  0.00e+00  0.00e+00  0.00e+00  0.00e+00  0.00e+00  0.00e+00  0.00e+00  0.00e+00  0.00e+00  0.00e+00  0.00e+00  0.00e+00  0.00e+00  0.00e+00  0.00e+00  0.00e+00  0.00e+00  0.00e+00 
7.25e+08 2.36e+10 8.37e+08 2.72e+10    1   14     -1        0  4.71e+04  3.83e+08  4.12e+06  0.00e+00  0.00e+00  0.00e+00  0.00e+00  0.00e+00  0.00e+00  0.00e+00  0.00e+00  0.00e+00  0.00e+00  0.00e+00  0.00e+00  0.00e+00  0.00e+00  0.00e+00  0.00e+00  0.00e+00  0.00e+00 
7.25e+08 3.08e+10 8.37e+08 3.55e+10    1   15     -1        0  7.02e+04  3.83e+08  6.84e+06  0.00e+00  0.00e+00  0.00e+00  0.00e+00  0.00e+00  0.00e+00  0.00e+00  0.00e+00  0.00e+00  0.00e+00  0.00e+00  0.00e+00  0.00e+00  0.00e+00  0.00e+00  0.00e+00  0.00e+00  0.00e+00 
7.25e+08 4.02e+10 8.37e+08 4.64e+10    1   16     -1        0  1.15e+05  3.83e+08  1.27e+07  0.00e+00  0.00e+00  0.00e+00  0.00e+00  0.00e+00  0.00e+00  0.00e+00  0.00e+00  0.00e+00  0.00e+00  0.00e+00  0.00e+00  0.00e+00  0.00e+00  0.00e+00  0.00e+00  0.00e+00  0.00e+00 
7.25e+08 5.26e+10 8.37e+08 6.07e+10    1   17     -1        0  1.89e+05  3.83e+08  2.41e+07  0.00e+00  0.00e+00  0.00e+00  0.00e+00  0.00e+00  0.00e+00  0.00e+00  0.00e+00  0.00e+00  0.00e+00  0.00e+00  0.00e+00  0.00e+00  0.00e+00  0.00e+00  0.00e+00  0.00e+00  0.00e+00 
7.25e+08 6.87e+10 8.37e+08 7.93e+10    1   18     -1        0  2.97e+05  3.83e+08  4.44e+07  0.00e+00  0.00e+00  0.00e+00  0.00e+00  0.00e+00  0.00e+00  0.00e+00  0.00e+00  0.00e+00  0.00e+00  0.00e+00  0.00e+00  0.00e+00  0.00e+00  0.00e+00  0.00e+00  0.00e+00  0.00e+00 
7.25e+08 8.98e+10 8.37e+08 1.04e+11    1   19     -1        0  4.33e+05  3.83e+08  7.75e+07  0.00e+00  0.00e+00  0.00e+00  0.00e+00  0.00e+00  0.00e+00  0.00e+00  0.00e+00  0.00e+00  0.00e+00  0.00e+00  0.00e+00  0.00e+00  0.00e+00  0.00e+00  0.00e+00  0.00e+00  0.00e+00 
7.25e+08 1.17e+11 8.37e+08 1.35e+11    1   20     -1        0  5.82e+05  3.83e+08  1.26e+08  0.00e+00  0.00e+00  0.00e+00  0.00e+00  0.00e+00  0.00e+00  0.00e+00  0.00e+00  0.00e+00  0.00e+00  0.00e+00  0.00e+00  0.00e+00  0.00e+00  0.00e+00  0.00e+00  0.00e+00  0.00e+00 
7.25e+08 1.53e+11 8.37e+08 1.77e+11    1   21     -1        0  7.18e+05  3.83e+08  1.91e+08  0.00e+00  0.00e+00  0.00e+00  0.00e+00  0.00e+00  0.00e+00  0.00e+00  0.00e+00  0.00e+00  0.00e+00  0.00e+00  0.00e+00  0.00e+00  0.00e+00  0.00e+00  0.00e+00  0.00e+00  0.00e+00 
7.25e+08 2.01e+11 8.37e+08 2.31e+11    1   22     -1        0  8.19e+05  3.83e+08  2.72e+08  0.00e+00  0.00e+00  0.00e+00  0.00e+00  0.00e+00  0.00e+00  0.00e+00  0.00e+00  0.00e+00  0.00e+00  0.00e+00  0.00e+00  0.00e+00  0.00e+00  0.00e+00  0.00e+00  0.00e+00  0.00e+00 
7.25e+08 2.62e+11 8.37e+08 3.02e+11    1   23     -1        0  8.69e+05  3.83e+08  3.62e+08  0.00e+00  0.00e+00  0.00e+00  0.00e+00  0.00e+00  0.00e+00  0.00e+00  0.00e+00  0.00e+00  0.00e+00  0.00e+00  0.00e+00  0.00e+00  0.00e+00  0.00e+00  0.00e+00  0.00e+00  0.00e+00 
7.25e+08 3.43e+11 8.37e+08 3.95e+11    1   24     -1        0  8.67e+05  3.83e+08  4.57e+08  0.00e+00  0.00e+00  0.00e+00  0.00e+00  0.00e+00  0.00e+00  0.00e+00  0.00e+00  0.00e+00  0.00e+00  0.00e+00  0.00e+00  0.00e+00  0.00e+00  0.00e+00  0.00e+00  0.00e+00  0.00e+00 
7.25e+08 4.48e+11 8.37e+08 5.17e+11    1   25     -1        0  8.20e+05  3.83e+08  5.52e+08  0.00e+00  0.00e+00  0.00e+00  0.00e+00  0.00e+00  0.00e+00  0.00e+00  0.00e+00  0.00e+00  0.00e+00  0.00e+00  0.00e+00  0.00e+00  0.00e+00  0.00e+00  0.00e+00  0.00e+00  0.00e+00 
7.25e+08 5.85e+11 8.37e+08 6.75e+11    1   26     -1        0  7.43e+05  3.83e+08  6.41e+08  0.00e+00  0.00e+00  0.00e+00  0.00e+00  0.00e+00  0.00e+00  0.00e+00  0.00e+00  0.00e+00  0.00e+00  0.00e+00  0.00e+00  0.00e+00  0.00e+00  0.00e+00  0.00e+00  0.00e+00  0.00e+00 
7.25e+08 7.65e+11 8.37e+08 8.83e+11    1   27     -1        0  6.49e+05  3.83e+08  7.21e+08  0.00e+00  0.00e+00  0.00e+00  0.00e+00  0.00e+00  0.00e+00  0.00e+00  0.00e+00  0.00e+00  0.00e+00  0.00e+00  0.00e+00  0.00e+00  0.00e+00  0.00e+00  0.00e+00  0.00e+00  0.00e+00 
7.25e+08 1.00e+12 8.37e+08 1.15e+12    1   28     -1        0  5.51e+05  3.83e+08  7.90e+08  0.00e+00  0.00e+00  0.00e+00  0.00e+00  0.00e+00  0.00e+00  0.00e+00  0.00e+00  0.00e+00  0.00e+00  0.00e+00  0.00e+00  0.00e+00  0.00e+00  0.00e+00  0.00e+00  0.00e+00  0.00e+00 
7.25e+08 1.31e+12 8.37e+08 1.51e+12    1   29     -1        0  4.57e+05  3.83e+08  8.49e+08  0.00e+00  0.00e+00  0.00e+00  0.00e+00  0.00e+00  0.00e+00  0.00e+00  0.00e+00  0.00e+00  0.00e+00  0.00e+00  0.00e+00  0.00e+00  0.00e+00  0.00e+00  0.00e+00  0.00e+00  0.00e+00 
9.48e+08 0.00e+00 1.09e+09 3.63e+08    2    0      0        0  7.08e+04  3.35e+08  2.98e+06  2.90e+27  1.70e-09  8.62e+14  4.72e+04  8.61e+04  1.02e-04  5.32e-05  2.25e-03  1.55e-01  9.54e-12 -2.31e+22  7.14e+21 -2.67e+23  7.07e+00  1.11e+02  4.80e+06  0.00e+00  4.30e+06 
9.48e+08 7.25e+08 1.09e+09 8.37e+08    2    1      0        0  6.94e+04  3.32e+08  2.97e+06  8.90e+26  1.67e-09  8.49e+14  4.03e+04  8.56e+04  1.28e-04  7.61e-05  3.80e-03  2.56e-01  8.28e-14 -4.66e+21  3.27e+21 -5.40e+22  4.79e+00  7.48e+01  1.85e+06  0.00e+00  1.60e+06 
9.48e+08 9.48e+08 1.09e+09 1.09e+09    2    2      0        0  6.90e+04  3.31e+08  2.97e+06  1.16e+27  1.66e-09  8.41e+14  4.01e+04  8.47e+04  1.28e-04  8.62e-05  4.58e-03  2.95e-01  6.68e-14 -9.46e+21  2.70e+21 -5.47e+22  4.11e+00  6.40e+01  1.72e+06  0.00e+00  1.49e+06 
9.48e+08 1.24e+09 1.09e+09 1.43e+09    2    3      0        0  6.85e+04  3.30e+08  2.97e+06  1.52e+27  1.64e-09  8.31e+14  3.98e+04  8.23e+04  1.28e-04  1.06e-04  6.07e-03  3.62e-01  5.48e-14 -2.23e+22 -1.58e+21 -5.63e+22  3.48e+00  5.30e+01  1.63e+06  0.00e+00  1.40e+06 
9.48e+08 1.62e+09 1.09e+09 1.87e+09    2    4      0        0  6.78e+04  3.28e+08  2.97e+06  1.99e+27  1.61e-09  8.17e+14  3.96e+04  7.79e+04  1.27e-04  1.56e-04  9.62e-03  4.65e-01  4.36e-14 -3.05e+22  2.20e+21 -6.29e+22  2.91e+00  4.30e+01  1.54e+06  0.00e+00  1.31e+06 
9.48e+08 2.12e+09 1.09e+09 2.44e+09    2    5      0        0  6.68e+04  3.26e+08  2.96e+06  2.60e+27  1.57e-09  8.00e+14  3.94e+04  7.09e+04  1.25e-04  3.63e-04  2.23e-02  4.56e-01  2.85e-14 -4.18e+22  2.34e+21 -6.52e+22  2.34e+00  3.28e+01  1.42e+06  0.00e+00  1.19e+06 
9.48e+08 2.77e+09 1.09e+09 3.19e+09    2    6      0        0  6.56e+04  3.24e+08  2.95e+06  3.40e+27  1.53e-09  7.75e+14  3.91e+04  6.20e+04  1.23e-04  2.38e-03  1.16e-01  9.43e-02  5.58e-15 -4.83e+22 -1.54e+21 -6.88e+22  1.74e+00  2.25e+01  1.23e+06  0.00e+00  1.00e+06 
9.48e+08 3.62e+09 1.09e+09 4.17e+09    2    7      0        0  6.41e+04  3.20e+08  2.94e+06  4.44e+27  1.46e-09  7.40e+14  3.87e+04  5.46e+04  1.20e-04  3.20e-02  6.82e-01  3.29e-04  1.21e-17 -4.60e+22  2.66e+21 -5.91e+22  1.15e+00  1.42e+01  9.95e+05  0.00e+00  7.73e+05 
9.48e+08 4.73e+09 1.09e+09 5.45e+09    2    8      0        0  6.20e+04  3.16e+08  2.92e+06  5.80e+27  1.38e-09  6.82e+14  3.77e+04  4.77e+04  1.15e-04  2.76e-01  3.48e-01  1.04e-05  1.03e-19 -4.45e+22 -5.90e+20 -5.55e+22  6.13e-01  7.37e+00  7.14e+05  0.00e+00  5.13e+05 
9.48e+08 6.18e+09 1.09e+09 7.12e+09    2    9      0        0  5.92e+04  3.11e+08  2.88e+06  7.58e+27  1.25e-09  5.97e+14  3.61e+04  3.71e+04  1.11e-04  7.25e-01  7.22e-02  2.04e-06  1.00e-20 -4.68e+22  1.14e+21 -3.91e+22  1.74e-01  2.01e+00  4.09e+05  0.00e+00  2.42e+05 
9.48e+08 8.07e+09 1.09e+09 9.31e+09    2   10      0        0  5.55e+04  3.05e+08  2.81e+06  9.91e+27  1.08e-09  5.03e+14  3.42e+04  2.73e+04  1.45e-04  9.42e-01  2.44e-03  5.56e-08  1.00e-20 -2.20e+22  8.74e+20 -1.97e+22  1.22e-02  1.33e-01  2.07e+05  0.00e+00  9.60e+04 
9.48e+08 1.05e+10 1.09e+09 1.22e+10    2   11      1        0  4.93e+04  2.98e+08  2.62e+06  1.27e+28  0.00e+00  1.96e-17  3.16e+06  4.24e+04  0.00e+00  0.00e+00  0.00e+00  0.00e+00  0.00e+00 -9.30e+20 -2.18e+19 -1.18e+21       inf       inf  1.01e+05  0.00e+00  2.46e+04 
9.48e+08 1.38e+10 1.09e+09 1.59e+10    2   12      1        0  4.37e+04  2.93e+08  2.47e+06  1.38e+28  0.00e+00  1.53e-17  1.38e+06  4.82e+04  0.00e+00  0.00e+00  0.00e+00  0.00e+00  0.00e+00 -5.27e+18  1.22e+20 -5.04e+20       inf       inf  5.75e+04  0.00e+00  1.84e+04 
9.48e+08 1.80e+10 1.09e+09 2.08e+10    2   13      1        1  4.83e+04  2.93e+08  2.95e+06  1.17e+28  0.00e+00  1.27e-17  7.96e+05  4.94e+04  0.00e+00  0.00e+00  0.00e+00  0.00e+00  0.00e+00  1.56e+20 -6.69e+19 -2.33e+20       inf       inf  2.89e+04  0.00e+00  8.36e+03 
9.48e+08 2.36e+10 1.09e+09 2.72e+10    2   14      1        2  6.16e+04  2.93e+08  4.12e+06  3.36e+27  0.00e+00  9.85e-18  4.05e+05  5.37e+04  0.00e+00  0.00e+00  0.00e+00  0.00e+00  0.00e+00 -8.52e+19  1.05e+19 -5.15e+19       inf       inf  8.98e+03  0.00e+00  2.22e+03 
9.48e+08 3.08e+10 1.09e+09 3.55e+10    2   15     -1        0  9.18e+04  2.93e+08  6.84e+06  0.00e+00  0.00e+00  0.00e+00  0.00e+00  0.00e+00  0.00e+00  0.00e+00  0.00e+00  0.00e+00  0.00e+00  0.00e+00  0.00e+00  0.00e+00  0.00e+00  0.00e+00  0.00e+00  0.00e+00  0.00e+00 
9.48e+08 4.02e+10 1.09e+09 4.64e+10    2   16     -1        0  1.50e+05  2.93e+08  1.27e+07  0.00e+00  0.00e+00  0.00e+00  0.00e+00  0.00e+00  0.00e+00  0.00e+00  0.00e+00  0.00e+00  0.00e+00  0.00e+00  0.00e+00  0.00e+00  0.00e+00  0.00e+00  0.00e+00  0.00e+00  0.00e+00 
9.48e+08 5.26e+10 1.09e+09 6.07e+10    2   17     -1        0  2.47e+05  2.93e+08  2.41e+07  0.00e+00  0.00e+00  0.00e+00  0.00e+00  0.00e+00  0.00e+00  0.00e+00  0.00e+00  0.00e+00  0.00e+00  0.00e+00  0.00e+00  0.00e+00  0.00e+00  0.00e+00  0.00e+00  0.00e+00  0.00e+00 
9.48e+08 6.87e+10 1.09e+09 7.93e+10    2   18     -1        0  3.88e+05  2.93e+08  4.44e+07  0.00e+00  0.00e+00  0.00e+00  0.00e+00  0.00e+00  0.00e+00  0.00e+00  0.00e+00  0.00e+00  0.00e+00  0.00e+00  0.00e+00  0.00e+00  0.00e+00  0.00e+00  0.00e+00  0.00e+00  0.00e+00 
9.48e+08 8.98e+10 1.09e+09 1.04e+11    2   19     -1        0  5.66e+05  2.93e+08  7.75e+07  0.00e+00  0.00e+00  0.00e+00  0.00e+00  0.00e+00  0.00e+00  0.00e+00  0.00e+00  0.00e+00  0.00e+00  0.00e+00  0.00e+00  0.00e+00  0.00e+00  0.00e+00  0.00e+00  0.00e+00  0.00e+00 
9.48e+08 1.17e+11 1.09e+09 1.35e+11    2   20     -1        0  7.60e+05  2.93e+08  1.26e+08  0.00e+00  0.00e+00  0.00e+00  0.00e+00  0.00e+00  0.00e+00  0.00e+00  0.00e+00  0.00e+00  0.00e+00  0.00e+00  0.00e+00  0.00e+00  0.00e+00  0.00e+00  0.00e+00  0.00e+00  0.00e+00 
9.48e+08 1.53e+11 1.09e+09 1.77e+11    2   21     -1        0  9.39e+05  2.93e+08  1.91e+08  0.00e+00  0.00e+00  0.00e+00  0.00e+00  0.00e+00  0.00e+00  0.00e+00  0.00e+00  0.00e+00  0.00e+00  0.00e+00  0.00e+00  0.00e+00  0.00e+00  0.00e+00  0.00e+00  0.00e+00  0.00e+00 
9.48e+08 2.01e+11 1.09e+09 2.31e+11    2   22     -1        0  1.07e+06  2.93e+08  2.72e+08  0.00e+00  0.00e+00  0.00e+00  0.00e+00  0.00e+00  0.00e+00  0.00e+00  0.00e+00  0.00e+00  0.00e+00  0.00e+00  0.00e+00  0.00e+00  0.00e+00  0.00e+00  0.00e+00  0.00e+00  0.00e+00 
9.48e+08 2.62e+11 1.09e+09 3.02e+11    2   23     -1        0  1.14e+06  2.93e+08  3.62e+08  0.00e+00  0.00e+00  0.00e+00  0.00e+00  0.00e+00  0.00e+00  0.00e+00  0.00e+00  0.00e+00  0.00e+00  0.00e+00  0.00e+00  0.00e+00  0.00e+00  0.00e+00  0.00e+00  0.00e+00  0.00e+00 
9.48e+08 3.43e+11 1.09e+09 3.95e+11    2   24     -1        0  1.13e+06  2.93e+08  4.57e+08  0.00e+00  0.00e+00  0.00e+00  0.00e+00  0.00e+00  0.00e+00  0.00e+00  0.00e+00  0.00e+00  0.00e+00  0.00e+00  0.00e+00  0.00e+00  0.00e+00  0.00e+00  0.00e+00  0.00e+00  0.00e+00 
9.48e+08 4.48e+11 1.09e+09 5.17e+11    2   25     -1        0  1.07e+06  2.93e+08  5.52e+08  0.00e+00  0.00e+00  0.00e+00  0.00e+00  0.00e+00  0.00e+00  0.00e+00  0.00e+00  0.00e+00  0.00e+00  0.00e+00  0.00e+00  0.00e+00  0.00e+00  0.00e+00  0.00e+00  0.00e+00  0.00e+00 
9.48e+08 5.85e+11 1.09e+09 6.75e+11    2   26     -1        0  9.71e+05  2.93e+08  6.41e+08  0.00e+00  0.00e+00  0.00e+00  0.00e+00  0.00e+00  0.00e+00  0.00e+00  0.00e+00  0.00e+00  0.00e+00  0.00e+00  0.00e+00  0.00e+00  0.00e+00  0.00e+00  0.00e+00  0.00e+00  0.00e+00 
9.48e+08 7.65e+11 1.09e+09 8.83e+11    2   27     -1        0  8.48e+05  2.93e+08  7.21e+08  0.00e+00  0.00e+00  0.00e+00  0.00e+00  0.00e+00  0.00e+00  0.00e+00  0.00e+00  0.00e+00  0.00e+00  0.00e+00  0.00e+00  0.00e+00  0.00e+00  0.00e+00  0.00e+00  0.00e+00  0.00e+00 
9.48e+08 1.00e+12 1.09e+09 1.15e+12    2   28     -1        0  7.20e+05  2.93e+08  7.90e+08  0.00e+00  0.00e+00  0.00e+00  0.00e+00  0.00e+00  0.00e+00  0.00e+00  0.00e+00  0.00e+00  0.00e+00  0.00e+00  0.00e+00  0.00e+00  0.00e+00  0.00e+00  0.00e+00  0.00e+00  0.00e+00 
9.48e+08 1.31e+12 1.09e+09 1.51e+12    2   29     -1        0  5.98e+05  2.93e+08  8.49e+08  0.00e+00  0.00e+00  0.00e+00  0.00e+00  0.00e+00  0.00e+00  0.00e+00  0.00e+00  0.00e+00  0.00e+00  0.00e+00  0.00e+00  0.00e+00  0.00e+00  0.00e+00  0.00e+00  0.00e+00  0.00e+00 
1.24e+09 0.00e+00 1.43e+09 3.63e+08    3    0      0        0  9.05e+04  2.93e+08  2.91e+06  4.95e+27  1.24e-09  6.32e+14  4.86e+04  8.25e+04  7.18e-05  4.62e-05  2.21e-03  1.59e-01  2.09e-11 -1.14e+23  2.95e+21 -2.52e+23  8.21e+00  1.27e+02  5.56e+06  0.00e+00  4.87e+06 
1.24e+09 7.25e+08 1.43e+09 8.37e+08    3    1      0        0  8.92e+04  2.90e+08  2.92e+06  1.52e+27  1.24e-09  6.28e+14  4.08e+04  8.27e+04  9.32e-05  6.54e-05  3.51e-03  2.49e-01  1.21e-13 -2.52e+22  3.92e+21 -5.78e+22  5.93e+00  9.15e+01  2.60e+06  0.00e+00  2.20e+06 
1.24e+09 9.48e+08 1.43e+09 1.09e+09    3    2      0        0  8.88e+04  2.89e+08  2.93e+06  1.99e+27  1.23e-09  6.26e+14  4.04e+04  8.18e+04  9.42e-05  7.62e-05  4.33e-03  3.07e-01  8.91e-14 -3.05e+22  3.38e+21 -6.50e+22  5.04e+00  7.73e+01  2.37e+06  0.00e+00  2.00e+06 
1.24e+09 1.24e+09 1.43e+09 1.43e+09    3    3      0        0  8.82e+04  2.88e+08  2.93e+06  2.60e+27  1.23e-09  6.23e+14  4.00e+04  7.92e+04  9.52e-05  1.04e-04  6.26e-03  3.95e-01  6.42e-14 -3.42e+22  1.62e+21 -6.31e+22  4.13e+00  6.19e+01  2.12e+06  0.00e+00  1.78e+06 
1.24e+09 1.62e+09 1.43e+09 1.87e+09    3    4      0        0  8.75e+04  2.87e+08  2.93e+06  3.40e+27  1.22e-09  6.20e+14  3.97e+04  7.35e+04  9.59e-05  2.30e-04  1.34e-02  5.10e-01  4.24e-14 -4.16e+22  7.33e+20 -6.71e+22  3.28e+00  4.69e+01  1.88e+06  0.00e+00  1.55e+06 
1.24e+09 2.12e+09 1.43e+09 2.44e+09    3    5      0        0  8.67e+04  2.85e+08  2.94e+06  4.44e+27  1.21e-09  6.14e+14  3.93e+04  6.63e+04  9.66e-05  1.34e-03  4.63e-02  2.51e-01  1.60e-14 -4.51e+22  1.96e+21 -6.35e+22  2.50e+00  3.38e+01  1.63e+06  0.00e+00  1.32e+06 
1.24e+09 2.77e+09 1.43e+09 3.19e+09    3    6      0        0  8.55e+04  2.83e+08  2.95e+06  5.80e+27  1.20e-09  6.07e+14  3.89e+04  5.74e+04  9.72e-05  1.80e-02  6.53e-01  1.28e-03  6.07e-17 -4.57e+22 -3.23e+21 -5.96e+22  1.72e+00  2.20e+01  1.34e+06  0.00e+00  1.04e+06 
1.24e+09 3.62e+09 1.43e+09 4.17e+09    3    7      0        0  8.41e+04  2.80e+08  2.95e+06  7.58e+27  1.18e-09  5.91e+14  3.81e+04  5.18e+04  9.79e-05  1.49e-01  5.22e-01  8.58e-06  1.31e-19 -3.79e+22  1.68e+20 -4.60e+22  1.05e+00  1.28e+01  1.03e+06  0.00e+00  7.55e+05 
1.24e+09 4.73e+09 1.43e+09 5.45e+09    3    8      0        0  8.23e+04  2.77e+08  2.96e+06  9.91e+27  1.15e-09  5.60e+14  3.69e+04  4.25e+04  9.88e-05  5.17e-01  9.78e-02  4.18e-07  1.00e-20 -3.34e+22  1.58e+21 -3.49e+22  4.51e-01  5.13e+00  6.86e+05  0.00e+00  4.43e+05 
1.24e+09 6.18e+09 1.43e+09 7.12e+09    3    9      0        0  8.02e+04  2.72e+08  2.98e+06  1.29e+28  1.12e-09  5.24e+14  3.47e+04  2.86e+04  1.23e-04  9.10e-01  2.41e-03  9.18e-09  1.00e-20 -2.30e+22  5.36e+20 -1.74e+22  2.85e-02  3.16e-01  3.27e+05  0.00e+00  1.43e+05 
1.24e+09 8.07e+09 1.43e+09 9.31e+09    3   10      0        0  7.77e+04  2.67e+08  3.01e+06  1.69e+28  1.06e-09  4.92e+14  3.32e+04  2.65e+04  2.12e-04  9.67e-01  1.96e-05  5.47e-11  1.00e-20 -5.54e+21 -9.67e+19 -7.32e+21  2.87e-03  3.15e-02  1.66e+05  0.00e+00  5.75e+04 
1.24e+09 1.05e+10 1.43e+09 1.22e+10    3   11      0        0  7.54e+04  2.60e+08  3.07e+06  2.21e+28  9.62e-10  4.47e+14  3.23e+04  2.55e+04  2.53e-04  9.71e-01  1.31e-05  2.04e-11  1.00e-20 -7.64e+21 -8.37e+19 -7.16e+21  1.36e-03  1.36e-02  1.09e+05  0.00e+00  4.31e+04 
1.24e+09 1.38e+10 1.43e+09 1.59e+10    3   12      0        0  7.43e+04  2.52e+08  3.22e+06  2.89e+28  8.00e-10  3.71e+14  3.12e+04  2.48e+04  2.98e-04  9.68e-01  7.07e-06  7.16e-12  1.00e-20 -6.03e+21  3.59e+20 -5.81e+21  6.92e-04  7.13e-03  7.43e+04  0.00e+00  3.08e+04 
1.24e+09 1.80e+10 1.43e+09 2.08e+10    3   13      0        0  7.74e+04  2.43e+08  3.62e+06  3.78e+28  5.56e-10  2.57e+14  2.87e+04  2.37e+04  4.26e-04  9.33e-01  1.55e-06  7.47e-13  1.00e-20 -2.76e+21 -2.69e+20 -2.67e+21  2.82e-04  2.97e-03  4.04e+04  0.00e+00  1.50e+04 
1.24e+09 2.36e+10 1.43e+09 2.72e+10    3   14      1        0  8.98e+04  2.32e+08  4.60e+06  4.86e+28  0.00e+00  9.35e-18  3.48e+05  4.33e+04  0.00e+00  0.00e+00  0.00e+00  0.00e+00  0.00e+00 -1.57e+20 -1.02e+20 -1.80e+20       inf       inf  1.90e+04  0.00e+00  3.19e+03 
1.24e+09 3.08e+10 1.43e+09 3.55e+10    3   15      1        1  1.20e+05  2.24e+08  6.84e+06  4.57e+28  0.00e+00  8.32e-18  1.87e+05  5.40e+04  0.00e+00  0.00e+00  0.00e+00  0.00e+00  0.00e+00  5.76e+19 -4.64e+19 -1.92e+19       inf       inf  1.06e+04  0.00e+00  3.44e+03 
1.24e+09 4.02e+10 1.43e+09 4.64e+10    3   16      1        1  1.96e+05  2.24e+08  1.27e+07  1.55e+28  0.00e+00  8.24e-18  6.82e+04  5.87e+04  0.00e+00  0.00e+00  0.00e+00  0.00e+00  0.00e+00 -8.49e+18  3.96e+18 -3.56e+19       inf       inf  3.50e+03  0.00e+00  1.05e+03 
1.24e+09 5.26e+10 1.43e+09 6.07e+10    3   17     -1        0  3.22e+05  2.24e+08  2.41e+07  0.00e+00  0.00e+00  0.00e+00  0.00e+00  0.00e+00  0.00e+00  0.00e+00  0.00e+00  0.00e+00  0.00e+00  0.00e+00  0.00e+00  0.00e+00  0.00e+00  0.00e+00  0.00e+00  0.00e+00  0.00e+00 
1.24e+09 6.87e+10 1.43e+09 7.93e+10    3   18     -1        0  5.07e+05  2.24e+08  4.44e+07  0.00e+00  0.00e+00  0.00e+00  0.00e+00  0.00e+00  0.00e+00  0.00e+00  0.00e+00  0.00e+00  0.00e+00  0.00e+00  0.00e+00  0.00e+00  0.00e+00  0.00e+00  0.00e+00  0.00e+00  0.00e+00 
1.24e+09 8.98e+10 1.43e+09 1.04e+11    3   19     -1        0  7.40e+05  2.24e+08  7.75e+07  0.00e+00  0.00e+00  0.00e+00  0.00e+00  0.00e+00  0.00e+00  0.00e+00  0.00e+00  0.00e+00  0.00e+00  0.00e+00  0.00e+00  0.00e+00  0.00e+00  0.00e+00  0.00e+00  0.00e+00  0.00e+00 
1.24e+09 1.17e+11 1.43e+09 1.35e+11    3   20     -1        0  9.94e+05  2.24e+08  1.26e+08  0.00e+00  0.00e+00  0.00e+00  0.00e+00  0.00e+00  0.00e+00  0.00e+00  0.00e+00  0.00e+00  0.00e+00  0.00e+00  0.00e+00  0.00e+00  0.00e+00  0.00e+00  0.00e+00  0.00e+00  0.00e+00 
1.24e+09 1.53e+11 1.43e+09 1.77e+11    3   21     -1        0  1.23e+06  2.24e+08  1.91e+08  0.00e+00  0.00e+00  0.00e+00  0.00e+00  0.00e+00  0.00e+00  0.00e+00  0.00e+00  0.00e+00  0.00e+00  0.00e+00  0.00e+00  0.00e+00  0.00e+00  0.00e+00  0.00e+00  0.00e+00  0.00e+00 
1.24e+09 2.01e+11 1.43e+09 2.31e+11    3   22     -1        0  1.40e+06  2.24e+08  2.72e+08  0.00e+00  0.00e+00  0.00e+00  0.00e+00  0.00e+00  0.00e+00  0.00e+00  0.00e+00  0.00e+00  0.00e+00  0.00e+00  0.00e+00  0.00e+00  0.00e+00  0.00e+00  0.00e+00  0.00e+00  0.00e+00 
1.24e+09 2.62e+11 1.43e+09 3.02e+11    3   23     -1        0  1.48e+06  2.24e+08  3.62e+08  0.00e+00  0.00e+00  0.00e+00  0.00e+00  0.00e+00  0.00e+00  0.00e+00  0.00e+00  0.00e+00  0.00e+00  0.00e+00  0.00e+00  0.00e+00  0.00e+00  0.00e+00  0.00e+00  0.00e+00  0.00e+00 
1.24e+09 3.43e+11 1.43e+09 3.95e+11    3   24     -1        0  1.48e+06  2.24e+08  4.57e+08  0.00e+00  0.00e+00  0.00e+00  0.00e+00  0.00e+00  0.00e+00  0.00e+00  0.00e+00  0.00e+00  0.00e+00  0.00e+00  0.00e+00  0.00e+00  0.00e+00  0.00e+00  0.00e+00  0.00e+00  0.00e+00 
1.24e+09 4.48e+11 1.43e+09 5.17e+11    3   25     -1        0  1.40e+06  2.24e+08  5.52e+08  0.00e+00  0.00e+00  0.00e+00  0.00e+00  0.00e+00  0.00e+00  0.00e+00  0.00e+00  0.00e+00  0.00e+00  0.00e+00  0.00e+00  0.00e+00  0.00e+00  0.00e+00  0.00e+00  0.00e+00  0.00e+00 
1.24e+09 5.85e+11 1.43e+09 6.75e+11    3   26     -1        0  1.27e+06  2.24e+08  6.41e+08  0.00e+00  0.00e+00  0.00e+00  0.00e+00  0.00e+00  0.00e+00  0.00e+00  0.00e+00  0.00e+00  0.00e+00  0.00e+00  0.00e+00  0.00e+00  0.00e+00  0.00e+00  0.00e+00  0.00e+00  0.00e+00 
1.24e+09 7.65e+11 1.43e+09 8.83e+11    3   27     -1        0  1.11e+06  2.24e+08  7.21e+08  0.00e+00  0.00e+00  0.00e+00  0.00e+00  0.00e+00  0.00e+00  0.00e+00  0.00e+00  0.00e+00  0.00e+00  0.00e+00  0.00e+00  0.00e+00  0.00e+00  0.00e+00  0.00e+00  0.00e+00  0.00e+00 
1.24e+09 1.00e+12 1.43e+09 1.15e+12    3   28     -1        0  9.41e+05  2.24e+08  7.90e+08  0.00e+00  0.00e+00  0.00e+00  0.00e+00  0.00e+00  0.00e+00  0.00e+00  0.00e+00  0.00e+00  0.00e+00  0.00e+00  0.00e+00  0.00e+00  0.00e+00  0.00e+00  0.00e+00  0.00e+00  0.00e+00 
1.24e+09 1.31e+12 1.43e+09 1.51e+12    3   29     -1        0  7.81e+05  2.24e+08  8.49e+08  0.00e+00  0.00e+00  0.00e+00  0.00e+00  0.00e+00  0.00e+00  0.00e+00  0.00e+00  0.00e+00  0.00e+00  0.00e+00  0.00e+00  0.00e+00  0.00e+00  0.00e+00  0.00e+00  0.00e+00  0.00e+00 
1.62e+09 0.00e+00 1.87e+09 3.63e+08    4    0      0        0  1.12e+05  2.56e+08  2.75e+06  8.46e+27  7.83e-10  3.98e+14  4.66e+04  7.66e+04  4.81e-05  4.85e-05  2.71e-03  2.04e-01  6.73e-12 -1.33e+23  1.02e+21 -1.73e+23  9.16e+00  1.36e+02  5.42e+06  0.00e+00  4.56e+06 
1.62e+09 7.25e+08 1.87e+09 8.37e+08    4    1      0        0  1.10e+05  2.54e+08  2.76e+06  2.60e+27  7.82e-10  3.97e+14  4.17e+04  7.76e+04  5.70e-05  5.99e-05  3.58e-03  2.76e-01  2.46e-13 -3.88e+22  2.20e+21 -5.31e+22  7.40e+00  1.10e+02  3.17e+06  0.00e+00  2.60e+06 
1.62e+09 9.48e+08 1.87e+09 1.09e+09    4    2      0        0  1.10e+05  2.53e+08  2.77e+06  3.40e+27  7.81e-10  3.97e+14  4.12e+04  7.70e+04  5.79e-05  7.03e-05  4.33e-03  3.23e-01  1.70e-13 -4.51e+22 -1.50e+21 -6.02e+22  6.50e+00  9.59e+01  2.99e+06  0.00e+00  2.44e+06 
1.62e+09 1.24e+09 1.87e+09 1.43e+09    4    3      0        0  1.09e+05  2.52e+08  2.77e+06  4.44e+27  7.80e-10  3.96e+14  4.07e+04  7.49e+04  5.91e-05  1.00e-04  6.30e-03  4.23e-01  1.07e-13 -4.83e+22  6.43e+20 -6.79e+22  5.44e+00  7.86e+01  2.71e+06  0.00e+00  2.19e+06 
1.62e+09 1.62e+09 1.87e+09 1.87e+09    4    4      0        0  1.08e+05  2.51e+08  2.78e+06  5.80e+27  7.79e-10  3.96e+14  4.01e+04  7.04e+04  6.03e-05  2.58e-04  1.40e-02  5.11e-01  5.67e-14 -4.95e+22  1.41e+21 -7.19e+22  4.33e+00  6.05e+01  2.38e+06  0.00e+00  1.89e+06 
1.62e+09 2.12e+09 1.87e+09 2.44e+09    4    5      0        0  1.07e+05  2.49e+08  2.79e+06  7.58e+27  7.78e-10  3.95e+14  3.95e+04  6.50e+04  6.17e-05  1.76e-03  4.40e-02  2.45e-01  1.81e-14 -5.01e+22  1.09e+21 -6.93e+22  3.26e+00  4.39e+01  2.02e+06  0.00e+00  1.56e+06 
1.62e+09 2.77e+09 1.87e+09 3.19e+09    4    6      0        0  1.06e+05  2.48e+08  2.80e+06  9.91e+27  7.75e-10  3.93e+14  3.88e+04  5.76e+04  6.32e-05  2.00e-02  5.44e-01  3.05e-03  1.37e-16 -4.01e+22 -8.73e+20 -6.80e+22  2.22e+00  2.82e+01  1.61e+06  0.00e+00  1.19e+06 
1.62e+09 3.62e+09 1.87e+09 4.17e+09    4    7      0        0  1.05e+05  2.45e+08  2.81e+06  1.29e+28  7.72e-10  3.86e+14  3.78e+04  5.20e+04  6.49e-05  1.73e-01  6.19e-01  1.24e-05  1.55e-19 -3.78e+22 -2.56e+21 -5.56e+22  1.33e+00  1.65e+01  1.21e+06  0.00e+00  8.30e+05 
1.62e+09 4.73e+09 1.87e+09 5.45e+09    4    8      0        0  1.03e+05  2.42e+08  2.83e+06  1.69e+28  7.66e-10  3.71e+14  3.59e+04  4.27e+04  6.82e-05  5.50e-01  1.56e-01  4.62e-07  1.00e-20 -1.70e+22  1.19e+21 -4.80e+22  5.72e-01  6.40e+00  7.91e+05  0.00e+00  4.64e+05 
1.62e+09 6.18e+09 1.87e+09 7.12e+09    4    9      0        0  1.00e+05  2.38e+08  2.85e+06  2.21e+28  7.56e-10  3.54e+14  3.41e+04  2.91e+04  8.49e-05  9.13e-01  4.15e-03  8.40e-09  1.00e-20  5.99e+21 -5.00e+20 -2.07e+22  4.68e-02  4.79e-01  3.89e+05  0.00e+00  1.47e+05 
1.62e+09 8.07e+09 1.87e+09 9.31e+09    4   10      0        0  9.77e+04  2.33e+08  2.89e+06  2.89e+28  7.37e-10  3.43e+14  3.20e+04  2.64e+04  2.01e-04  9.73e-01  7.99e-06  2.21e-16  1.00e-20 -2.80e+21 -2.19e+20 -1.13e+22  2.72e-03  2.90e-02  1.97e+05  0.00e+00  5.62e+04 
1.62e+09 1.05e+10 1.87e+09 1.22e+10    4   11      0        0  9.54e+04  2.28e+08  2.97e+06  3.78e+28  7.01e-10  3.25e+14  3.09e+04  2.55e+04  2.77e-04  9.68e-01  1.59e-06  1.61e-14  1.00e-20 -2.74e+21 -1.26e+20 -4.77e+21  9.93e-04  1.10e-02  1.13e+05  0.00e+00  3.52e+04 
1.62e+09 1.38e+10 1.87e+09 1.59e+10    4   12      0        0  9.49e+04  2.21e+08  3.15e+06  4.94e+28  6.28e-10  2.91e+14  2.99e+04  2.46e+04  3.47e-04  9.54e-01  3.81e-07  1.23e-18  1.00e-20 -1.20e+21 -2.42e+20 -3.01e+21  4.46e-04  4.12e-03  6.95e+04  0.00e+00  2.23e+04 
1.62e+09 1.80e+10 1.87e+09 2.08e+10    4   13      0        0  9.98e+04  2.12e+08  3.57e+06  6.46e+28  4.99e-10  2.30e+14  2.81e+04  2.34e+04  4.75e-04  9.15e-01  4.56e-08  1.92e-20  1.00e-20 -7.81e+19 -3.15e+20 -1.48e+21  1.89e-04  1.83e-03  3.95e+04  0.00e+00  1.19e+04 
1.62e+09 2.36e+10 1.87e+09 2.72e+10    4   14      0        0  1.18e+05  2.03e+08  4.61e+06  8.44e+28  3.25e-10  1.46e+14  2.42e+04  2.20e+04  1.07e-03  6.65e-01  2.75e-08  1.47e-15  1.00e-20 -1.06e+21 -8.03e+19 -1.22e+21  6.68e-05  6.30e-04  2.23e+04  0.00e+00  6.43e+03 
1.62e+09 3.08e+10 1.87e+09 3.55e+10    4   15      0        0  1.63e+05  1.92e+08  7.11e+06  1.10e+29  1.63e-10  6.87e+13  1.75e+04  2.00e+04  9.63e-03  7.83e-02  5.49e-09  2.75e-14  1.00e-20 -8.17e+20 -6.38e+19 -1.16e+21  1.78e-05  1.17e-04  1.51e+04  0.00e+00  5.11e+03 
1.62e+09 4.02e+10 1.87e+09 4.64e+10    4   16      1        1  2.58e+05  1.81e+08  1.28e+07  1.42e+29  0.00e+00  8.24e-18  5.37e+04  4.60e+04  0.00e+00  0.00e+00  0.00e+00  0.00e+00  0.00e+00 -1.37e+20  1.73e+19 -4.98e+19       inf       inf  7.08e+03  0.00e+00  1.31e+03 
1.62e+09 5.26e+10 1.87e+09 6.07e+10    4   17      1        1  4.21e+05  1.71e+08  2.41e+07  1.20e+29  0.00e+00  8.24e-18  2.49e+04  5.22e+04  0.00e+00  0.00e+00  0.00e+00  0.00e+00  0.00e+00  1.12e+19  2.82e+19 -6.63e+19       inf       inf  4.91e+03  0.00e+00  1.42e+03 
1.62e+09 6.87e+10 1.87e+09 7.93e+10    4   18      1        1  6.62e+05  1.71e+08  4.44e+07  1.57e+28  0.00e+00  7.09e-18  9.06e+03  5.21e+04  0.00e+00  0.00e+00  0.00e+00  0.00e+00  0.00e+00  0.00e+00  0.00e+00  0.00e+00       inf       inf  1.32e+03  0.00e+00  2.96e+02 
1.62e+09 8.98e+10 1.87e+09 1.04e+11    4   19     -1        0  9.67e+05  1.71e+08  7.75e+07  0.00e+00  0.00e+00  0.00e+00  0.00e+00  0.00e+00  0.00e+00  0.00e+00  0.00e+00  0.00e+00  0.00e+00  0.00e+00  0.00e+00  0.00e+00  0.00e+00  0.00e+00  0.00e+00  0.00e+00  0.00e+00 
1.62e+09 1.17e+11 1.87e+09 1.35e+11    4   20     -1        0  1.30e+06  1.71e+08  1.26e+08  0.00e+00  0.00e+00  0.00e+00  0.00e+00  0.00e+00  0.00e+00  0.00e+00  0.00e+00  0.00e+00  0.00e+00  0.00e+00  0.00e+00  0.00e+00  0.00e+00  0.00e+00  0.00e+00  0.00e+00  0.00e+00 
1.62e+09 1.53e+11 1.87e+09 1.77e+11    4   21     -1        0  1.60e+06  1.71e+08  1.91e+08  0.00e+00  0.00e+00  0.00e+00  0.00e+00  0.00e+00  0.00e+00  0.00e+00  0.00e+00  0.00e+00  0.00e+00  0.00e+00  0.00e+00  0.00e+00  0.00e+00  0.00e+00  0.00e+00  0.00e+00  0.00e+00 
1.62e+09 2.01e+11 1.87e+09 2.31e+11    4   22     -1        0  1.83e+06  1.71e+08  2.72e+08  0.00e+00  0.00e+00  0.00e+00  0.00e+00  0.00e+00  0.00e+00  0.00e+00  0.00e+00  0.00e+00  0.00e+00  0.00e+00  0.00e+00  0.00e+00  0.00e+00  0.00e+00  0.00e+00  0.00e+00  0.00e+00 
1.62e+09 2.62e+11 1.87e+09 3.02e+11    4   23     -1        0  1.94e+06  1.71e+08  3.62e+08  0.00e+00  0.00e+00  0.00e+00  0.00e+00  0.00e+00  0.00e+00  0.00e+00  0.00e+00  0.00e+00  0.00e+00  0.00e+00  0.00e+00  0.00e+00  0.00e+00  0.00e+00  0.00e+00  0.00e+00  0.00e+00 
1.62e+09 3.43e+11 1.87e+09 3.95e+11    4   24     -1        0  1.94e+06  1.71e+08  4.57e+08  0.00e+00  0.00e+00  0.00e+00  0.00e+00  0.00e+00  0.00e+00  0.00e+00  0.00e+00  0.00e+00  0.00e+00  0.00e+00  0.00e+00  0.00e+00  0.00e+00  0.00e+00  0.00e+00  0.00e+00  0.00e+00 
1.62e+09 4.48e+11 1.87e+09 5.17e+11    4   25     -1        0  1.83e+06  1.71e+08  5.52e+08  0.00e+00  0.00e+00  0.00e+00  0.00e+00  0.00e+00  0.00e+00  0.00e+00  0.00e+00  0.00e+00  0.00e+00  0.00e+00  0.00e+00  0.00e+00  0.00e+00  0.00e+00  0.00e+00  0.00e+00  0.00e+00 
1.62e+09 5.85e+11 1.87e+09 6.75e+11    4   26     -1        0  1.66e+06  1.71e+08  6.41e+08  0.00e+00  0.00e+00  0.00e+00  0.00e+00  0.00e+00  0.00e+00  0.00e+00  0.00e+00  0.00e+00  0.00e+00  0.00e+00  0.00e+00  0.00e+00  0.00e+00  0.00e+00  0.00e+00  0.00e+00  0.00e+00 
1.62e+09 7.65e+11 1.87e+09 8.83e+11    4   27     -1        0  1.45e+06  1.71e+08  7.21e+08  0.00e+00  0.00e+00  0.00e+00  0.00e+00  0.00e+00  0.00e+00  0.00e+00  0.00e+00  0.00e+00  0.00e+00  0.00e+00  0.00e+00  0.00e+00  0.00e+00  0.00e+00  0.00e+00  0.00e+00  0.00e+00 
1.62e+09 1.00e+12 1.87e+09 1.15e+12    4   28     -1        0  1.23e+06  1.71e+08  7.90e+08  0.00e+00  0.00e+00  0.00e+00  0.00e+00  0.00e+00  0.00e+00  0.00e+00  0.00e+00  0.00e+00  0.00e+00  0.00e+00  0.00e+00  0.00e+00  0.00e+00  0.00e+00  0.00e+00  0.00e+00  0.00e+00 
1.62e+09 1.31e+12 1.87e+09 1.51e+12    4   29     -1        0  1.02e+06  1.71e+08  8.49e+08  0.00e+00  0.00e+00  0.00e+00  0.00e+00  0.00e+00  0.00e+00  0.00e+00  0.00e+00  0.00e+00  0.00e+00  0.00e+00  0.00e+00  0.00e+00  0.00e+00  0.00e+00  0.00e+00  0.00e+00  0.00e+00 
2.12e+09 0.00e+00 2.44e+09 3.63e+08    5    0      0        0  1.36e+05  2.24e+08  2.56e+06  1.45e+28  4.58e-10  2.33e+14  4.39e+04  6.99e+04  3.09e-05  6.11e-05  3.83e-03  2.94e-01  1.20e-12 -1.07e+23  1.42e+21 -1.00e+23  9.60e+00  1.36e+02  4.75e+06  0.00e+00  3.79e+06 
2.12e+09 7.25e+08 2.44e+09 8.37e+08    5    1      0        0  1.34e+05  2.22e+08  2.57e+06  4.44e+27  4.59e-10  2.33e+14  4.27e+04  7.15e+04  3.22e-05  6.51e-05  4.23e-03  3.37e-01  5.13e-13 -3.79e+22  1.90e+21 -3.44e+22  8.66e+00  1.23e+02  3.35e+06  0.00e+00  2.62e+06 
2.12e+09 9.48e+08 2.44e+09 1.09e+09    5    2      0        0  1.33e+05  2.21e+08  2.57e+06  5.80e+27  4.59e-10  2.33e+14  4.23e+04  7.15e+04  3.28e-05  7.49e-05  4.87e-03  3.85e-01  3.56e-13 -4.83e+22  7.23e+20 -4.44e+22  7.96e+00  1.14e+02  3.32e+06  0.00e+00  2.60e+06 
2.12e+09 1.24e+09 2.44e+09 1.43e+09    5    3      0        0  1.33e+05  2.21e+08  2.58e+06  7.58e+27  4.59e-10  2.33e+14  4.16e+04  7.03e+04  3.37e-05  1.04e-04  6.69e-03  4.62e-01  2.05e-13 -5.29e+22  2.69e+21 -5.67e+22  6.99e+00  9.84e+01  3.18e+06  0.00e+00  2.47e+06 
2.12e+09 1.62e+09 2.44e+09 1.87e+09    5    4      0        0  1.32e+05  2.20e+08  2.59e+06  9.91e+27  4.60e-10  2.33e+14  4.07e+04  6.73e+04  3.48e-05  2.63e-04  1.36e-02  5.09e-01  9.01e-14 -5.72e+22  1.25e+21 -6.81e+22  5.79e+00  8.03e+01  2.90e+06  0.00e+00  2.22e+06 
2.12e+09 2.12e+09 2.44e+09 2.44e+09    5    5      0        0  1.31e+05  2.18e+08  2.60e+06  1.29e+28  4.60e-10  2.34e+14  3.97e+04  6.37e+04  3.62e-05  1.93e-03  3.60e-02  2.79e-01  2.42e-14 -5.48e+22  9.35e+20 -6.93e+22  4.48e+00  6.03e+01  2.51e+06  0.00e+00  1.88e+06 
2.12e+09 2.77e+09 2.44e+09 3.19e+09    5    6      0        0  1.29e+05  2.17e+08  2.61e+06  1.69e+28  4.60e-10  2.33e+14  3.87e+04  5.93e+04  3.78e-05  1.32e-02  1.28e-01  6.44e-02  2.70e-15 -4.76e+22 -8.15e+20 -6.93e+22  3.19e+00  4.16e+01  2.05e+06  0.00e+00  1.47e+06 
2.12e+09 3.62e+09 2.44e+09 4.17e+09    5    7      0        0  1.28e+05  2.14e+08  2.62e+06  2.21e+28  4.61e-10  2.31e+14  3.72e+04  5.34e+04  4.00e-05  1.24e-01  7.54e-01  2.15e-04  2.00e-18 -3.66e+22  2.59e+19 -6.50e+22  1.98e+00  2.51e+01  1.55e+06  0.00e+00  1.03e+06 
2.12e+09 4.73e+09 2.44e+09 5.45e+09    5    8      0        0  1.25e+05  2.12e+08  2.64e+06  2.89e+28  4.61e-10  2.24e+14  3.56e+04  4.65e+04  4.20e-05  4.78e-01  4.82e-01  5.30e-06  1.00e-20 -2.28e+22 -2.86e+20 -5.90e+22  9.80e-01  1.20e+01  1.04e+06  0.00e+00  5.98e+05 
2.12e+09 6.18e+09 2.44e+09 7.12e+09    5    9      0        0  1.23e+05  2.08e+08  2.67e+06  3.78e+28  4.59e-10  2.17e+14  3.38e+04  3.54e+04  4.63e-05  8.47e-01  6.25e-02  9.60e-08  1.00e-20  4.80e+21  3.05e+21 -4.10e+22  2.59e-01  2.93e+00  5.89e+05  0.00e+00  2.46e+05 
2.12e+09 8.07e+09 2.44e+09 9.31e+09    5   10      0        0  1.20e+05  2.04e+08  2.71e+06  4.94e+28  4.54e-10  2.11e+14  3.09e+04  2.65e+04  1.25e-04  9.81e-01  2.40e-05  2.47e-16  1.00e-20  4.99e+21  4.01e+20 -1.75e+22  7.39e-03  7.57e-02  2.92e+05  0.00e+00  8.21e+04 
2.12e+09 1.05e+10 2.44e+09 1.22e+10    5   11      0        0  1.17e+05  1.99e+08  2.79e+06  6.46e+28  4.41e-10  2.04e+14  2.87e+04  2.55e+04  3.18e-04  9.54e-01  4.31e-07  3.74e-19  1.00e-20 -8.71e+19 -1.26e+20 -7.31e+21  1.03e-03  9.18e-03  1.54e+05  0.00e+00  3.69e+04 
2.12e+09 1.38e+10 2.44e+09 1.59e+10    5   12      0        0  1.17e+05  1.93e+08  2.96e+06  8.44e+28  4.08e-10  1.88e+14  2.73e+04  2.45e+04  4.72e-04  9.08e-01  4.37e-08  1.00e-20  1.00e-20  3.62e+20  3.92e+20 -4.14e+21  4.13e-04  3.78e-03  9.19e+04  0.00e+00  2.42e+04 
2.12e+09 1.80e+10 2.44e+09 2.08e+10    5   13      0        0  1.23e+05  1.86e+08  3.35e+06  1.10e+29  3.42e-10  1.56e+14  2.55e+04  2.34e+04  7.51e-04  7.97e-01  1.94e-09  1.00e-20  1.00e-20 -2.11e+20  5.98e+19 -3.12e+21  1.59e-04  1.61e-03  5.16e+04  0.00e+00  1.39e+04 
2.12e+09 2.36e+10 2.44e+09 2.72e+10    5   14      0        0  1.43e+05  1.78e+08  4.30e+06  1.44e+29  2.42e-10  1.06e+14  2.17e+04  2.18e+04  2.09e-03  3.41e-01  1.59e-12  1.00e-20  1.00e-20 -1.38e+20 -3.17e+19 -9.72e+20  4.85e-05  4.23e-04  2.71e+04  0.00e+00  6.88e+03 
2.12e+09 3.08e+10 2.44e+09 3.55e+10    5   15      0        0  1.96e+05  1.68e+08  6.55e+06  1.88e+29  1.41e-10  5.86e+13  1.65e+04  1.97e+04  1.60e-02  1.01e-02  8.35e-18  1.00e-20  1.00e-20 -6.03e+20 -1.36e+20 -5.41e+20  7.90e-06  6.58e-05  1.53e+04  0.00e+00  3.71e+03 
2.12e+09 4.02e+10 2.44e+09 4.64e+10    5   16      0        0  3.08e+05  1.58e+08  1.16e+07  2.46e+29  6.83e-11  1.38e+13  1.03e+04  2.02e+04  5.26e-01  2.31e-02  7.87e-10  1.46e-15  1.00e-20 -1.17e+20 -4.61e+19 -3.73e+20  2.76e-07  2.31e-06  8.35e+03  0.00e+00  1.64e+03 
2.12e+09 5.26e+10 2.44e+09 6.07e+10    5   17      0        0  5.14e+05  1.47e+08  2.24e+07  3.22e+29  2.78e-11  6.65e+12  8.49e+03  2.11e+04  4.57e-01  2.17e-01  1.08e-07  5.18e-12  1.00e-20 -5.13e+20  6.85e+19 -6.17e+20  3.83e-06  1.31e-05  7.12e+03  0.00e+00  1.66e+03 
2.12e+09 6.87e+10 2.44e+09 7.93e+10    5   18      1        0  8.48e+05  1.36e+08  4.35e+07  3.81e+29  0.00e+00  7.30e-18  6.12e+03  3.74e+04  0.00e+00  0.00e+00  0.00e+00  0.00e+00  0.00e+00 -1.07e+20 -8.75e+19 -7.56e+19       inf       inf  3.72e+03  0.00e+00  4.82e+02 
2.12e+09 8.98e+10 2.44e+09 1.04e+11    5   19      1        1  1.26e+06  1.31e+08  7.75e+07  1.62e+29  0.00e+00  7.30e-18  1.63e+03  5.01e+04  0.00e+00  0.00e+00  0.00e+00  0.00e+00  0.00e+00  0.00e+00  0.00e+00  0.00e+00       inf       inf  1.90e+03  0.00e+00  4.44e+02 
2.12e+09 1.17e+11 2.44e+09 1.35e+11    5   20     -1        0  1.70e+06  1.31e+08  1.26e+08  0.00e+00  0.00e+00  0.00e+00  0.00e+00  0.00e+00  0.00e+00  0.00e+00  0.00e+00  0.00e+00  0.00e+00  0.00e+00  0.00e+00  0.00e+00  0.00e+00  0.00e+00  0.00e+00  0.00e+00  0.00e+00 
2.12e+09 1.53e+11 2.44e+09 1.77e+11    5   21     -1        0  2.10e+06  1.31e+08  1.91e+08  0.00e+00  0.00e+00  0.00e+00  0.00e+00  0.00e+00  0.00e+00  0.00e+00  0.00e+00  0.00e+00  0.00e+00  0.00e+00  0.00e+00  0.00e+00  0.00e+00  0.00e+00  0.00e+00  0.00e+00  0.00e+00 
2.12e+09 2.01e+11 2.44e+09 2.31e+11    5   22     -1        0  2.39e+06  1.31e+08  2.72e+08  0.00e+00  0.00e+00  0.00e+00  0.00e+00  0.00e+00  0.00e+00  0.00e+00  0.00e+00  0.00e+00  0.00e+00  0.00e+00  0.00e+00  0.00e+00  0.00e+00  0.00e+00  0.00e+00  0.00e+00  0.00e+00 
2.12e+09 2.62e+11 2.44e+09 3.02e+11    5   23     -1        0  2.54e+06  1.31e+08  3.62e+08  0.00e+00  0.00e+00  0.00e+00  0.00e+00  0.00e+00  0.00e+00  0.00e+00  0.00e+00  0.00e+00  0.00e+00  0.00e+00  0.00e+00  0.00e+00  0.00e+00  0.00e+00  0.00e+00  0.00e+00  0.00e+00 
2.12e+09 3.43e+11 2.44e+09 3.95e+11    5   24     -1        0  2.53e+06  1.31e+08  4.57e+08  0.00e+00  0.00e+00  0.00e+00  0.00e+00  0.00e+00  0.00e+00  0.00e+00  0.00e+00  0.00e+00  0.00e+00  0.00e+00  0.00e+00  0.00e+00  0.00e+00  0.00e+00  0.00e+00  0.00e+00  0.00e+00 
2.12e+09 4.48e+11 2.44e+09 5.17e+11    5   25     -1        0  2.39e+06  1.31e+08  5.52e+08  0.00e+00  0.00e+00  0.00e+00  0.00e+00  0.00e+00  0.00e+00  0.00e+00  0.00e+00  0.00e+00  0.00e+00  0.00e+00  0.00e+00  0.00e+00  0.00e+00  0.00e+00  0.00e+00  0.00e+00  0.00e+00 
2.12e+09 5.85e+11 2.44e+09 6.75e+11    5   26     -1        0  2.17e+06  1.31e+08  6.41e+08  0.00e+00  0.00e+00  0.00e+00  0.00e+00  0.00e+00  0.00e+00  0.00e+00  0.00e+00  0.00e+00  0.00e+00  0.00e+00  0.00e+00  0.00e+00  0.00e+00  0.00e+00  0.00e+00  0.00e+00  0.00e+00 
2.12e+09 7.65e+11 2.44e+09 8.83e+11    5   27     -1        0  1.89e+06  1.31e+08  7.21e+08  0.00e+00  0.00e+00  0.00e+00  0.00e+00  0.00e+00  0.00e+00  0.00e+00  0.00e+00  0.00e+00  0.00e+00  0.00e+00  0.00e+00  0.00e+00  0.00e+00  0.00e+00  0.00e+00  0.00e+00  0.00e+00 
2.12e+09 1.00e+12 2.44e+09 1.15e+12    5   28     -1        0  1.61e+06  1.31e+08  7.90e+08  0.00e+00  0.00e+00  0.00e+00  0.00e+00  0.00e+00  0.00e+00  0.00e+00  0.00e+00  0.00e+00  0.00e+00  0.00e+00  0.00e+00  0.00e+00  0.00e+00  0.00e+00  0.00e+00  0.00e+00  0.00e+00 
2.12e+09 1.31e+12 2.44e+09 1.51e+12    5   29     -1        0  1.33e+06  1.31e+08  8.49e+08  0.00e+00  0.00e+00  0.00e+00  0.00e+00  0.00e+00  0.00e+00  0.00e+00  0.00e+00  0.00e+00  0.00e+00  0.00e+00  0.00e+00  0.00e+00  0.00e+00  0.00e+00  0.00e+00  0.00e+00  0.00e+00 
2.77e+09 0.00e+00 3.19e+09 3.63e+08    6    0      0        0  1.64e+05  1.96e+08  2.36e+06  2.47e+28  2.57e-10  1.31e+14  4.31e+04  6.35e+04  1.79e-05  9.04e-05  5.84e-03  4.18e-01  6.23e-13 -7.52e+22  4.06e+21 -4.85e+22  9.54e+00  1.28e+02  3.91e+06  0.00e+00  2.89e+06 
2.77e+09 7.25e+08 3.19e+09 8.37e+08    6    1      0        0  1.62e+05  1.94e+08  2.37e+06  7.58e+27  2.58e-10  1.31e+14  4.24e+04  6.53e+04  1.84e-05  8.91e-05  5.90e-03  4.72e-01  3.77e-13 -2.95e+22  1.59e+21 -2.02e+22  9.34e+00  1.28e+02  3.15e+06  0.00e+00  2.32e+06 
2.77e+09 9.48e+08 3.19e+09 1.09e+09    6    2      0        0  1.61e+05  1.94e+08  2.38e+06  9.91e+27  2.58e-10  1.31e+14  4.20e+04  6.56e+04  1.86e-05  9.96e-05  6.54e-03  4.67e-01  2.93e-13 -3.95e+22 -3.12e+20 -2.81e+22  8.96e+00  1.23e+02  3.26e+06  0.00e+00  2.41e+06 
2.77e+09 1.24e+09 3.19e+09 1.43e+09    6    3      0        0  1.60e+05  1.93e+08  2.38e+06  1.29e+28  2.59e-10  1.31e+14  4.14e+04  6.52e+04  1.91e-05  1.34e-04  8.40e-03  5.22e-01  1.71e-13 -4.94e+22  7.80e+20 -3.81e+22  8.29e+00  1.14e+02  3.31e+06  0.00e+00  2.44e+06 
2.77e+09 1.62e+09 3.19e+09 1.87e+09    6    4      0        0  1.59e+05  1.92e+08  2.39e+06  1.69e+28  2.59e-10  1.32e+14  4.05e+04  6.35e+04  1.99e-05  3.46e-04  1.55e-02  4.85e-01  6.86e-14 -5.84e+22  3.07e+21 -5.15e+22  7.28e+00  9.90e+01  3.21e+06  0.00e+00  2.36e+06 
2.77e+09 2.12e+09 3.19e+09 2.44e+09    6    5      0        0  1.58e+05  1.91e+08  2.40e+06  2.21e+28  2.60e-10  1.32e+14  3.92e+04  6.16e+04  2.09e-05  2.46e-03  3.20e-02  3.01e-01  1.69e-14 -5.46e+22 -6.71e+20 -5.65e+22  5.98e+00  8.00e+01  2.97e+06  0.00e+00  2.13e+06 
2.77e+09 2.77e+09 3.19e+09 3.19e+09    6    6      0        0  1.56e+05  1.89e+08  2.41e+06  2.89e+28  2.61e-10  1.32e+14  3.80e+04  5.92e+04  2.21e-05  1.02e-02  6.47e-02  1.56e-01  3.13e-15 -5.20e+22  1.82e+20 -5.95e+22  4.55e+00  6.00e+01  2.57e+06  0.00e+00  1.80e+06 
2.77e+09 3.62e+09 3.19e+09 4.17e+09    6    7      0        0  1.54e+05  1.88e+08  2.42e+06  3.78e+28  2.62e-10  1.32e+14  3.66e+04  5.53e+04  2.35e-05  5.46e-02  2.31e-01  2.78e-02  1.63e-16 -4.46e+22  1.61e+21 -6.40e+22  3.08e+00  3.96e+01  2.04e+06  0.00e+00  1.35e+06 
2.77e+09 4.73e+09 3.19e+09 5.45e+09    6    8      0        0  1.51e+05  1.85e+08  2.44e+06  4.94e+28  2.63e-10  1.30e+14  3.48e+04  4.97e+04  2.50e-05  3.40e-01  7.46e-01  1.49e-04  1.18e-19 -3.03e+22  7.23e+20 -5.99e+22  1.75e+00  2.17e+01  1.45e+06  0.00e+00  8.53e+05 
2.77e+09 6.18e+09 3.19e+09 7.12e+09    6    9      0        0  1.48e+05  1.82e+08  2.47e+06  6.46e+28  2.63e-10  1.25e+14  3.29e+04  4.25e+04  2.72e-05  7.65e-01  4.43e-01  5.44e-06  1.00e-20 -1.40e+22 -2.09e+20 -5.16e+22  7.43e-01  8.96e+00  9.07e+05  0.00e+00  4.27e+05 
2.77e+09 8.07e+09 3.19e+09 9.31e+09    6   10      0        0  1.45e+05  1.79e+08  2.51e+06  8.44e+28  2.63e-10  1.23e+14  3.08e+04  3.23e+04  3.32e-05  9.65e-01  4.39e-02  3.85e-08  1.00e-20  7.52e+21 -7.54e+20 -3.46e+22  1.74e-01  1.91e+00  4.95e+05  0.00e+00  1.70e+05 
2.77e+09 1.05e+10 3.19e+09 1.22e+10    6   11      0        0  1.42e+05  1.74e+08  2.59e+06  1.10e+29  2.58e-10  1.20e+14  2.67e+04  2.54e+04  2.40e-04  9.71e-01  3.61e-07  2.95e-20  1.00e-20  6.21e+21  1.29e+20 -1.51e+22  2.63e-03  2.67e-02  2.49e+05  0.00e+00  6.01e+04 
2.77e+09 1.38e+10 3.19e+09 1.59e+10    6   12      0        0  1.42e+05  1.69e+08  2.75e+06  1.44e+29  2.43e-10  1.10e+14  2.40e+04  2.46e+04  7.97e-04  7.57e-01  2.55e-09  1.00e-20  1.00e-20  2.08e+20 -3.83e+20 -8.61e+21  3.85e-04  3.63e-03  1.34e+05  0.00e+00  2.67e+04 
2.77e+09 1.80e+10 3.19e+09 2.08e+10    6   13      0        0  1.48e+05  1.63e+08  3.10e+06  1.88e+29  2.10e-10  9.20e+13  2.15e+04  2.34e+04  1.81e-03  3.98e-01  1.21e-12  1.00e-20  1.00e-20  3.02e+20  4.79e+20 -3.90e+21  1.23e-04  1.10e-03  7.43e+04  0.00e+00  1.68e+04 
2.77e+09 2.36e+10 3.19e+09 2.72e+10    6   14      0        0  1.72e+05  1.55e+08  3.95e+06  2.46e+29  1.55e-10  6.57e+13  1.82e+04  2.19e+04  6.54e-03  5.14e-02  1.01e-15  1.00e-20  1.00e-20 -7.98e+19  1.72e+20 -1.76e+21  2.94e-05  2.39e-04  3.83e+04  0.00e+00  9.09e+03 
2.77e+09 3.08e+10 3.19e+09 3.55e+10    6   15      0        0  2.33e+05  1.47e+08  5.94e+06  3.22e+29  9.65e-11  3.84e+13  1.39e+04  2.02e+04  5.91e-02  7.68e-04  1.00e-20  1.00e-20  1.00e-20  6.57e+18 -6.54e+19 -1.14e+21  5.50e-06  3.79e-05  2.06e+04  0.00e+00  4.93e+03 
2.77e+09 4.02e+10 3.19e+09 4.64e+10    6   16      0        0  3.61e+05  1.38e+08  1.04e+07  4.21e+29  5.18e-11  5.83e+12  8.92e+03  2.07e+04  7.35e-01  6.32e-09  1.00e-20  1.00e-20  1.00e-20 -1.89e+20  3.24e+18 -1.80e+20  3.12e-06  9.42e-07  1.08e+04  0.00e+00  7.88e+02 
2.77e+09 5.26e+10 3.19e+09 6.07e+10    6   17      0        0  5.97e+05  1.29e+08  2.00e+07  5.50e+29  2.54e-11  2.40e+12  7.05e+03  2.14e+04  7.78e-01  6.91e-13  1.00e-20  1.00e-20  1.00e-20 -3.50e+19 -1.26e+20 -1.46e+20  6.82e-08  5.26e-07  7.98e+03  0.00e+00  2.56e+02 
2.77e+09 6.87e+10 3.19e+09 7.93e+10    6   18      0        0  9.84e+05  1.19e+08  3.86e+07  7.19e+29  1.14e-11  2.59e+12  7.11e+03  2.15e+04  4.74e-01  8.25e-02  8.78e-09  1.00e-20  1.00e-20 -3.49e+19 -2.75e+19 -1.28e+20  7.36e-07  6.36e-06  5.02e+03  0.00e+00  4.41e+02 
2.77e+09 8.98e+10 3.19e+09 1.04e+11    6   19      1        0  1.54e+06  1.09e+08  7.24e+07  9.32e+29  0.00e+00  7.30e-18  3.14e+03  3.68e+04  0.00e+00  0.00e+00  0.00e+00  0.00e+00  0.00e+00 -4.84e+18 -1.81e+19 -4.64e+19       inf       inf  3.45e+03  0.00e+00  5.12e+02 
2.77e+09 1.17e+11 3.19e+09 1.35e+11    6   20      1        1  2.22e+06  1.00e+08  1.26e+08  6.83e+29  0.00e+00  7.30e-18  1.11e+03  4.86e+04  0.00e+00  0.00e+00  0.00e+00  0.00e+00  0.00e+00  7.42e+18  5.73e+18 -2.42e+19       inf       inf  2.21e+03  0.00e+00  6.16e+02 
2.77e+09 1.53e+11 3.19e+09 1.77e+11    6   21      1        2  2.74e+06  1.00e+08  1.91e+08  1.37e+28  0.00e+00  7.09e-18  4.90e+02  4.50e+04  0.00e+00  0.00e+00  0.00e+00  0.00e+00  0.00e+00  0.00e+00  0.00e+00  0.00e+00       inf      -nan  2.29e+02  0.00e+00  4.40e+01 
2.77e+09 2.01e+11 3.19e+09 2.31e+11    6   22     -1        0  3.12e+06  1.00e+08  2.72e+08  0.00e+00  0.00e+00  0.00e+00  0.00e+00  0.00e+00  0.00e+00  0.00e+00  0.00e+00  0.00e+00  0.00e+00  0.00e+00  0.00e+00  0.00e+00  0.00e+00  0.00e+00  0.00e+00  0.00e+00  0.00e+00 
2.77e+09 2.62e+11 3.19e+09 3.02e+11    6   23     -1        0  3.32e+06  1.00e+08  3.62e+08  0.00e+00  0.00e+00  0.00e+00  0.00e+00  0.00e+00  0.00e+00  0.00e+00  0.00e+00  0.00e+00  0.00e+00  0.00e+00  0.00e+00  0.00e+00  0.00e+00  0.00e+00  0.00e+00  0.00e+00  0.00e+00 
2.77e+09 3.43e+11 3.19e+09 3.95e+11    6   24     -1        0  3.31e+06  1.00e+08  4.57e+08  0.00e+00  0.00e+00  0.00e+00  0.00e+00  0.00e+00  0.00e+00  0.00e+00  0.00e+00  0.00e+00  0.00e+00  0.00e+00  0.00e+00  0.00e+00  0.00e+00  0.00e+00  0.00e+00  0.00e+00  0.00e+00 
2.77e+09 4.48e+11 3.19e+09 5.17e+11    6   25     -1        0  3.13e+06  1.00e+08  5.52e+08  0.00e+00  0.00e+00  0.00e+00  0.00e+00  0.00e+00  0.00e+00  0.00e+00  0.00e+00  0.00e+00  0.00e+00  0.00e+00  0.00e+00  0.00e+00  0.00e+00  0.00e+00  0.00e+00  0.00e+00  0.00e+00 
2.77e+09 5.85e+11 3.19e+09 6.75e+11    6   26     -1        0  2.83e+06  1.00e+08  6.41e+08  0.00e+00  0.00e+00  0.00e+00  0.00e+00  0.00e+00  0.00e+00  0.00e+00  0.00e+00  0.00e+00  0.00e+00  0.00e+00  0.00e+00  0.00e+00  0.00e+00  0.00e+00  0.00e+00  0.00e+00  0.00e+00 
2.77e+09 7.65e+11 3.19e+09 8.83e+11    6   27     -1        0  2.48e+06  1.00e+08  7.21e+08  0.00e+00  0.00e+00  0.00e+00  0.00e+00  0.00e+00  0.00e+00  0.00e+00  0.00e+00  0.00e+00  0.00e+00  0.00e+00  0.00e+00  0.00e+00  0.00e+00  0.00e+00  0.00e+00  0.00e+00  0.00e+00 
2.77e+09 1.00e+12 3.19e+09 1.15e+12    6   28     -1        0  2.10e+06  1.00e+08  7.90e+08  0.00e+00  0.00e+00  0.00e+00  0.00e+00  0.00e+00  0.00e+00  0.00e+00  0.00e+00  0.00e+00  0.00e+00  0.00e+00  0.00e+00  0.00e+00  0.00e+00  0.00e+00  0.00e+00  0.00e+00  0.00e+00 
2.77e+09 1.31e+12 3.19e+09 1.51e+12    6   29     -1        0  1.74e+06  1.00e+08  8.49e+08  0.00e+00  0.00e+00  0.00e+00  0.00e+00  0.00e+00  0.00e+00  0.00e+00  0.00e+00  0.00e+00  0.00e+00  0.00e+00  0.00e+00  0.00e+00  0.00e+00  0.00e+00  0.00e+00  0.00e+00  0.00e+00 
3.62e+09 0.00e+00 4.17e+09 3.63e+08    7    0      0        0  1.96e+05  1.71e+08  2.16e+06  4.22e+28  1.40e-10  7.13e+13  3.99e+04  5.77e+04  1.11e-05  1.75e-04  1.05e-02  5.30e-01  4.97e-14 -4.96e+22  3.17e+20 -2.22e+22  9.06e+00  1.18e+02  3.09e+06  0.00e+00  2.09e+06 
3.62e+09 7.25e+08 4.17e+09 8.37e+08    7    1      0        0  1.94e+05  1.70e+08  2.18e+06  1.29e+28  1.41e-10  7.15e+13  3.96e+04  5.94e+04  1.12e-05  1.69e-04  1.02e-02  5.75e-01  3.81e-14 -2.21e+22  5.73e+20 -1.00e+22  9.36e+00  1.22e+02  2.75e+06  0.00e+00  1.87e+06 
3.62e+09 9.48e+08 4.17e+09 1.09e+09    7    2      0        0  1.93e+05  1.69e+08  2.18e+06  1.69e+28  1.41e-10  7.17e+13  3.96e+04  5.98e+04  1.12e-05  1.90e-04  1.11e-02  5.50e-01  3.71e-14 -2.96e+22 -1.85e+20 -1.38e+22  9.27e+00  1.22e+02  2.91e+06  0.00e+00  1.99e+06 
3.62e+09 1.24e+09 4.17e+09 1.43e+09    7    3      0        0  1.92e+05  1.69e+08  2.18e+06  2.21e+28  1.41e-10  7.18e+13  3.92e+04  5.98e+04  1.14e-05  2.77e-04  1.40e-02  5.16e-01  2.58e-14 -3.71e+22  1.22e+21 -2.34e+22  8.97e+00  1.18e+02  3.07e+06  0.00e+00  2.12e+06 
3.62e+09 1.62e+09 4.17e+09 1.87e+09    7    4      0        0  1.91e+05  1.68e+08  2.19e+06  2.89e+28  1.42e-10  7.20e+13  3.85e+04  5.93e+04  1.18e-05  9.03e-04  2.19e-02  4.04e-01  1.14e-14 -4.06e+22  3.64e+20 -2.93e+22  8.35e+00  1.10e+02  3.17e+06  0.00e+00  2.19e+06 
3.62e+09 2.12e+09 4.17e+09 2.44e+09    7    5      0        0  1.89e+05  1.67e+08  2.20e+06  3.78e+28  1.42e-10  7.23e+13  3.76e+04  5.87e+04  1.23e-05  3.58e-03  3.16e-02  3.08e-01  4.00e-15 -4.52e+22  9.92e+20 -3.75e+22  7.38e+00  9.75e+01  3.16e+06  0.00e+00  2.17e+06 
3.62e+09 2.77e+09 4.17e+09 3.19e+09    7    6      0        0  1.87e+05  1.66e+08  2.21e+06  4.94e+28  1.43e-10  7.26e+13  3.64e+04  5.76e+04  1.30e-05  1.07e-02  4.84e-02  2.18e-01  9.74e-16 -4.77e+22 -1.09e+21 -4.44e+22  6.07e+00  7.92e+01  2.98e+06  0.00e+00  2.01e+06 
3.62e+09 3.62e+09 4.17e+09 4.17e+09    7    7      0        0  1.85e+05  1.64e+08  2.23e+06  6.46e+28  1.44e-10  7.28e+13  3.50e+04  5.55e+04  1.39e-05  3.85e-02  9.52e-02  1.08e-01  1.18e-16 -4.56e+22 -6.62e+20 -5.31e+22  4.53e+00  5.88e+01  2.58e+06  0.00e+00  1.68e+06 
3.62e+09 4.73e+09 4.17e+09 5.45e+09    7    8      0        0  1.82e+05  1.62e+08  2.25e+06  8.44e+28  1.45e-10  7.27e+13  3.34e+04  5.20e+04  1.50e-05  1.48e-01  2.95e-01  2.07e-02  3.69e-18 -3.71e+22 -4.29e+20 -5.73e+22  2.94e+00  3.74e+01  2.00e+06  0.00e+00  1.21e+06 
3.62e+09 6.18e+09 4.17e+09 7.12e+09    7    9      0        0  1.78e+05  1.59e+08  2.27e+06  1.10e+29  1.46e-10  7.05e+13  3.13e+04  4.68e+04  1.64e-05  5.82e-01  7.47e-01  3.59e-04  1.00e-20 -2.35e+22  8.16e+20 -5.02e+22  1.57e+00  1.97e+01  1.37e+06  0.00e+00  7.15e+05 
3.62e+09 8.07e+09 4.17e+09 9.31e+09    7   10      0        0  1.74e+05  1.56e+08  2.31e+06  1.44e+29  1.46e-10  6.86e+13  2.92e+04  4.00e+04  1.86e-05  9.27e-01  4.96e-01  1.18e-05  1.00e-20 -1.04e+22 -1.02e+21 -4.53e+22  6.52e-01  7.77e+00  8.24e+05  0.00e+00  3.42e+05 
3.62e+09 1.05e+10 4.17e+09 1.22e+10    7   11      0        0  1.71e+05  1.52e+08  2.38e+06  1.88e+29  1.45e-10  6.74e+13  2.69e+04  3.10e+04  2.51e-05  9.95e-01  5.39e-02  1.32e-14  1.00e-20  4.91e+21 -1.36e+21 -3.02e+22  1.58e-01  1.77e+00  4.44e+05  0.00e+00  1.33e+05 
3.62e+09 1.38e+10 4.17e+09 1.59e+10    7   12      0        0  1.70e+05  1.48e+08  2.53e+06  2.46e+29  1.38e-10  6.37e+13  2.21e+04  2.46e+04  5.35e-04  9.29e-01  4.19e-08  1.00e-20  1.00e-20  5.30e+21 -3.70e+20 -1.59e+22  1.26e-03  1.25e-02  2.26e+05  0.00e+00  4.84e+04 
3.62e+09 1.80e+10 4.17e+09 2.08e+10    7   13      0        0  1.78e+05  1.42e+08  2.85e+06  3.22e+29  1.21e-10  5.17e+13  1.80e+04  2.36e+04  4.39e-03  1.04e-01  6.60e-16  1.00e-20  1.00e-20 -1.13e+21 -1.76e+20 -6.85e+21  9.82e-05  8.99e-04  1.14e+05  0.00e+00  1.93e+04 
3.62e+09 2.36e+10 4.17e+09 2.72e+10    7   14      0        0  2.05e+05  1.36e+08  3.60e+06  4.21e+29  9.26e-11  3.84e+13  1.51e+04  2.25e+04  2.07e-02  6.88e-03  8.37e-20  1.00e-20  1.00e-20 -1.74e+20 -2.31e+20 -4.41e+21  2.29e-05  1.61e-04  5.86e+04  0.00e+00  1.16e+04 
3.62e+09 3.08e+10 4.17e+09 3.55e+10    7   15      0        0  2.74e+05  1.29e+08  5.36e+06  5.50e+29  5.98e-11  1.93e+13  1.12e+04  2.15e+04  2.39e-01  2.78e-06  1.00e-20  1.00e-20  1.00e-20 -2.36e+20 -6.13e+19 -1.86e+21  1.55e-06  1.58e-05  3.05e+04  0.00e+00  5.61e+03 
3.62e+09 4.02e+10 4.17e+09 4.64e+10    7   16      0        0  4.20e+05  1.21e+08  9.32e+06  7.19e+29  3.39e-11  4.15e+12  8.13e+03  2.21e+04  7.12e-01  3.84e-10  1.00e-20  1.00e-20  1.00e-20 -4.32e+19  3.46e+19 -4.14e+20  3.28e-06  1.19e-06  1.62e+04  0.00e+00  8.14e+02 
3.62e+09 5.26e+10 4.17e+09 6.07e+10    7   17      0        0  6.91e+05  1.13e+08  1.77e+07  9.39e+29  1.79e-11  2.12e+12  7.08e+03  2.20e+04  7.21e-01  7.27e-13  1.00e-20  1.00e-20  1.00e-20 -4.59e+19  1.11e+20 -2.20e+20  1.16e-07  6.23e-07  1.10e+04  0.00e+00  3.36e+02 
3.62e+09 6.87e+10 4.17e+09 7.93e+10    7   18      0        0  1.13e+06  1.04e+08  3.41e+07  1.23e+30  9.24e-12  1.54e+12  6.51e+03  2.15e+04  6.07e-01  6.79e-14  1.00e-20  1.00e-20  1.00e-20  8.01e+18  2.96e+19 -2.01e+20  2.86e-07  3.98e-06  6.62e+03  0.00e+00  2.17e+02 
3.62e+09 8.98e+10 4.17e+09 1.04e+11    7   19      0        0  1.78e+06  9.50e+07  6.37e+07  1.60e+30  4.57e-12  1.45e+12  6.47e+03  2.14e+04  2.72e-01  1.90e-01  3.91e-08  1.74e-13  1.00e-20 -5.29e+19 -2.64e+19 -1.21e+20  2.73e-06  8.62e-06  4.12e+03  0.00e+00  3.41e+02 
3.62e+09 1.17e+11 4.17e+09 1.35e+11    7   20      0        0  2.60e+06  8.63e+07  1.13e+08  2.10e+30  1.95e-12  9.09e+11  1.10e+04  2.19e+04  1.87e-03  9.71e-01  6.79e-02  4.35e-05  1.00e-20 -5.52e+19 -3.06e+19 -1.88e+20  1.37e-03  2.60e-02  3.27e+03  0.00e+00  6.13e+02 
3.62e+09 1.53e+11 4.17e+09 1.77e+11    7   21      1        1  3.54e+06  7.78e+07  1.89e+08  2.03e+30  0.00e+00  7.09e-18  8.07e+02  3.47e+04  0.00e+00  0.00e+00  0.00e+00  0.00e+00  0.00e+00 -3.00e+19 -8.56e+18 -1.59e+19       inf       inf  1.48e+03  0.00e+00  1.49e+02 
3.62e+09 2.01e+11 4.17e+09 2.31e+11    7   22      1        3  4.08e+06  7.67e+07  2.72e+08  2.18e+29  0.00e+00  7.09e-18  2.08e+02  5.88e+04  0.00e+00  0.00e+00  0.00e+00  0.00e+00  0.00e+00  0.00e+00  0.00e+00  0.00e+00       inf       inf  4.09e+02  0.00e+00  1.26e+02 
3.62e+09 2.62e+11 4.17e+09 3.02e+11    7   23     -1        0  4.33e+06  7.67e+07  3.62e+08  0.00e+00  0.00e+00  0.00e+00  0.00e+00  0.00e+00  0.00e+00  0.00e+00  0.00e+00  0.00e+00  0.00e+00  0.00e+00  0.00e+00  0.00e+00  0.00e+00  0.00e+00  0.00e+00  0.00e+00  0.00e+00 
3.62e+09 3.43e+11 4.17e+09 3.95e+11    7   24     -1        0  4.32e+06  7.67e+07  4.57e+08  0.00e+00  0.00e+00  0.00e+00  0.00e+00  0.00e+00  0.00e+00  0.00e+00  0.00e+00  0.00e+00  0.00e+00  0.00e+00  0.00e+00  0.00e+00  0.00e+00  0.00e+00  0.00e+00  0.00e+00  0.00e+00 
3.62e+09 4.48e+11 4.17e+09 5.17e+11    7   25     -1        0  4.09e+06  7.67e+07  5.52e+08  0.00e+00  0.00e+00  0.00e+00  0.00e+00  0.00e+00  0.00e+00  0.00e+00  0.00e+00  0.00e+00  0.00e+00  0.00e+00  0.00e+00  0.00e+00  0.00e+00  0.00e+00  0.00e+00  0.00e+00  0.00e+00 
3.62e+09 5.85e+11 4.17e+09 6.75e+11    7   26     -1        0  3.70e+06  7.67e+07  6.41e+08  0.00e+00  0.00e+00  0.00e+00  0.00e+00  0.00e+00  0.00e+00  0.00e+00  0.00e+00  0.00e+00  0.00e+00  0.00e+00  0.00e+00  0.00e+00  0.00e+00  0.00e+00  0.00e+00  0.00e+00  0.00e+00 
3.62e+09 7.65e+11 4.17e+09 8.83e+11    7   27     -1        0  3.24e+06  7.67e+07  7.21e+08  0.00e+00  0.00e+00  0.00e+00  0.00e+00  0.00e+00  0.00e+00  0.00e+00  0.00e+00  0.00e+00  0.00e+00  0.00e+00  0.00e+00  0.00e+00  0.00e+00  0.00e+00  0.00e+00  0.00e+00  0.00e+00 
3.62e+09 1.00e+12 4.17e+09 1.15e+12    7   28     -1        0  2.75e+06  7.67e+07  7.90e+08  0.00e+00  0.00e+00  0.00e+00  0.00e+00  0.00e+00  0.00e+00  0.00e+00  0.00e+00  0.00e+00  0.00e+00  0.00e+00  0.00e+00  0.00e+00  0.00e+00  0.00e+00  0.00e+00  0.00e+00  0.00e+00 
3.62e+09 1.31e+12 4.17e+09 1.51e+12    7   29     -1        0  2.28e+06  7.67e+07  8.49e+08  0.00e+00  0.00e+00  0.00e+00  0.00e+00  0.00e+00  0.00e+00  0.00e+00  0.00e+00  0.00e+00  0.00e+00  0.00e+00  0.00e+00  0.00e+00  0.00e+00  0.00e+00  0.00e+00  0.00e+00  0.00e+00 
4.73e+09 0.00e+00 5.45e+09 3.63e+08    8    0      0        0  2.34e+05  1.50e+08  1.97e+06  7.21e+28  7.53e-11  3.82e+13  3.53e+04  5.26e+04  7.21e-06  9.92e-04  2.62e-02  4.06e-01  4.97e-16 -2.96e+22 -7.66e+19 -1.04e+22  8.32e+00  1.05e+02  2.39e+06  0.00e+00  1.45e+06 
4.73e+09 7.25e+08 5.45e+09 8.37e+08    8    1      0        0  2.31e+05  1.49e+08  1.99e+06  2.21e+28  7.56e-11  3.84e+13  3.51e+04  5.40e+04  7.29e-06  9.93e-04  2.50e-02  4.09e-01  3.85e-16 -1.28e+22  3.03e+19 -4.34e+21  8.80e+00  1.12e+02  2.28e+06  0.00e+00  1.40e+06 
4.73e+09 9.48e+08 5.45e+09 1.09e+09    8    2      0        0  2.30e+05  1.48e+08  1.99e+06  2.89e+28  7.57e-11  3.84e+13  3.52e+04  5.46e+04  7.28e-06  1.28e-03  2.58e-02  3.94e-01  4.12e-16 -1.72e+22  3.97e+20 -7.42e+21  8.95e+00  1.14e+02  2.44e+06  0.00e+00  1.51e+06 
4.73e+09 1.24e+09 5.45e+09 1.43e+09    8    3      0        0  2.29e+05  1.48e+08  1.99e+06  3.78e+28  7.60e-11  3.86e+13  3.51e+04  5.50e+04  7.32e-06  2.03e-03  2.71e-02  3.76e-01  3.77e-16 -2.20e+22  4.02e+20 -1.07e+22  8.98e+00  1.15e+02  2.63e+06  0.00e+00  1.66e+06 
4.73e+09 1.62e+09 5.45e+09 1.87e+09    8    4      0        0  2.28e+05  1.47e+08  2.00e+06  4.94e+28  7.62e-11  3.87e+13  3.49e+04  5.54e+04  7.43e-06  2.79e-03  2.97e-02  3.52e-01  2.75e-16 -2.93e+22 -4.62e+20 -1.39e+22  8.77e+00  1.13e+02  2.84e+06  0.00e+00  1.81e+06 
4.73e+09 2.12e+09 5.45e+09 2.44e+09    8    5      0        0  2.26e+05  1.46e+08  2.01e+06  6.46e+28  7.66e-11  3.89e+13  3.44e+04  5.54e+04  7.62e-06  4.72e-03  3.45e-02  3.11e-01  1.51e-16 -3.29e+22  7.59e+19 -2.12e+22  8.27e+00  1.06e+02  3.02e+06  0.00e+00  1.94e+06 
4.73e+09 2.77e+09 5.45e+09 3.19e+09    8    6      0        0  2.24e+05  1.45e+08  2.02e+06  8.44e+28  7.70e-11  3.91e+13  3.37e+04  5.51e+04  7.93e-06  9.95e-03  4.38e-02  2.56e-01  5.65e-17 -3.86e+22  3.84e+20 -3.01e+22  7.37e+00  9.52e+01  3.08e+06  0.00e+00  1.98e+06 
4.73e+09 3.62e+09 5.45e+09 4.17e+09    8    7      0        0  2.21e+05  1.44e+08  2.03e+06  1.10e+29  7.76e-11  3.93e+13  3.27e+04  5.42e+04  8.40e-06  2.88e-02  6.48e-02  1.80e-01  1.19e-17 -4.24e+22  1.38e+21 -3.43e+22  6.06e+00  7.86e+01  2.94e+06  0.00e+00  1.86e+06 
4.73e+09 4.73e+09 5.45e+09 5.45e+09    8    8      0        0  2.17e+05  1.42e+08  2.05e+06  1.44e+29  7.83e-11  3.94e+13  3.13e+04  5.23e+04  9.08e-06  9.05e-02  1.22e-01  8.42e-02  9.53e-19 -3.88e+22  1.15e+21 -4.22e+22  4.45e+00  5.70e+01  2.55e+06  0.00e+00  1.54e+06 
4.73e+09 6.18e+09 5.45e+09 7.12e+09    8    9      0        0  2.13e+05  1.39e+08  2.08e+06  1.88e+29  7.90e-11  3.91e+13  2.96e+04  4.93e+04  9.93e-06  2.93e-01  3.24e-01  2.16e-02  2.36e-20 -3.18e+22 -2.02e+21 -4.43e+22  2.82e+00  3.58e+01  1.95e+06  0.00e+00  1.09e+06 
4.73e+09 8.07e+09 5.45e+09 9.31e+09    8   10      0        0  2.09e+05  1.37e+08  2.12e+06  2.46e+29  7.95e-11  3.80e+13  2.76e+04  4.46e+04  1.11e-05  7.18e-01  7.23e-01  8.63e-04  1.00e-20 -2.01e+22 -7.96e+20 -4.15e+22  1.49e+00  1.83e+01  1.31e+06  0.00e+00  6.28e+05 
4.73e+09 1.05e+10 5.45e+09 1.22e+10    8   11      0        0  2.05e+05  1.33e+08  2.18e+06  3.22e+29  7.91e-11  3.70e+13  2.55e+04  3.83e+04  1.32e-05  9.59e-01  5.87e-01  1.16e-14  1.00e-20 -9.26e+21  8.04e+20 -3.70e+22  6.13e-01  7.35e+00  7.69e+05  0.00e+00  2.91e+05 
4.73e+09 1.38e+10 5.45e+09 1.59e+10    8   12      0        0  2.04e+05  1.29e+08  2.31e+06  4.21e+29  7.61e-11  3.54e+13  2.29e+04  3.04e+04  1.90e-05  9.98e-01  1.18e-01  7.46e-17  1.00e-20 -4.72e+20  8.66e+20 -2.67e+22  1.69e-01  1.89e+00  4.10e+05  0.00e+00  1.09e+05 
4.73e+09 1.80e+10 5.45e+09 2.08e+10    8   13      0        0  2.12e+05  1.24e+08  2.60e+06  5.50e+29  6.77e-11  3.14e+13  1.81e+04  2.37e+04  7.73e-04  9.77e-01  2.07e-07  1.00e-20  1.00e-20  4.23e+21  6.22e+20 -1.10e+22  1.15e-03  1.14e-02  2.01e+05  0.00e+00  3.87e+04 
4.73e+09 2.36e+10 5.45e+09 2.72e+10    8   14      0        0  2.43e+05  1.19e+08  3.26e+06  7.19e+29  5.28e-11  2.19e+13  1.34e+04  2.30e+04  2.68e-02  7.00e-02  1.00e-20  1.00e-20  1.00e-20  2.82e+20  1.67e+20 -5.26e+21  2.71e-05  2.36e-04  9.76e+04  0.00e+00  1.41e+04 
4.73e+09 3.08e+10 5.45e+09 3.55e+10    8   15      0        0  3.22e+05  1.13e+08  4.82e+06  9.39e+29  3.50e-11  1.06e+13  9.88e+03  2.27e+04  2.84e-01  5.32e-05  1.00e-20  1.00e-20  1.00e-20 -1.13e+20  1.16e+19 -2.23e+21  1.67e-06  1.30e-05  4.96e+04  0.00e+00  5.03e+03 
4.73e+09 4.02e+10 5.45e+09 4.64e+10    8   16      0        0  4.89e+05  1.06e+08  8.29e+06  1.23e+30  2.05e-11  3.75e+12  8.22e+03  2.27e+04  5.68e-01  5.41e-10  1.00e-20  1.00e-20  1.00e-20  6.63e+18  1.95e+20 -6.68e+20  7.39e-06  3.46e-06  2.58e+04  0.00e+00  1.10e+03 
4.73e+09 5.26e+10 5.45e+09 6.07e+10    8   17      0        0  7.98e+05  9.84e+07  1.56e+07  1.60e+30  1.14e-11  2.17e+12  7.16e+03  2.23e+04  5.49e-01  7.40e-13  1.00e-20  1.00e-20  1.00e-20 -1.77e+20 -6.41e+19 -4.50e+20  6.37e-06  3.22e-06  1.58e+04  0.00e+00  5.60e+02 
4.73e+09 6.87e+10 5.45e+09 7.93e+10    8   18      0        0  1.30e+06  9.08e+07  3.00e+07  2.10e+30  6.23e-12  1.33e+12  6.54e+03  2.18e+04  4.96e-01  1.07e-13  1.00e-20  1.00e-20  1.00e-20 -2.68e+20  1.39e+20 -4.18e+20  5.87e-07  4.59e-06  9.37e+03  0.00e+00  3.05e+02 
4.73e+09 8.98e+10 5.45e+09 1.04e+11    8   19      0        0  2.04e+06  8.31e+07  5.60e+07  2.74e+30  3.44e-12  7.22e+11  6.34e+03  2.15e+04  5.05e-01  1.06e-15  1.00e-20  1.00e-20  1.00e-20 -9.67e+19 -4.53e+19 -2.41e+20  5.72e-07  9.82e-06  5.54e+03  0.00e+00  1.25e+02 
4.73e+09 1.17e+11 5.45e+09 1.35e+11    8   20      0        0  2.98e+06  7.55e+07  9.93e+07  3.58e+30  1.87e-12  7.38e+11  5.89e+03  2.13e+04  7.51e-02  9.17e-02  1.00e-20  1.00e-20  1.00e-20 -1.09e+20  2.13e+19 -2.39e+20  1.40e-05  2.08e-04  3.77e+03  0.00e+00  1.98e+02 
4.73e+09 1.53e+11 5.45e+09 1.77e+11    8   21      0        0  4.06e+06  6.81e+07  1.66e+08  4.68e+30  9.06e-13  3.71e+11  6.83e+03  2.12e+04  8.24e-02  5.20e-01  3.93e-07  8.26e-13  1.00e-20 -1.96e+19  1.70e+19 -4.03e+19  1.72e-05  0.00e+00  2.25e+03  0.00e+00  1.12e+02 
4.73e+09 2.01e+11 5.45e+09 2.31e+11    8   22      1        3  5.14e+06  6.10e+07  2.62e+08  5.20e+30  0.00e+00  7.09e-18  2.90e+02  3.77e+04  0.00e+00  0.00e+00  0.00e+00  0.00e+00  0.00e+00  0.00e+00  0.00e+00  0.00e+00       inf       inf  1.25e+03  0.00e+00  1.73e+02 
4.73e+09 2.62e+11 5.45e+09 3.02e+11    8   23      1        3  5.66e+06  5.87e+07  3.62e+08  1.04e+30  0.00e+00  7.09e-18  2.20e+02  5.07e+04  0.00e+00  0.00e+00  0.00e+00  0.00e+00  0.00e+00  0.00e+00  0.00e+00  0.00e+00       inf       inf  5.27e+02  0.00e+00  1.51e+02 
4.73e+09 3.43e+11 5.45e+09 3.95e+11    8   24     -1        0  5.65e+06  5.87e+07  4.57e+08  0.00e+00  0.00e+00  0.00e+00  0.00e+00  0.00e+00  0.00e+00  0.00e+00  0.00e+00  0.00e+00  0.00e+00  0.00e+00  0.00e+00  0.00e+00  0.00e+00  0.00e+00  0.00e+00  0.00e+00  0.00e+00 
4.73e+09 4.48e+11 5.45e+09 5.17e+11    8   25     -1        0  5.35e+06  5.87e+07  5.52e+08  0.00e+00  0.00e+00  0.00e+00  0.00e+00  0.00e+00  0.00e+00  0.00e+00  0.00e+00  0.00e+00  0.00e+00  0.00e+00  0.00e+00  0.00e+00  0.00e+00  0.00e+00  0.00e+00  0.00e+00  0.00e+00 
4.73e+09 5.85e+11 5.45e+09 6.75e+11    8   26     -1        0  4.84e+06  5.87e+07  6.41e+08  0.00e+00  0.00e+00  0.00e+00  0.00e+00  0.00e+00  0.00e+00  0.00e+00  0.00e+00  0.00e+00  0.00e+00  0.00e+00  0.00e+00  0.00e+00  0.00e+00  0.00e+00  0.00e+00  0.00e+00  0.00e+00 
4.73e+09 7.65e+11 5.45e+09 8.83e+11    8   27     -1        0  4.23e+06  5.87e+07  7.21e+08  0.00e+00  0.00e+00  0.00e+00  0.00e+00  0.00e+00  0.00e+00  0.00e+00  0.00e+00  0.00e+00  0.00e+00  0.00e+00  0.00e+00  0.00e+00  0.00e+00  0.00e+00  0.00e+00  0.00e+00  0.00e+00 
4.73e+09 1.00e+12 5.45e+09 1.15e+12    8   28     -1        0  3.59e+06  5.87e+07  7.90e+08  0.00e+00  0.00e+00  0.00e+00  0.00e+00  0.00e+00  0.00e+00  0.00e+00  0.00e+00  0.00e+00  0.00e+00  0.00e+00  0.00e+00  0.00e+00  0.00e+00  0.00e+00  0.00e+00  0.00e+00  0.00e+00 
4.73e+09 1.31e+12 5.45e+09 1.51e+12    8   29     -1        0  2.98e+06  5.87e+07  8.49e+08  0.00e+00  0.00e+00  0.00e+00  0.00e+00  0.00e+00  0.00e+00  0.00e+00  0.00e+00  0.00e+00  0.00e+00  0.00e+00  0.00e+00  0.00e+00  0.00e+00  0.00e+00  0.00e+00  0.00e+00  0.00e+00 
6.18e+09 0.00e+00 7.12e+09 3.63e+08    9    0      0        0  2.78e+05  1.31e+08  1.79e+06  1.23e+29  3.99e-11  2.02e+13  3.12e+04  4.94e+04  4.72e-06  8.84e-03  4.06e-02  2.80e-01  2.53e-18 -1.62e+22  6.43e+20 -3.16e+21  7.56e+00  9.52e+01  1.85e+06  0.00e+00  9.91e+05 
6.18e+09 7.25e+08 7.12e+09 8.37e+08    9    1      0        0  2.75e+05  1.30e+08  1.81e+06  3.78e+28  4.01e-11  2.03e+13  3.08e+04  5.05e+04  4.80e-06  6.28e-03  3.83e-02  2.87e-01  1.45e-18 -6.55e+21  2.44e+17 -1.82e+21  8.11e+00  1.02e+02  1.87e+06  0.00e+00  1.02e+06 
6.18e+09 9.48e+08 7.12e+09 1.09e+09    9    2      0        0  2.74e+05  1.30e+08  1.81e+06  4.94e+28  4.01e-11  2.04e+13  3.10e+04  5.10e+04  4.75e-06  5.24e-03  3.74e-02  3.28e-01  2.42e-18 -8.59e+21 -1.35e+20 -2.24e+21  8.35e+00  1.06e+02  1.99e+06  0.00e+00  1.11e+06 
6.18e+09 1.24e+09 7.12e+09 1.43e+09    9    3      0        0  2.72e+05  1.29e+08  1.81e+06  6.46e+28  4.03e-11  2.04e+13  3.10e+04  5.15e+04  4.76e-06  5.13e-03  3.67e-02  2.97e-01  2.15e-18 -1.16e+22 -5.85e+20 -4.17e+21  8.52e+00  1.08e+02  2.16e+06  0.00e+00  1.22e+06 
6.18e+09 1.62e+09 7.12e+09 1.87e+09    9    4      0        0  2.71e+05  1.29e+08  1.82e+06  8.44e+28  4.04e-11  2.05e+13  3.13e+04  5.20e+04  4.73e-06  5.45e-03  3.69e-02  3.21e-01  3.23e-18 -1.79e+22 -1.36e+20 -5.99e+21  8.62e+00  1.08e+02  2.37e+06  0.00e+00  1.37e+06 
6.18e+09 2.12e+09 7.12e+09 2.44e+09    9    5      0        0  2.69e+05  1.28e+08  1.83e+06  1.10e+29  4.07e-11  2.06e+13  3.09e+04  5.24e+04  4.84e-06  5.76e-03  3.87e-02  2.80e-01  1.70e-18 -2.22e+22  6.39e+20 -1.00e+22  8.53e+00  1.09e+02  2.62e+06  0.00e+00  1.55e+06 
6.18e+09 2.77e+09 7.12e+09 3.19e+09    9    6      0        0  2.66e+05  1.27e+08  1.84e+06  1.44e+29  4.09e-11  2.08e+13  3.06e+04  5.25e+04  4.95e-06  1.08e-02  4.40e-02  2.90e-01  1.19e-18 -2.75e+22  5.83e+20 -1.56e+22  8.13e+00  1.04e+02  2.85e+06  0.00e+00  1.71e+06 
6.18e+09 3.62e+09 7.12e+09 4.17e+09    9    7      0        0  2.63e+05  1.26e+08  1.85e+06  1.88e+29  4.13e-11  2.09e+13  3.00e+04  5.22e+04  5.15e-06  1.75e-02  5.49e-02  2.32e-01  4.34e-19 -3.03e+22 -9.83e+19 -2.10e+22  7.29e+00  9.24e+01  2.97e+06  0.00e+00  1.79e+06 
6.18e+09 4.73e+09 7.12e+09 5.45e+09    9    8      0        0  2.59e+05  1.24e+08  1.87e+06  2.46e+29  4.17e-11  2.11e+13  2.92e+04  5.14e+04  5.48e-06  3.98e-02  7.96e-02  1.64e-01  8.20e-20 -3.29e+22  1.77e+19 -2.55e+22  6.00e+00  7.63e+01  2.88e+06  0.00e+00  1.70e+06 
6.18e+09 6.18e+09 7.12e+09 7.12e+09    9    9      0        0  2.54e+05  1.22e+08  1.89e+06  3.22e+29  4.21e-11  2.12e+13  2.80e+04  4.98e+04  5.94e-06  1.12e-01  1.44e-01  8.89e-02  1.00e-20 -3.02e+22  1.55e+21 -3.26e+22  4.38e+00  5.54e+01  2.50e+06  0.00e+00  1.42e+06 
6.18e+09 8.07e+09 7.12e+09 9.31e+09    9   10      0        0  2.49e+05  1.20e+08  1.93e+06  4.21e+29  4.25e-11  2.10e+13  2.64e+04  4.71e+04  6.59e-06  3.36e-01  3.38e-01  2.17e-02  1.00e-20 -2.53e+22  1.13e+21 -3.38e+22  2.76e+00  3.47e+01  1.91e+06  0.00e+00  9.95e+05 
6.18e+09 1.05e+10 7.12e+09 1.22e+10    9   11      0        0  2.44e+05  1.17e+08  1.99e+06  5.50e+29  4.24e-11  2.01e+13  2.44e+04  4.29e+04  7.58e-06  7.81e-01  6.93e-01  2.85e-15  1.00e-20 -1.60e+22  6.31e+20 -3.32e+22  1.45e+00  1.82e+01  1.26e+06  0.00e+00  5.65e+05 
6.18e+09 1.38e+10 7.12e+09 1.59e+10    9   12      0        0  2.42e+05  1.13e+08  2.11e+06  7.19e+29  4.10e-11  1.92e+13  2.21e+04  3.70e+04  9.45e-06  9.62e-01  6.91e-01  6.19e-17  1.00e-20 -8.80e+21  7.81e+19 -2.98e+22  6.11e-01  7.45e+00  7.28e+05  0.00e+00  2.54e+05 
6.18e+09 1.80e+10 7.12e+09 2.08e+10    9   13      0        0  2.52e+05  1.09e+08  2.36e+06  9.39e+29  3.69e-11  1.72e+13  1.95e+04  3.02e+04  1.43e-05  9.98e-01  3.05e-01  1.40e-19  1.00e-20 -2.21e+21 -2.57e+20 -1.87e+22  1.91e-01  2.15e+00  3.75e+05  0.00e+00  9.09e+04 
6.18e+09 2.36e+10 7.12e+09 2.72e+10    9   14      0        0  2.88e+05  1.04e+08  2.95e+06  1.23e+30  2.92e-11  1.36e+13  1.61e+04  2.50e+04  3.57e-05  1.00e+00  4.11e-03  1.00e-20  1.00e-20  2.18e+21  2.63e+20 -9.02e+21  4.00e-02  4.13e-01  1.82e+05  0.00e+00  3.01e+04 
6.18e+09 3.08e+10 7.12e+09 3.55e+10    9   15      0        0  3.78e+05  9.85e+07  4.32e+06  1.60e+30  1.98e-11  9.06e+12  1.14e+04  2.30e+04  5.04e-03  8.91e-01  2.42e-08  1.00e-20  1.00e-20  1.14e+21  3.82e+20 -4.01e+21  2.18e-04  1.79e-03  8.88e+04  0.00e+00  1.09e+04 
6.18e+09 4.02e+10 7.12e+09 4.64e+10    9   16      0        0  5.69e+05  9.25e+07  7.38e+06  2.10e+30  1.19e-11  4.80e+12  8.84e+03  2.32e+04  5.70e-02  1.33e-01  1.00e-20  1.00e-20  1.00e-20 -2.07e+20 -1.46e+20 -1.89e+21  2.56e-05  1.43e-04  4.35e+04  0.00e+00  3.49e+03 
6.18e+09 5.26e+10 7.12e+09 6.07e+10    9   17      0        0  9.22e+05  8.61e+07  1.38e+07  2.74e+30  6.76e-12  2.70e+12  7.48e+03  2.29e+04  6.04e-02  2.13e-02  1.00e-20  1.00e-20  1.00e-20 -5.52e+19  1.64e+20 -1.02e+21  1.62e-05  1.63e-04  2.47e+04  0.00e+00  1.49e+03 
6.18e+09 6.87e+10 7.12e+09 7.93e+10    9   18      0        0  1.50e+06  7.94e+07  2.64e+07  3.58e+30  3.86e-12  1.61e+12  6.63e+03  2.19e+04  2.34e-02  8.37e-02  1.00e-20  1.00e-20  1.00e-20 -1.13e+20 -2.61e+19 -3.73e+20  4.78e-05  1.73e-04  1.41e+04  0.00e+00  7.45e+02 
6.18e+09 8.98e+10 7.12e+09 1.04e+11    9   19      0        0  2.34e+06  7.27e+07  4.91e+07  4.68e+30  2.25e-12  9.27e+11  6.08e+03  2.14e+04  2.94e-02  1.93e-02  1.00e-20  1.00e-20  1.00e-20 -1.39e+20  3.11e+19 -1.38e+20  1.61e-04  1.31e-04  8.18e+03  0.00e+00  3.29e+02 
6.18e+09 1.17e+11 7.12e+09 1.35e+11    9   20      0        0  3.42e+06  6.60e+07  8.71e+07  6.12e+30  1.34e-12  5.46e+11  5.94e+03  2.11e+04  3.93e-02  3.30e-15  1.00e-20  1.00e-20  1.00e-20 -8.99e+19  3.77e+17 -6.35e+19  2.92e-05  3.02e-04  5.12e+03  0.00e+00  1.67e+02 
6.18e+09 1.53e+11 7.12e+09 1.77e+11    9   21      0        0  4.65e+06  5.95e+07  1.46e+08  8.00e+30  7.94e-13  2.92e+11  6.55e+03  2.12e+04  1.30e-01  1.09e-13  1.00e-20  1.00e-20  1.00e-20 -1.14e+20  1.52e+19 -1.14e+20  6.94e-06  2.31e-04  3.01e+03  0.00e+00  7.20e+01 
6.18e+09 2.01e+11 7.12e+09 2.31e+11    9   22      0        0  5.89e+06  5.34e+07  2.29e+08  1.05e+31  4.26e-13  1.66e+11  7.88e+03  2.07e+04  1.42e-01  6.22e-01  7.50e-06  3.19e-10  1.00e-20 -1.99e+19  1.31e+19 -5.48e+19  9.33e-06  1.62e-04  1.82e+03  0.00e+00  8.30e+01 
6.18e+09 2.62e+11 7.12e+09 3.02e+11    9   23      1        1  6.99e+06  4.76e+07  3.42e+08  1.24e+31  0.00e+00  7.09e-18  2.55e+02  3.67e+04  0.00e+00  0.00e+00  0.00e+00  0.00e+00  0.00e+00 -2.13e+19  1.42e+19 -1.70e+19       inf       inf  1.19e+03  0.00e+00  1.72e+02 
6.18e+09 3.43e+11 7.12e+09 3.95e+11    9   24      1        1  7.38e+06  4.49e+07  4.57e+08  3.57e+30  0.00e+00  7.09e-18  1.01e+02  5.21e+04  0.00e+00  0.00e+00  0.00e+00  0.00e+00  0.00e+00  0.00e+00  0.00e+00  0.00e+00       inf       inf  4.81e+02  0.00e+00  1.51e+02 
6.18e+09 4.48e+11 7.12e+09 5.17e+11    9   25     -1        0  6.99e+06  4.49e+07  5.52e+08  0.00e+00  0.00e+00  0.00e+00  0.00e+00  0.00e+00  0.00e+00  0.00e+00  0.00e+00  0.00e+00  0.00e+00  0.00e+00  0.00e+00  0.00e+00  0.00e+00  0.00e+00  0.00e+00  0.00e+00  0.00e+00 
6.18e+09 5.85e+11 7.12e+09 6.75e+11    9   26     -1        0  6.33e+06  4.49e+07  6.41e+08  0.00e+00  0.00e+00  0.00e+00  0.00e+00  0.00e+00  0.00e+00  0.00e+00  0.00e+00  0.00e+00  0.00e+00  0.00e+00  0.00e+00  0.00e+00  0.00e+00  0.00e+00  0.00e+00  0.00e+00  0.00e+00 
6.18e+09 7.65e+11 7.12e+09 8.83e+11    9   27     -1        0  5.53e+06  4.49e+07  7.21e+08  0.00e+00  0.00e+00  0.00e+00  0.00e+00  0.00e+00  0.00e+00  0.00e+00  0.00e+00  0.00e+00  0.00e+00  0.00e+00  0.00e+00  0.00e+00  0.00e+00  0.00e+00  0.00e+00  0.00e+00  0.00e+00 
6.18e+09 1.00e+12 7.12e+09 1.15e+12    9   28     -1        0  4.69e+06  4.49e+07  7.90e+08  0.00e+00  0.00e+00  0.00e+00  0.00e+00  0.00e+00  0.00e+00  0.00e+00  0.00e+00  0.00e+00  0.00e+00  0.00e+00  0.00e+00  0.00e+00  0.00e+00  0.00e+00  0.00e+00  0.00e+00  0.00e+00 
6.18e+09 1.31e+12 7.12e+09 1.51e+12    9   29     -1        0  3.89e+06  4.49e+07  8.49e+08  0.00e+00  0.00e+00  0.00e+00  0.00e+00  0.00e+00  0.00e+00  0.00e+00  0.00e+00  0.00e+00  0.00e+00  0.00e+00  0.00e+00  0.00e+00  0.00e+00  0.00e+00  0.00e+00  0.00e+00  0.00e+00 
8.07e+09 0.00e+00 9.31e+09 3.63e+08   10    0      0        0  3.28e+05  1.15e+08  1.62e+06  2.10e+29  2.10e-11  1.06e+13  2.79e+04  4.73e+04  3.09e-06  1.53e-02  4.90e-02  2.37e-01  1.27e-20 -7.90e+21  4.08e+20 -1.43e+21  7.00e+00  8.76e+01  1.43e+06  0.00e+00  6.88e+05 
8.07e+09 7.25e+08 9.31e+09 8.37e+08   10    1      0        0  3.25e+05  1.14e+08  1.63e+06  6.46e+28  2.11e-11  1.07e+13  2.75e+04  4.82e+04  3.10e-06  1.12e-02  5.71e-02  1.96e-13  1.00e-20 -3.64e+21  7.06e+19 -6.89e+20  7.50e+00  9.61e+01  1.52e+06  0.00e+00  7.56e+05 
8.07e+09 9.48e+08 9.31e+09 1.09e+09   10    2      0        0  3.24e+05  1.13e+08  1.64e+06  8.44e+28  2.11e-11  1.07e+13  2.77e+04  4.85e+04  3.08e-06  1.11e-02  4.65e-02  2.39e-13  1.00e-20 -5.12e+21  2.15e+20 -9.51e+20  7.72e+00  9.83e+01  1.61e+06  0.00e+00  8.10e+05 
8.07e+09 1.24e+09 9.31e+09 1.43e+09   10    3      0        0  3.22e+05  1.13e+08  1.64e+06  1.10e+29  2.12e-11  1.08e+13  2.77e+04  4.89e+04  3.08e-06  1.13e-02  4.42e-02  2.84e-01  1.22e-20 -7.40e+21  1.06e+20 -1.68e+21  7.96e+00  1.02e+02  1.73e+06  0.00e+00  8.89e+05 
8.07e+09 1.62e+09 9.31e+09 1.87e+09   10    4      0        0  3.20e+05  1.12e+08  1.65e+06  1.44e+29  2.13e-11  1.08e+13  2.80e+04  4.93e+04  3.04e-06  1.07e-02  4.41e-02  1.26e-01  1.00e-20 -9.37e+21 -6.98e+20 -2.78e+21  8.18e+00  1.03e+02  1.91e+06  0.00e+00  1.00e+06 
8.07e+09 2.12e+09 9.31e+09 2.44e+09   10    5      0        0  3.18e+05  1.12e+08  1.65e+06  1.88e+29  2.14e-11  1.09e+13  2.80e+04  4.97e+04  3.05e-06  9.95e-03  4.40e-02  2.38e-01  1.67e-20 -1.34e+22 -1.20e+20 -4.11e+21  8.31e+00  1.06e+02  2.13e+06  0.00e+00  1.15e+06 
8.07e+09 2.77e+09 9.31e+09 3.19e+09   10    6      0        0  3.15e+05  1.11e+08  1.66e+06  2.46e+29  2.16e-11  1.09e+13  2.79e+04  5.00e+04  3.10e-06  1.12e-02  4.62e-02  2.97e-01  1.67e-20 -1.68e+22  6.96e+20 -6.04e+21  8.32e+00  1.05e+02  2.41e+06  0.00e+00  1.33e+06 
8.07e+09 3.62e+09 9.31e+09 4.17e+09   10    7      0        0  3.11e+05  1.10e+08  1.68e+06  3.22e+29  2.18e-11  1.10e+13  2.76e+04  5.01e+04  3.18e-06  1.58e-02  5.17e-02  2.49e-01  1.00e-20 -2.12e+22 -8.67e+20 -1.07e+22  8.01e+00  1.01e+02  2.68e+06  0.00e+00  1.51e+06 
8.07e+09 4.73e+09 9.31e+09 5.45e+09   10    8      0        0  3.07e+05  1.08e+08  1.69e+06  4.21e+29  2.20e-11  1.11e+13  2.69e+04  4.99e+04  3.35e-06  2.30e-02  6.39e-02  2.28e-01  1.00e-20 -2.35e+22  4.80e+20 -1.45e+22  7.23e+00  9.22e+01  2.85e+06  0.00e+00  1.62e+06 
8.07e+09 6.18e+09 9.31e+09 7.12e+09   10    9      0        0  3.01e+05  1.07e+08  1.72e+06  5.50e+29  2.22e-11  1.12e+13  2.64e+04  4.92e+04  3.54e-06  5.35e-02  9.03e-02  1.36e-01  1.00e-20 -2.61e+22  3.54e+20 -2.11e+22  5.96e+00  7.56e+01  2.80e+06  0.00e+00  1.57e+06 
8.07e+09 8.07e+09 9.31e+09 9.31e+09   10   10      0        0  2.95e+05  1.05e+08  1.75e+06  7.19e+29  2.25e-11  1.12e+13  2.54e+04  4.77e+04  3.83e-06  1.83e-01  1.55e-01  5.04e-02  1.00e-20 -2.39e+22 -3.43e+20 -2.44e+22  4.37e+00  5.58e+01  2.45e+06  0.00e+00  1.32e+06 
8.07e+09 1.05e+10 9.31e+09 1.22e+10   10   11      0        0  2.89e+05  1.02e+08  1.81e+06  9.39e+29  2.25e-11  1.10e+13  2.40e+04  4.53e+04  4.27e-06  4.56e-01  3.51e-01  1.79e-15  1.00e-20 -1.85e+22 -4.57e+20 -2.59e+22  2.76e+00  3.51e+01  1.87e+06  0.00e+00  9.21e+05 
8.07e+09 1.38e+10 9.31e+09 1.59e+10   10   12      0        0  2.88e+05  9.88e+07  1.91e+06  1.23e+30  2.18e-11  1.03e+13  2.21e+04  4.16e+04  5.02e-06  8.29e-01  6.56e-01  6.42e-17  1.00e-20 -1.34e+22  1.07e+19 -2.53e+22  1.48e+00  1.84e+01  1.22e+06  0.00e+00  5.18e+05 
8.07e+09 1.80e+10 9.31e+09 2.08e+10   10   13      0        0  2.99e+05  9.52e+07  2.14e+06  1.60e+30  1.98e-11  9.23e+12  1.97e+04  3.63e+04  6.54e-06  9.68e-01  7.65e-01  4.22e-19  1.00e-20 -6.57e+21 -5.50e+20 -1.96e+22  6.57e-01  7.93e+00  6.90e+05  0.00e+00  2.27e+05 
8.07e+09 2.36e+10 9.31e+09 2.72e+10   10   14      0        0  3.39e+05  9.09e+07  2.67e+06  2.10e+30  1.58e-11  7.37e+12  1.71e+04  3.07e+04  1.00e-05  9.96e-01  5.70e-01  1.00e-20  1.00e-20 -1.69e+21  1.10e+20 -1.23e+22  2.49e-01  2.92e+00  3.51e+05  0.00e+00  7.91e+04 
8.07e+09 3.08e+10 9.31e+09 3.55e+10   10   15      0        0  4.43e+05  8.61e+07  3.88e+06  2.74e+30  1.09e-11  5.07e+12  1.43e+04  2.63e+04  2.06e-05  1.00e+00  1.81e-01  1.00e-20  1.00e-20  3.78e+20 -2.29e+20 -5.87e+21  8.27e-02  8.91e-01  1.70e+05  0.00e+00  2.39e+04 
8.07e+09 4.02e+10 9.31e+09 4.64e+10   10   16      0        0  6.61e+05  8.09e+07  6.56e+06  3.58e+30  6.66e-12  3.10e+12  1.15e+04  2.42e+04  5.45e-05  9.99e-01  5.31e-03  1.00e-20  1.00e-20  6.91e+20  3.97e+20 -2.44e+21  2.60e-02  2.37e-01  8.25e+04  0.00e+00  7.44e+03 
8.07e+09 5.26e+10 9.31e+09 6.07e+10   10   17      0        0  1.07e+06  7.53e+07  1.22e+07  4.68e+30  3.88e-12  1.80e+12  9.75e+03  2.34e+04  1.35e-04  9.98e-01  4.91e-04  1.00e-20  1.00e-20  2.48e+19 -9.63e+19 -1.22e+21  1.05e-02  9.68e-02  4.35e+04  0.00e+00  2.95e+03 
8.07e+09 6.87e+10 9.31e+09 7.93e+10   10   18      0        0  1.73e+06  6.95e+07  2.32e+07  6.12e+30  2.27e-12  1.05e+12  8.77e+03  2.26e+04  3.65e-04  9.96e-01  1.69e-04  1.00e-20  1.00e-20  4.16e+19  5.26e+19 -8.43e+20  4.06e-03  4.80e-02  2.37e+04  0.00e+00  1.25e+03 
8.07e+09 8.98e+10 9.31e+09 1.04e+11   10   19      0        0  2.68e+06  6.36e+07  4.31e+07  8.00e+30  1.37e-12  6.36e+11  8.19e+03  2.16e+04  1.20e-03  9.90e-01  6.76e-05  1.00e-20  1.00e-20  7.85e+19 -1.19e+19 -3.43e+20  1.30e-03  6.82e-03  1.32e+04  0.00e+00  6.03e+02 
8.07e+09 1.17e+11 9.31e+09 1.35e+11   10   20      0        0  3.92e+06  5.77e+07  7.63e+07  1.05e+31  8.61e-13  3.97e+11  7.69e+03  2.13e+04  4.83e-03  9.62e-01  7.21e-05  1.00e-20  1.00e-20  4.90e+19  4.22e+19 -2.17e+20  3.38e-04  1.79e-03  7.78e+03  0.00e+00  3.18e+02 
8.07e+09 1.53e+11 9.31e+09 1.77e+11   10   21      0        0  5.32e+06  5.21e+07  1.27e+08  1.37e+31  5.54e-13  2.48e+11  7.58e+03  2.12e+04  2.62e-02  8.63e-01  1.36e-05  1.00e-20  1.00e-20  8.09e+18 -3.05e+19 -6.07e+19  6.02e-05  2.71e-04  4.40e+03  0.00e+00  1.12e+02 
8.07e+09 2.01e+11 9.31e+09 2.31e+11   10   22      0        0  6.74e+06  4.67e+07  2.01e+08  1.79e+31  3.53e-13  1.24e+11  7.54e+03  2.08e+04  1.94e-01  2.63e-01  1.00e-20  1.00e-20  1.00e-20  3.91e+19 -3.49e+19 -3.71e+19  4.11e-06  1.04e-06  2.55e+03  0.00e+00  3.60e+01 
8.07e+09 2.62e+11 9.31e+09 3.02e+11   10   23      0        0  8.00e+06  4.17e+07  2.99e+08  2.33e+31  2.06e-13  7.42e+10  9.06e+03  1.94e+04  2.27e-01  7.85e-01  5.68e-06  1.00e-20  1.00e-20 -2.73e+19 -1.34e+19 -7.65e+19  8.37e-06  0.00e+00  1.60e+03  0.00e+00  5.10e+01 
8.07e+09 3.43e+11 9.31e+09 3.95e+11   10   24      1        2  8.97e+06  3.70e+07  4.25e+08  2.89e+31  0.00e+00  7.09e-18  6.95e+01  3.49e+04  0.00e+00  0.00e+00  0.00e+00  0.00e+00  0.00e+00  0.00e+00  0.00e+00  0.00e+00       inf       inf  1.04e+03  0.00e+00  1.68e+02 
8.07e+09 4.48e+11 9.31e+09 5.17e+11   10   25      1        2  9.13e+06  3.44e+07  5.52e+08  1.04e+31  0.00e+00  7.66e-18  6.03e+01  4.79e+04  0.00e+00  0.00e+00  0.00e+00  0.00e+00  0.00e+00  0.00e+00  0.00e+00  0.00e+00       inf       inf  4.85e+02  0.00e+00  1.63e+02 
8.07e+09 5.85e+11 9.31e+09 6.75e+11   10   26     -1        0  8.27e+06  3.44e+07  6.41e+08  0.00e+00  0.00e+00  0.00e+00  0.00e+00  0.00e+00  0.00e+00  0.00e+00  0.00e+00  0.00e+00  0.00e+00  0.00e+00  0.00e+00  0.00e+00  0.00e+00  0.00e+00  0.00e+00  0.00e+00  0.00e+00 
8.07e+09 7.65e+11 9.31e+09 8.83e+11   10   27     -1        0  7.23e+06  3.44e+07  7.21e+08  0.00e+00  0.00e+00  0.00e+00  0.00e+00  0.00e+00  0.00e+00  0.00e+00  0.00e+00  0.00e+00  0.00e+00  0.00e+00  0.00e+00  0.00e+00  0.00e+00  0.00e+00  0.00e+00  0.00e+00  0.00e+00 
8.07e+09 1.00e+12 9.31e+09 1.15e+12   10   28     -1        0  6.13e+06  3.44e+07  7.90e+08  0.00e+00  0.00e+00  0.00e+00  0.00e+00  0.00e+00  0.00e+00  0.00e+00  0.00e+00  0.00e+00  0.00e+00  0.00e+00  0.00e+00  0.00e+00  0.00e+00  0.00e+00  0.00e+00  0.00e+00  0.00e+00 
8.07e+09 1.31e+12 9.31e+09 1.51e+12   10   29     -1        0  5.09e+06  3.44e+07  8.49e+08  0.00e+00  0.00e+00  0.00e+00  0.00e+00  0.00e+00  0.00e+00  0.00e+00  0.00e+00  0.00e+00  0.00e+00  0.00e+00  0.00e+00  0.00e+00  0.00e+00  0.00e+00  0.00e+00  0.00e+00  0.00e+00 
1.05e+10 0.00e+00 1.22e+10 3.63e+08   11    0      0        0  3.85e+05  1.00e+08  1.46e+06  3.59e+29  1.10e-11  5.58e+12  2.54e+04  4.59e+04  2.03e-06  3.49e-02  5.98e-02  1.26e-14  1.00e-20 -4.64e+21 -1.51e+20 -5.14e+20  6.70e+00  8.49e+01  1.12e+06  0.00e+00  4.91e+05 
1.05e+10 7.25e+08 1.22e+10 8.37e+08   11    1      0        0  3.81e+05  9.94e+07  1.47e+06  1.10e+29  1.11e-11  5.60e+12  2.48e+04  4.64e+04  2.04e-06  5.20e-02  5.90e-02  5.75e-15  1.00e-20 -1.45e+21 -1.66e+20 -2.45e+20  7.04e+00  8.77e+01  1.24e+06  0.00e+00  5.68e+05 
1.05e+10 9.48e+08 1.22e+10 1.09e+09   11    2      0        0  3.80e+05  9.91e+07  1.47e+06  1.44e+29  1.11e-11  5.61e+12  2.48e+04  4.67e+04  2.04e-06  5.77e-02  7.06e-02  5.94e-15  1.00e-20 -2.64e+21  3.48e+20 -6.56e+20  7.25e+00  8.98e+01  1.30e+06  0.00e+00  5.99e+05 
1.05e+10 1.24e+09 1.22e+10 1.43e+09   11    3      0        0  3.78e+05  9.88e+07  1.48e+06  1.88e+29  1.11e-11  5.64e+12  2.50e+04  4.70e+04  2.02e-06  3.78e-02  5.39e-02  7.38e-15  1.00e-20 -3.16e+21  8.19e+19 -5.38e+20  7.46e+00  9.19e+01  1.38e+06  0.00e+00  6.50e+05 
1.05e+10 1.62e+09 1.22e+10 1.87e+09   11    4      0        0  3.76e+05  9.83e+07  1.48e+06  2.46e+29  1.12e-11  5.66e+12  2.51e+04  4.74e+04  2.02e-06  3.03e-02  5.20e-02  2.67e-02  1.00e-20 -5.48e+21  4.13e+20 -9.63e+20  7.70e+00  9.68e+01  1.50e+06  0.00e+00  7.24e+05 
1.05e+10 2.12e+09 1.22e+10 2.44e+09   11    5      0        0  3.74e+05  9.77e+07  1.49e+06  3.22e+29  1.12e-11  5.70e+12  2.51e+04  4.76e+04  2.01e-06  2.76e-02  5.37e-02  9.38e-15  1.00e-20 -7.08e+21 -5.84e+19 -1.98e+21  7.94e+00  1.00e+02  1.68e+06  0.00e+00  8.32e+05 
1.05e+10 2.77e+09 1.22e+10 3.19e+09   11    6      0        0  3.70e+05  9.70e+07  1.50e+06  4.21e+29  1.13e-11  5.74e+12  2.54e+04  4.79e+04  1.99e-06  2.22e-02  5.24e-02  1.27e-14  1.00e-20 -9.91e+21  3.94e+19 -2.79e+21  8.11e+00  1.02e+02  1.92e+06  0.00e+00  9.82e+05 
1.05e+10 3.62e+09 1.22e+10 4.17e+09   11    7      0        0  3.66e+05  9.60e+07  1.51e+06  5.50e+29  1.14e-11  5.79e+12  2.53e+04  4.82e+04  2.01e-06  2.76e-02  5.91e-02  1.24e-14  1.00e-20 -1.28e+22  2.28e+20 -4.50e+21  8.15e+00  1.04e+02  2.22e+06  0.00e+00  1.17e+06 
1.05e+10 4.73e+09 1.22e+10 5.45e+09   11    8      0        0  3.61e+05  9.48e+07  1.53e+06  7.19e+29  1.16e-11  5.85e+12  2.50e+04  4.83e+04  2.08e-06  3.33e-02  5.87e-02  2.11e-01  1.00e-20 -1.65e+22 -6.48e+19 -7.72e+21  7.89e+00  1.01e+02  2.52e+06  0.00e+00  1.35e+06 
1.05e+10 6.18e+09 1.22e+10 7.12e+09   11    9      0        0  3.55e+05  9.33e+07  1.55e+06  9.39e+29  1.17e-11  5.90e+12  2.48e+04  4.81e+04  2.15e-06  5.86e-02  7.81e-02  5.54e-15  1.00e-20 -1.84e+22  3.96e+20 -1.10e+22  7.16e+00  9.06e+01  2.73e+06  0.00e+00  1.48e+06 
1.05e+10 8.07e+09 1.22e+10 9.31e+09   11   10      0        0  3.48e+05  9.15e+07  1.58e+06  1.23e+30  1.18e-11  5.93e+12  2.43e+04  4.75e+04  2.28e-06  1.30e-01  1.05e-01  2.58e-15  1.00e-20 -1.97e+22 -1.89e+20 -1.51e+22  5.96e+00  7.57e+01  2.71e+06  0.00e+00  1.45e+06 
1.05e+10 1.05e+10 1.22e+10 1.22e+10   11   11      0        0  3.42e+05  8.92e+07  1.63e+06  1.60e+30  1.18e-11  5.88e+12  2.34e+04  4.62e+04  2.49e-06  2.54e-01  1.74e-01  6.50e-16  1.00e-20 -1.72e+22 -6.27e+20 -1.68e+22  4.40e+00  5.63e+01  2.39e+06  0.00e+00  1.22e+06 
1.05e+10 1.38e+10 1.22e+10 1.59e+10   11   12      0        0  3.40e+05  8.65e+07  1.73e+06  2.10e+30  1.15e-11  5.56e+12  2.21e+04  4.40e+04  2.78e-06  5.91e-01  3.86e-01  7.46e-17  1.00e-20 -1.46e+22 -2.69e+20 -1.85e+22  2.86e+00  3.63e+01  1.82e+06  0.00e+00  8.56e+05 
1.05e+10 1.80e+10 1.22e+10 2.08e+10   11   13      0        0  3.53e+05  8.32e+07  1.94e+06  2.74e+30  1.05e-11  4.93e+12  2.05e+04  4.07e+04  3.27e-06  8.75e-01  7.49e-01  2.56e-18  1.00e-20 -9.42e+21 -8.91e+20 -1.66e+22  1.62e+00  2.05e+01  1.18e+06  0.00e+00  4.81e+05 
1.05e+10 2.36e+10 1.22e+10 2.72e+10   11   14      0        0  4.00e+05  7.95e+07  2.41e+06  3.58e+30  8.44e-12  3.95e+12  1.85e+04  3.62e+04  4.25e-06  9.62e-01  8.03e-01  2.02e-20  1.00e-20 -4.05e+21  5.60e+20 -1.15e+22  8.14e-01  9.97e+00  6.64e+05  0.00e+00  2.09e+05 
1.05e+10 3.08e+10 1.22e+10 3.55e+10   11   15      0        0  5.19e+05  7.54e+07  3.48e+06  4.68e+30  5.88e-12  2.74e+12  1.65e+04  3.13e+04  6.60e-06  9.88e-01  7.46e-01  1.00e-20  1.00e-20 -1.94e+21  1.32e+20 -6.58e+21  3.68e-01  4.44e+00  3.37e+05  0.00e+00  7.18e+04 
1.05e+10 4.02e+10 1.22e+10 4.64e+10   11   16      0        0  7.69e+05  7.08e+07  5.84e+06  6.12e+30  3.65e-12  1.70e+12  1.49e+04  2.79e+04  1.25e-05  9.99e-01  5.79e-01  1.00e-20  1.00e-20 -7.82e+20 -8.29e+19 -2.83e+21  1.64e-01  1.87e+00  1.66e+05  0.00e+00  2.22e+04 
1.05e+10 5.26e+10 1.22e+10 6.07e+10   11   17      0        0  1.23e+06  6.59e+07  1.08e+07  8.00e+30  2.16e-12  1.01e+12  1.40e+04  2.59e+04  2.78e-05  1.00e+00  4.05e-01  1.00e-20  1.00e-20 -4.22e+19  4.90e+19 -1.20e+21  7.36e-02  8.16e-01  8.44e+04  0.00e+00  7.37e+03 
1.05e+10 6.87e+10 1.22e+10 7.93e+10   11   18      0        0  1.99e+06  6.08e+07  2.05e+07  1.05e+31  1.29e-12  6.00e+11  1.37e+04  2.43e+04  6.42e-05  1.00e+00  2.43e-01  1.00e-20  1.00e-20 -2.32e+20  4.50e+19 -6.24e+20  3.26e-02  4.00e-01  4.40e+04  0.00e+00  2.77e+03 
1.05e+10 8.98e+10 1.22e+10 1.04e+11   11   19      0        0  3.08e+06  5.56e+07  3.79e+07  1.37e+31  7.98e-13  3.71e+11  1.39e+04  2.30e+04  1.75e-04  1.00e+00  1.40e-01  1.00e-20  1.00e-20 -9.15e+19  4.22e+19 -4.35e+20  1.34e-02  1.36e-01  2.36e+04  0.00e+00  1.20e+03 
1.05e+10 1.17e+11 1.22e+10 1.35e+11   11   20      0        0  4.49e+06  5.05e+07  6.69e+07  1.79e+31  5.18e-13  2.41e+11  1.48e+04  2.19e+04  4.39e-04  9.99e-01  1.35e-01  1.00e-20  1.00e-20  3.79e+19 -5.16e+18 -2.00e+20  6.44e-03  9.83e-02  1.32e+04  0.00e+00  5.70e+02 
1.05e+10 1.53e+11 1.22e+10 1.77e+11   11   21      0        0  6.09e+06  4.56e+07  1.12e+08  2.33e+31  3.50e-13  1.62e+11  1.52e+04  2.12e+04  1.74e-03  9.99e-01  1.04e-01  1.00e-20  1.00e-20 -2.75e+19 -3.62e+19 -1.47e+20  2.08e-03  2.78e-02  7.33e+03  0.00e+00  2.84e+02 
1.05e+10 2.01e+11 1.22e+10 2.31e+11   11   22      0        0  7.71e+06  4.08e+07  1.76e+08  3.05e+31  2.41e-13  1.11e+11  1.38e+04  2.03e+04  8.47e-03  9.93e-01  2.25e-02  1.00e-20  1.00e-20  2.68e+19 -4.00e+19 -5.66e+19  3.75e-04  2.00e-02  4.15e+03  0.00e+00  1.56e+02 
1.05e+10 2.62e+11 1.22e+10 3.02e+11   11   23      0        0  9.15e+06  3.64e+07  2.62e+08  3.99e+31  1.65e-13  6.96e+10  1.08e+04  1.96e+04  9.37e-02  9.41e-01  7.91e-04  1.00e-20  1.00e-20  2.96e+19 -4.19e+18 -4.90e+19  3.88e-05  2.68e-04  2.37e+03  0.00e+00  6.30e+01 
1.05e+10 3.43e+11 1.22e+10 3.95e+11   11   24      0        0  1.03e+07  3.24e+07  3.72e+08  5.21e+31  1.03e-13  4.01e+10  1.12e+04  1.89e+04  1.67e-01  9.11e-01  5.66e-04  3.98e-08  1.00e-20  3.92e+19 -2.06e+19 -9.54e+19  2.68e-05  4.35e-04  1.40e+03  0.00e+00  4.40e+01 
1.05e+10 4.48e+11 1.22e+10 5.17e+11   11   25      1        1  1.10e+07  2.87e+07  5.06e+08  6.59e+31  0.00e+00  7.66e-18  8.79e+01  3.37e+04  0.00e+00  0.00e+00  0.00e+00  0.00e+00  0.00e+00  0.00e+00  0.00e+00  0.00e+00       inf       inf  9.42e+02  0.00e+00  1.86e+02 
1.05e+10 5.85e+11 1.22e+10 6.75e+11   11   26      1        1  1.08e+07  2.63e+07  6.41e+08  2.79e+31  0.00e+00  7.66e-18  3.37e+01  4.52e+04  0.00e+00  0.00e+00  0.00e+00  0.00e+00  0.00e+00  0.00e+00  0.00e+00  0.00e+00       inf       inf  4.57e+02  0.00e+00  1.69e+02 
1.05e+10 7.65e+11 1.22e+10 8.83e+11   11   27     -1        0  9.44e+06  2.63e+07  7.21e+08  0.00e+00  0.00e+00  0.00e+00  0.00e+00  0.00e+00  0.00e+00  0.00e+00  0.00e+00  0.00e+00  0.00e+00  0.00e+00  0.00e+00  0.00e+00  0.00e+00  0.00e+00  0.00e+00  0.00e+00  0.00e+00 
1.05e+10 1.00e+12 1.22e+10 1.15e+12   11   28     -1        0  8.02e+06  2.63e+07  7.90e+08  0.00e+00  0.00e+00  0.00e+00  0.00e+00  0.00e+00  0.00e+00  0.00e+00  0.00e+00  0.00e+00  0.00e+00  0.00e+00  0.00e+00  0.00e+00  0.00e+00  0.00e+00  0.00e+00  0.00e+00  0.00e+00 
1.05e+10 1.31e+12 1.22e+10 1.51e+12   11   29     -1        0  6.65e+06  2.63e+07  8.49e+08  0.00e+00  0.00e+00  0.00e+00  0.00e+00  0.00e+00  0.00e+00  0.00e+00  0.00e+00  0.00e+00  0.00e+00  0.00e+00  0.00e+00  0.00e+00  0.00e+00  0.00e+00  0.00e+00  0.00e+00  0.00e+00 
1.38e+10 0.00e+00 1.59e+10 3.63e+08   12    0      0        0  4.48e+05  8.77e+07  1.29e+06  6.14e+29  5.82e-12  2.93e+12  2.32e+04  4.52e+04  1.43e-06  8.39e-02  9.11e-02  4.61e-16  1.00e-20 -2.50e+21  3.60e+20  1.25e+20  6.53e+00  8.26e+01  8.72e+05  0.00e+00  3.60e+05 
1.38e+10 7.25e+08 1.59e+10 8.37e+08   12    1      0        0  4.43e+05  8.69e+07  1.31e+06  1.88e+29  5.84e-12  2.95e+12  2.23e+04  4.54e+04  1.43e-06  7.78e-02  9.38e-02  1.06e-16  1.00e-20 -1.01e+21 -1.32e+20 -1.59e+20  6.77e+00  8.75e+01  1.00e+06  0.00e+00  4.33e+05 
1.38e+10 9.48e+08 1.59e+10 1.09e+09   12    2      0        0  4.42e+05  8.67e+07  1.31e+06  2.46e+29  5.86e-12  2.95e+12  2.24e+04  4.56e+04  1.42e-06  1.09e-01  8.99e-02  1.13e-16  1.00e-20 -1.41e+21 -1.26e+20 -5.57e+19  6.94e+00  9.01e+01  1.04e+06  0.00e+00  4.52e+05 
1.38e+10 1.24e+09 1.59e+10 1.43e+09   12    3      0        0  4.40e+05  8.64e+07  1.31e+06  3.22e+29  5.88e-12  2.97e+12  2.24e+04  4.58e+04  1.42e-06  6.59e-02  1.26e-01  1.23e-16  1.00e-20 -1.93e+21  1.36e+20 -3.37e+20  7.11e+00  8.99e+01  1.09e+06  0.00e+00  4.82e+05 
1.38e+10 1.62e+09 1.59e+10 1.87e+09   12    4      0        0  4.38e+05  8.60e+07  1.32e+06  4.21e+29  5.90e-12  2.98e+12  2.26e+04  4.61e+04  1.40e-06  5.75e-02  8.67e-02  1.63e-16  1.00e-20 -3.16e+21 -2.27e+20 -5.46e+20  7.31e+00  9.30e+01  1.17e+06  0.00e+00  5.29e+05 
1.38e+10 2.12e+09 1.59e+10 2.44e+09   12    5      0        0  4.35e+05  8.55e+07  1.33e+06  5.50e+29  5.93e-12  2.99e+12  2.29e+04  4.63e+04  1.37e-06  8.11e-02  8.50e-02  2.74e-16  1.00e-20 -3.87e+21 -4.41e+20 -2.29e+20  7.54e+00  9.58e+01  1.29e+06  0.00e+00  5.99e+05 
1.38e+10 2.77e+09 1.59e+10 3.19e+09   12    6      0        0  4.32e+05  8.48e+07  1.34e+06  7.19e+29  5.97e-12  3.01e+12  2.28e+04  4.66e+04  1.38e-06  6.83e-02  6.24e-02  2.59e-16  1.00e-20 -5.07e+21  3.75e+20 -9.22e+20  7.76e+00  9.80e+01  1.47e+06  0.00e+00  7.03e+05 
1.38e+10 3.62e+09 1.59e+10 4.17e+09   12    7      0        0  4.27e+05  8.40e+07  1.35e+06  9.39e+29  6.02e-12  3.03e+12  2.32e+04  4.68e+04  1.34e-06  7.63e-02  6.05e-02  4.68e-16  1.00e-20 -7.26e+21  4.38e+20 -2.02e+21  7.96e+00  1.01e+02  1.71e+06  0.00e+00  8.47e+05 
1.38e+10 4.73e+09 1.59e+10 5.45e+09   12    8      0        0  4.21e+05  8.30e+07  1.36e+06  1.23e+30  6.08e-12  3.07e+12  2.30e+04  4.70e+04  1.37e-06  6.63e-02  7.86e-02  3.43e-16  1.00e-20 -9.25e+21  2.78e+20 -3.42e+21  7.99e+00  1.02e+02  2.02e+06  0.00e+00  1.03e+06 
1.38e+10 6.18e+09 1.59e+10 7.12e+09   12    9      0        0  4.15e+05  8.16e+07  1.38e+06  1.60e+30  6.15e-12  3.09e+12  2.30e+04  4.71e+04  1.39e-06  1.11e-01  7.66e-02  3.31e-16  1.00e-20 -1.15e+22  1.69e+20 -5.71e+21  7.77e+00  9.83e+01  2.34e+06  0.00e+00  1.22e+06 
1.38e+10 8.07e+09 1.59e+10 9.31e+09   12   10      0        0  4.07e+05  8.00e+07  1.42e+06  2.10e+30  6.21e-12  3.12e+12  2.27e+04  4.69e+04  1.46e-06  1.34e-01  8.76e-02  1.87e-16  1.00e-20 -1.39e+22  1.02e+20 -8.07e+21  7.11e+00  9.07e+01  2.58e+06  0.00e+00  1.35e+06 
1.38e+10 1.05e+10 1.59e+10 1.22e+10   12   11      0        0  4.01e+05  7.80e+07  1.47e+06  2.74e+30  6.21e-12  3.07e+12  2.22e+04  4.62e+04  1.54e-06  3.02e-01  1.36e-01  8.55e-17  1.00e-20 -1.55e+22  4.16e+20 -1.08e+22  6.00e+00  7.61e+01  2.59e+06  0.00e+00  1.33e+06 
1.38e+10 1.38e+10 1.59e+10 1.59e+10   12   12      0        0  4.00e+05  7.56e+07  1.56e+06  3.58e+30  6.04e-12  2.94e+12  2.15e+04  4.50e+04  1.66e-06  4.74e-01  2.05e-01  2.32e-17  1.00e-20 -1.32e+22  1.87e+20 -1.16e+22  4.58e+00  5.84e+01  2.31e+06  0.00e+00  1.14e+06 
1.38e+10 1.80e+10 1.59e+10 2.08e+10   12   13      0        0  4.15e+05  7.28e+07  1.74e+06  4.68e+30  5.49e-12  2.62e+12  2.04e+04  4.31e+04  1.86e-06  7.11e-01  3.89e-01  2.24e-18  1.00e-20 -1.00e+22  1.60e+20 -1.22e+22  3.19e+00  4.04e+01  1.76e+06  0.00e+00  8.03e+05 
1.38e+10 2.36e+10 1.59e+10 2.72e+10   12   14      0        0  4.71e+05  6.96e+07  2.17e+06  6.12e+30  4.45e-12  2.09e+12  1.90e+04  4.01e+04  2.18e-06  8.89e-01  9.53e-01  7.94e-20  1.00e-20 -6.75e+21 -4.00e+20 -9.74e+21  2.04e+00  2.54e+01  1.15e+06  0.00e+00  4.55e+05 
1.38e+10 3.08e+10 1.59e+10 3.55e+10   12   15      0        0  6.08e+05  6.59e+07  3.12e+06  8.00e+30  3.13e-12  1.46e+12  1.75e+04  3.62e+04  2.88e-06  9.54e-01  9.16e-01  1.00e-20  1.00e-20 -3.34e+21  1.59e+20 -5.98e+21  1.21e+00  1.49e+01  6.53e+05  0.00e+00  2.03e+05 
1.38e+10 4.02e+10 1.59e+10 4.64e+10   12   16      0        0  8.97e+05  6.19e+07  5.21e+06  1.05e+31  1.97e-12  9.18e+11  1.60e+04  3.20e+04  4.65e-06  9.89e-01  8.55e-01  1.00e-20  1.00e-20 -1.39e+21  1.76e+20 -3.22e+21  6.49e-01  8.40e+00  3.37e+05  0.00e+00  7.31e+04 
1.38e+10 5.26e+10 1.59e+10 6.07e+10   12   17      0        0  1.43e+06  5.76e+07  9.57e+06  1.37e+31  1.18e-12  5.51e+11  1.49e+04  2.88e+04  8.82e-06  9.92e-01  7.70e-01  1.00e-20  1.00e-20 -4.60e+20 -1.01e+20 -1.81e+21  3.35e-01  4.08e+00  1.70e+05  0.00e+00  2.38e+04 
1.38e+10 6.87e+10 1.59e+10 7.93e+10   12   18      0        0  2.29e+06  5.32e+07  1.80e+07  1.79e+31  7.16e-13  3.33e+11  1.42e+04  2.68e+04  1.86e-05  9.99e-01  6.41e-01  1.00e-20  1.00e-20 -2.52e+20  5.21e+19 -8.55e+20  1.76e-01  2.10e+00  8.79e+04  0.00e+00  8.35e+03 
1.38e+10 8.98e+10 1.59e+10 1.04e+11   12   19      0        0  3.54e+06  4.86e+07  3.33e+07  2.33e+31  4.51e-13  2.10e+11  1.42e+04  2.49e+04  3.75e-05  1.00e+00  5.00e-01  1.00e-20  1.00e-20 -1.10e+20 -8.01e+19 -5.84e+20  8.59e-02  9.85e-01  4.60e+04  0.00e+00  3.20e+03 
1.38e+10 1.17e+11 1.59e+10 1.35e+11   12   20      0        0  5.14e+06  4.42e+07  5.87e+07  3.05e+31  2.99e-13  1.39e+11  1.43e+04  2.34e+04  9.88e-05  1.00e+00  4.04e-01  1.00e-20  1.00e-20  2.99e+19 -4.47e+19 -2.80e+20  3.90e-02  4.59e-01  2.46e+04  0.00e+00  1.33e+03 
1.38e+10 1.53e+11 1.59e+10 1.77e+11   12   21      0        0  6.97e+06  3.98e+07  9.78e+07  3.99e+31  2.08e-13  9.70e+10  1.51e+04  2.21e+04  3.19e-04  9.96e-01  3.35e-01  1.00e-20  1.00e-20 -5.46e+19 -3.05e+19 -1.68e+20  1.44e-02  1.44e-01  1.32e+04  0.00e+00  6.27e+02 
1.38e+10 2.01e+11 1.59e+10 2.31e+11   12   22      0        1  8.82e+06  3.57e+07  1.54e+08  5.21e+31  1.51e-13  7.00e+10  1.54e+04  2.12e+04  6.68e-04  1.00e+00  1.72e-01  1.00e-20  1.00e-20  4.71e+19  3.66e+19 -9.92e+19  6.74e-03  9.56e-02  7.22e+03  0.00e+00  3.16e+02 
1.38e+10 2.62e+11 1.59e+10 3.02e+11   12   23      0        1  1.05e+07  3.19e+07  2.29e+08  6.81e+31  1.11e-13  5.14e+10  1.56e+04  2.03e+04  2.37e-03  9.99e-01  1.64e-01  1.00e-20  1.00e-20 -2.61e+19 -1.12e+19 -5.03e+19  2.38e-03  4.59e-02  3.97e+03  0.00e+00  1.62e+02 
1.38e+10 3.43e+11 1.59e+10 3.95e+11   12   24      0        0  1.17e+07  2.83e+07  3.26e+08  8.90e+31  7.99e-14  3.67e+10  1.50e+04  1.95e+04  1.25e-02  9.96e-01  6.10e-02  1.00e-20  1.00e-20  5.13e+19  2.92e+19 -3.02e+19  5.74e-04  2.52e-02  2.24e+03  0.00e+00  8.00e+01 
1.38e+10 4.48e+11 1.59e+10 5.17e+11   12   25      0        1  1.25e+07  2.51e+07  4.43e+08  1.16e+32  5.26e-14  2.42e+10  1.55e+04  1.90e+04  1.36e-02  9.85e-01  1.38e-01  8.06e-05  1.00e-20  3.02e+19  4.72e+19 -2.22e+19  7.91e-04  3.85e-03  1.30e+03  0.00e+00  8.80e+01 
1.38e+10 5.85e+11 1.59e+10 6.75e+11   12   26      1        2  1.28e+07  2.22e+07  5.82e+08  1.49e+32  0.00e+00  7.66e-18  9.03e+01  3.10e+04  0.00e+00  0.00e+00  0.00e+00  0.00e+00  0.00e+00  0.00e+00  0.00e+00  0.00e+00       inf       inf  9.05e+02  0.00e+00  1.95e+02 
1.38e+10 7.65e+11 1.59e+10 8.83e+11   12   27      1        3  1.23e+07  2.01e+07  7.21e+08  7.08e+31  0.00e+00  7.66e-18  3.56e+01  4.45e+04  0.00e+00  0.00e+00  0.00e+00  0.00e+00  0.00e+00  0.00e+00  0.00e+00  0.00e+00       inf       inf  4.20e+02  0.00e+00  1.69e+02 
1.38e+10 1.00e+12 1.59e+10 1.15e+12   12   28     -1        0  1.05e+07  2.01e+07  7.90e+08  0.00e+00  0.00e+00  0.00e+00  0.00e+00  0.00e+00  0.00e+00  0.00e+00  0.00e+00  0.00e+00  0.00e+00  0.00e+00  0.00e+00  0.00e+00  0.00e+00  0.00e+00  0.00e+00  0.00e+00  0.00e+00 
1.38e+10 1.31e+12 1.59e+10 1.51e+12   12   29     -1        0  8.69e+06  2.01e+07  8.49e+08  0.00e+00  0.00e+00  0.00e+00  0.00e+00  0.00e+00  0.00e+00  0.00e+00  0.00e+00  0.00e+00  0.00e+00  0.00e+00  0.00e+00  0.00e+00  0.00e+00  0.00e+00  0.00e+00  0.00e+00  0.00e+00 
1.80e+10 0.00e+00 2.08e+10 3.63e+08   13    0      1        0  5.13e+05  7.67e+07  1.13e+06  6.87e+29  0.00e+00  6.04e-18  4.69e+04  4.52e+04  0.00e+00  0.00e+00  0.00e+00  0.00e+00  0.00e+00 -1.97e+20 -8.26e+19  8.32e+19       inf       inf  5.58e+05  0.00e+00  2.34e+05 
1.80e+10 7.25e+08 2.08e+10 8.37e+08   13    1      1        1  5.08e+05  7.61e+07  1.15e+06  2.28e+29  0.00e+00  6.04e-18  6.03e+04  4.56e+04  0.00e+00  0.00e+00  0.00e+00  0.00e+00  0.00e+00 -7.84e+19 -1.64e+19  1.51e+19       inf       inf  6.09e+05  0.00e+00  2.59e+05 
1.80e+10 9.48e+08 2.08e+10 1.09e+09   13    2      1        0  5.07e+05  7.58e+07  1.15e+06  3.10e+29  0.00e+00  6.04e-18  5.72e+04  4.59e+04  0.00e+00  0.00e+00  0.00e+00  0.00e+00  0.00e+00 -1.56e+20 -1.55e+19  2.82e+19       inf       inf  6.37e+05  0.00e+00  2.74e+05 
1.80e+10 1.24e+09 2.08e+10 1.43e+09   13    3      1        0  5.05e+05  7.56e+07  1.15e+06  4.26e+29  0.00e+00  6.04e-18  5.62e+04  4.61e+04  0.00e+00  0.00e+00  0.00e+00  0.00e+00  0.00e+00 -3.04e+20  3.31e+19 -1.24e+20       inf       inf  6.78e+05  0.00e+00  2.96e+05 
1.80e+10 1.62e+09 2.08e+10 1.87e+09   13    4      1        2  5.03e+05  7.52e+07  1.16e+06  5.93e+29  0.00e+00  6.04e-18  5.37e+04  4.64e+04  0.00e+00  0.00e+00  0.00e+00  0.00e+00  0.00e+00 -4.47e+20 -1.74e+19  1.58e+19       inf       inf  7.42e+05  0.00e+00  3.30e+05 
1.80e+10 2.12e+09 2.08e+10 2.44e+09   13    5      1        0  5.00e+05  7.48e+07  1.17e+06  8.40e+29  0.00e+00  6.04e-18  5.18e+04  4.65e+04  0.00e+00  0.00e+00  0.00e+00  0.00e+00  0.00e+00 -4.85e+20 -5.09e+19 -7.84e+19       inf       inf  8.37e+05  0.00e+00  3.82e+05 
1.80e+10 2.77e+09 2.08e+10 3.19e+09   13    6      1        0  4.96e+05  7.42e+07  1.17e+06  1.20e+30  0.00e+00  6.04e-18  5.83e+04  4.68e+04  0.00e+00  0.00e+00  0.00e+00  0.00e+00  0.00e+00 -8.63e+20  1.80e+20 -2.40e+19       inf       inf  9.76e+05  0.00e+00  4.58e+05 
1.80e+10 3.62e+09 2.08e+10 4.17e+09   13    7      0        0  4.92e+05  7.35e+07  1.19e+06  1.60e+30  3.20e-12  1.60e+12  2.08e+04  4.68e+04  1.04e-06  1.80e-01  1.06e-01  4.92e-18  1.00e-20 -3.87e+21 -1.38e+19 -5.99e+20  7.35e+00  9.41e+01  1.17e+06  0.00e+00  5.67e+05 
1.80e+10 4.73e+09 2.08e+10 5.45e+09   13    8      0        0  4.86e+05  7.26e+07  1.20e+06  2.10e+30  3.22e-12  1.61e+12  2.10e+04  4.68e+04  1.01e-06  2.22e-01  1.20e-01  8.05e-18  1.00e-20 -5.63e+21  9.78e+19 -1.25e+21  7.57e+00  9.71e+01  1.42e+06  0.00e+00  7.08e+05 
1.80e+10 6.18e+09 2.08e+10 7.12e+09   13    9      0        0  4.79e+05  7.14e+07  1.22e+06  2.74e+30  3.26e-12  1.62e+12  2.10e+04  4.67e+04  1.01e-06  2.64e-01  8.76e-02  7.86e-18  1.00e-20 -6.64e+21 -8.61e+19 -1.74e+21  7.65e+00  9.64e+01  1.75e+06  0.00e+00  8.88e+05 
1.80e+10 8.07e+09 2.08e+10 9.31e+09   13   10      0        0  4.71e+05  7.00e+07  1.25e+06  3.58e+30  3.28e-12  1.63e+12  2.10e+04  4.66e+04  1.02e-06  2.84e-01  1.08e-01  8.50e-18  1.00e-20 -8.75e+21  2.35e+20 -3.83e+21  7.54e+00  9.55e+01  2.10e+06  0.00e+00  1.08e+06 
1.80e+10 1.05e+10 2.08e+10 1.22e+10   13   11      0        0  4.65e+05  6.82e+07  1.30e+06  4.68e+30  3.27e-12  1.61e+12  2.08e+04  4.63e+04  1.05e-06  3.69e-01  1.38e-01  5.82e-18  1.00e-20 -1.02e+22 -2.53e+20 -4.80e+21  7.08e+00  9.02e+01  2.38e+06  0.00e+00  1.22e+06 
1.80e+10 1.38e+10 2.08e+10 1.59e+10   13   12      0        0  4.66e+05  6.62e+07  1.39e+06  6.12e+30  3.16e-12  1.55e+12  2.04e+04  4.55e+04  1.11e-06  4.58e-01  1.45e-01  2.19e-18  1.00e-20 -9.86e+21  2.97e+20 -7.14e+21  6.22e+00  7.91e+01  2.45e+06  0.00e+00  1.23e+06 
1.80e+10 1.80e+10 2.08e+10 2.08e+10   13   13      0        0  4.87e+05  6.37e+07  1.56e+06  8.00e+30  2.87e-12  1.38e+12  1.95e+04  4.44e+04  1.20e-06  6.27e-01  2.09e-01  3.32e-19  1.00e-20 -8.38e+21 -5.93e+20 -8.46e+21  5.14e+00  6.58e+01  2.21e+06  0.00e+00  1.06e+06 
1.80e+10 2.36e+10 2.08e+10 2.72e+10   13   14      0        0  5.53e+05  6.08e+07  1.95e+06  1.05e+31  2.32e-12  1.10e+12  1.84e+04  4.25e+04  1.29e-06  7.81e-01  5.31e-01  2.06e-20  1.00e-20 -6.04e+21 -2.04e+20 -6.97e+21  4.05e+00  5.12e+01  1.71e+06  0.00e+00  7.61e+05 
1.80e+10 3.08e+10 2.08e+10 3.55e+10   13   15      0        0  7.15e+05  5.77e+07  2.80e+06  1.37e+31  1.64e-12  7.72e+11  1.72e+04  3.99e+04  1.52e-06  8.88e-01  9.69e-01  1.00e-20  1.00e-20 -2.71e+21  2.35e+20 -4.51e+21  3.03e+00  3.86e+01  1.13e+06  0.00e+00  4.42e+05 
1.80e+10 4.02e+10 2.08e+10 4.64e+10   13   16      0        0  1.05e+06  5.41e+07  4.66e+06  1.79e+31  1.04e-12  4.88e+11  1.59e+04  3.64e+04  2.01e-06  9.50e-01  8.97e-01  1.00e-20  1.00e-20 -1.76e+21 -1.85e+20 -2.71e+21  2.08e+00  2.61e+01  6.55e+05  0.00e+00  2.06e+05 
1.80e+10 5.26e+10 2.08e+10 6.07e+10   13   17      0        0  1.66e+06  5.04e+07  8.50e+06  2.33e+31  6.34e-13  2.96e+11  1.48e+04  3.26e+04  3.13e-06  9.76e-01  9.24e-01  1.00e-20  1.00e-20 -7.18e+20  1.60e+20 -1.84e+21  1.26e+00  1.54e+01  3.46e+05  0.00e+00  7.95e+04 
1.80e+10 6.87e+10 2.08e+10 7.93e+10   13   18      0        0  2.64e+06  4.65e+07  1.59e+07  3.05e+31  3.90e-13  1.82e+11  1.40e+04  2.96e+04  5.33e-06  9.98e-01  8.85e-01  1.00e-20  1.00e-20 -4.80e+20 -3.17e+19 -1.24e+21  7.03e-01  8.25e+00  1.79e+05  0.00e+00  2.81e+04 
1.80e+10 8.98e+10 2.08e+10 1.04e+11   13   19      0        0  4.07e+06  4.26e+07  2.93e+07  3.99e+31  2.49e-13  1.16e+11  1.36e+04  2.75e+04  9.02e-06  9.98e-01  8.28e-01  1.00e-20  1.00e-20 -2.09e+20  5.91e+19 -5.70e+20  3.82e-01  4.53e+00  9.31e+04  0.00e+00  1.03e+04 
1.80e+10 1.17e+11 2.08e+10 1.35e+11   13   20      0        0  5.90e+06  3.86e+07  5.15e+07  5.21e+31  1.68e-13  7.84e+10  1.36e+04  2.55e+04  1.95e-05  1.00e+00  7.34e-01  1.00e-20  1.00e-20 -3.39e+19  5.47e+19 -4.43e+20  1.90e-01  1.82e+00  4.86e+04  0.00e+00  3.91e+03 
1.80e+10 1.53e+11 2.08e+10 1.77e+11   13   21      0        0  7.99e+06  3.49e+07  8.57e+07  6.81e+31  1.20e-13  5.58e+10  1.42e+04  2.40e+04  4.78e-05  1.00e+00  5.43e-01  1.00e-20  1.00e-20 -6.58e+18  2.99e+19 -3.82e+20  9.07e-02  9.62e-01  2.53e+04  0.00e+00  1.62e+03 
1.80e+10 2.01e+11 2.08e+10 2.31e+11   13   22      0        0  1.01e+07  3.13e+07  1.35e+08  8.90e+31  8.92e-14  4.15e+10  1.47e+04  2.24e+04  1.27e-04  1.00e+00  3.29e-01  1.00e-20  1.00e-20 -5.12e+19 -6.09e+18 -1.11e+20  3.81e-02  4.36e-01  1.36e+04  0.00e+00  7.55e+02 
1.80e+10 2.62e+11 2.08e+10 3.02e+11   13   23      0        0  1.20e+07  2.79e+07  2.01e+08  1.16e+32  6.85e-14  3.19e+10  1.51e+04  2.12e+04  3.38e-04  9.99e-01  3.11e-01  1.00e-20  1.00e-20  1.88e+19  4.74e+18 -7.14e+19  1.40e-02  2.19e-01  7.28e+03  0.00e+00  3.45e+02 
1.80e+10 3.43e+11 2.08e+10 3.95e+11   13   24      0        0  1.34e+07  2.48e+07  2.85e+08  1.52e+32  5.31e-14  2.47e+10  1.48e+04  1.99e+04  1.11e-03  9.99e-01  1.68e-01  1.00e-20  1.00e-20 -1.80e+18  2.11e+19 -3.39e+19  5.09e-03  2.25e-02  4.00e+03  0.00e+00  1.81e+02 
1.80e+10 4.48e+11 2.08e+10 5.17e+11   13   25      0        1  1.43e+07  2.19e+07  3.88e+08  1.99e+32  4.02e-14  1.87e+10  1.45e+04  1.94e+04  2.41e-03  9.99e-01  2.17e-01  1.00e-20  1.00e-20 -1.96e+19 -3.34e+19  5.77e+19  2.48e-03  0.00e+00  2.24e+03  0.00e+00  1.10e+02 
1.80e+10 5.85e+11 2.08e+10 6.75e+11   13   26      0        1  1.47e+07  1.94e+07  5.09e+08  2.60e+32  2.76e-14  1.29e+10  1.42e+04  1.91e+04  2.35e-03  9.86e-01  1.81e-01  1.00e-20  1.00e-20 -2.55e+18 -5.14e+18  1.71e+19  2.46e-03  1.72e-02  1.28e+03  0.00e+00  9.10e+01 
1.80e+10 7.65e+11 2.08e+10 8.83e+11   13   27      1        2  1.45e+07  1.71e+07  6.50e+08  3.35e+32  0.00e+00  7.66e-18  2.18e+01  2.96e+04  0.00e+00  0.00e+00  0.00e+00  0.00e+00  0.00e+00  0.00e+00  0.00e+00  0.00e+00       inf       inf  7.91e+02  0.00e+00  2.01e+02 
1.80e+10 1.00e+12 2.08e+10 1.15e+12   13   28     -1        0  1.37e+07  1.54e+07  7.90e+08  0.00e+00  0.00e+00  0.00e+00  0.00e+00  0.00e+00  0.00e+00  0.00e+00  0.00e+00  0.00e+00  0.00e+00  0.00e+00  0.00e+00  0.00e+00  0.00e+00  0.00e+00  0.00e+00  0.00e+00  0.00e+00 
1.80e+10 1.31e+12 2.08e+10 1.51e+12   13   29     -1        0  1.14e+07  1.54e+07  8.49e+08  0.00e+00  0.00e+00  0.00e+00  0.00e+00  0.00e+00  0.00e+00  0.00e+00  0.00e+00  0.00e+00  0.00e+00  0.00e+00  0.00e+00  0.00e+00  0.00e+00  0.00e+00  0.00e+00  0.00e+00  0.00e+00 
2.36e+10 0.00e+00 2.72e+10 3.63e+08   14    0     -1        0  5.75e+05  6.71e+07  9.73e+05  0.00e+00  0.00e+00  0.00e+00  0.00e+00  0.00e+00  0.00e+00  0.00e+00  0.00e+00  0.00e+00  0.00e+00  0.00e+00  0.00e+00  0.00e+00  0.00e+00  0.00e+00  0.00e+00  0.00e+00  0.00e+00 
2.36e+10 7.25e+08 2.72e+10 8.37e+08   14    1     -1        0  5.71e+05  6.65e+07  9.84e+05  0.00e+00  0.00e+00  0.00e+00  0.00e+00  0.00e+00  0.00e+00  0.00e+00  0.00e+00  0.00e+00  0.00e+00  0.00e+00  0.00e+00  0.00e+00  0.00e+00  0.00e+00  0.00e+00  0.00e+00  0.00e+00 
2.36e+10 9.48e+08 2.72e+10 1.09e+09   14    2     -1        0  5.70e+05  6.63e+07  9.87e+05  0.00e+00  0.00e+00  0.00e+00  0.00e+00  0.00e+00  0.00e+00  0.00e+00  0.00e+00  0.00e+00  0.00e+00  0.00e+00  0.00e+00  0.00e+00  0.00e+00  0.00e+00  0.00e+00  0.00e+00  0.00e+00 
2.36e+10 1.24e+09 2.72e+10 1.43e+09   14    3     -1        0  5.68e+05  6.61e+07  9.92e+05  0.00e+00  0.00e+00  0.00e+00  0.00e+00  0.00e+00  0.00e+00  0.00e+00  0.00e+00  0.00e+00  0.00e+00  0.00e+00  0.00e+00  0.00e+00  0.00e+00  0.00e+00  0.00e+00  0.00e+00  0.00e+00 
2.36e+10 1.62e+09 2.72e+10 1.87e+09   14    4     -1        0  5.66e+05  6.58e+07  9.97e+05  0.00e+00  0.00e+00  0.00e+00  0.00e+00  0.00e+00  0.00e+00  0.00e+00  0.00e+00  0.00e+00  0.00e+00  0.00e+00  0.00e+00  0.00e+00  0.00e+00  0.00e+00  0.00e+00  0.00e+00  0.00e+00 
2.36e+10 2.12e+09 2.72e+10 2.44e+09   14    5     -1        0  5.63e+05  6.54e+07  1.00e+06  0.00e+00  0.00e+00  0.00e+00  0.00e+00  0.00e+00  0.00e+00  0.00e+00  0.00e+00  0.00e+00  0.00e+00  0.00e+00  0.00e+00  0.00e+00  0.00e+00  0.00e+00  0.00e+00  0.00e+00  0.00e+00 
2.36e+10 2.77e+09 2.72e+10 3.19e+09   14    6      1        2  5.60e+05  6.49e+07  1.01e+06  6.98e+27  0.00e+00  5.46e-18  5.51e+04  4.83e+04  0.00e+00  0.00e+00  0.00e+00  0.00e+00  0.00e+00  0.00e+00  0.00e+00  0.00e+00       inf       inf  9.90e+04  0.00e+00  5.39e+04 
2.36e+10 3.62e+09 2.72e+10 4.17e+09   14    7      1        0  5.56e+05  6.43e+07  1.03e+06  1.38e+29  0.00e+00  5.46e-18  5.15e+04  4.79e+04  0.00e+00  0.00e+00  0.00e+00  0.00e+00  0.00e+00 -4.48e+19 -2.14e+19  4.64e+18       inf       inf  3.68e+05  0.00e+00  1.98e+05 
2.36e+10 4.73e+09 2.72e+10 5.45e+09   14    8      1        0  5.50e+05  6.35e+07  1.04e+06  4.57e+29  0.00e+00  5.46e-18  5.77e+04  4.76e+04  0.00e+00  0.00e+00  0.00e+00  0.00e+00  0.00e+00 -2.30e+20 -1.68e+19 -6.76e+19       inf       inf  5.45e+05  0.00e+00  2.88e+05 
2.36e+10 6.18e+09 2.72e+10 7.12e+09   14    9      1        1  5.44e+05  6.25e+07  1.06e+06  1.10e+30  0.00e+00  5.14e-18  6.09e+04  4.73e+04  0.00e+00  0.00e+00  0.00e+00  0.00e+00  0.00e+00 -6.19e+20 -1.50e+19 -1.45e+20       inf       inf  7.97e+05  0.00e+00  4.17e+05 
2.36e+10 8.07e+09 2.72e+10 9.31e+09   14   10      1        2  5.37e+05  6.12e+07  1.09e+06  2.38e+30  0.00e+00  5.46e-18  5.42e+04  4.70e+04  0.00e+00  0.00e+00  0.00e+00  0.00e+00  0.00e+00 -9.50e+20  2.73e+19 -2.08e+20       inf       inf  1.14e+06  0.00e+00  5.92e+05 
2.36e+10 1.05e+10 2.72e+10 1.22e+10   14   11      1        0  5.33e+05  5.97e+07  1.14e+06  4.89e+30  0.00e+00  5.46e-18  3.98e+04  4.66e+04  0.00e+00  0.00e+00  0.00e+00  0.00e+00  0.00e+00 -1.14e+21 -3.38e+18 -3.39e+20       inf       inf  1.57e+06  0.00e+00  8.10e+05 
2.36e+10 1.38e+10 2.72e+10 1.59e+10   14   12      1        0  5.37e+05  5.79e+07  1.22e+06  9.57e+30  0.00e+00  5.46e-18  4.17e+04  4.61e+04  0.00e+00  0.00e+00  0.00e+00  0.00e+00  0.00e+00 -1.64e+21  2.94e+19 -7.18e+20       inf       inf  2.03e+06  0.00e+00  1.03e+06 
2.36e+10 1.80e+10 2.72e+10 2.08e+10   14   13      0        0  5.66e+05  5.57e+07  1.39e+06  1.37e+31  1.49e-12  7.19e+11  1.79e+04  4.53e+04  8.70e-07  6.17e-01  9.92e-01  1.00e-20  1.00e-20 -6.04e+21  3.66e+19 -4.06e+21  7.07e+00  9.06e+01  2.32e+06  0.00e+00  1.15e+06 
2.36e+10 2.36e+10 2.72e+10 2.72e+10   14   14      0        0  6.49e+05  5.32e+07  1.75e+06  1.79e+31  1.20e-12  5.76e+11  1.70e+04  4.41e+04  8.80e-07  6.55e-01  3.10e-01  1.00e-20  1.00e-20 -4.99e+21 -3.07e+20 -4.19e+21  6.65e+00  8.53e+01  2.12e+06  0.00e+00  1.00e+06 
2.36e+10 3.08e+10 2.72e+10 3.55e+10   14   15      0        0  8.43e+05  5.04e+07  2.53e+06  2.33e+31  8.47e-13  4.04e+11  1.61e+04  4.23e+04  8.94e-07  7.25e-01  9.88e-01  1.00e-20  1.00e-20 -3.33e+21 -5.41e+19 -3.48e+21  6.10e+00  7.78e+01  1.67e+06  0.00e+00  7.33e+05 
2.36e+10 4.02e+10 2.72e+10 4.64e+10   14   16      0        0  1.23e+06  4.74e+07  4.19e+06  3.05e+31  5.43e-13  2.57e+11  1.52e+04  3.98e+04  9.60e-07  8.22e-01  9.82e-01  1.00e-20  1.00e-20 -1.94e+21 -2.51e+20 -2.55e+21  5.19e+00  6.75e+01  1.12e+06  0.00e+00  4.38e+05 
2.36e+10 5.26e+10 2.72e+10 6.07e+10   14   17      0        0  1.94e+06  4.41e+07  7.60e+06  3.99e+31  3.35e-13  1.57e+11  1.45e+04  3.66e+04  1.19e-06  9.28e-01  9.74e-01  1.00e-20  1.00e-20 -8.74e+20 -7.62e+19 -1.37e+21  3.81e+00  4.92e+01  6.63e+05  0.00e+00  2.13e+05 
2.36e+10 6.87e+10 2.72e+10 7.93e+10   14   18      0        0  3.07e+06  4.07e+07  1.41e+07  5.21e+31  2.09e-13  9.74e+10  1.39e+04  3.30e+04  1.72e-06  9.77e-01  9.59e-01  1.00e-20  1.00e-20 -5.94e+20  2.25e+20 -1.17e+21  2.39e+00  3.03e+01  3.57e+05  0.00e+00  8.69e+04 
2.36e+10 8.98e+10 2.72e+10 1.04e+11   14   19      0        0  4.69e+06  3.72e+07  2.58e+07  6.81e+31  1.36e-13  6.32e+10  1.34e+04  3.00e+04  2.81e-06  9.93e-01  9.32e-01  1.00e-20  1.00e-20 -5.70e+19 -9.35e+19 -7.68e+20  1.33e+00  1.63e+01  1.87e+05  0.00e+00  3.24e+04 
2.36e+10 1.17e+11 2.72e+10 1.35e+11   14   20      0        0  6.78e+06  3.38e+07  4.52e+07  8.90e+31  9.28e-14  4.32e+10  1.31e+04  2.79e+04  5.08e-06  9.98e-01  8.84e-01  1.00e-20  1.00e-20 -6.70e+19  1.17e+20 -3.98e+20  7.18e-01  8.48e+00  9.76e+04  0.00e+00  1.22e+04 
2.36e+10 1.53e+11 2.72e+10 1.77e+11   14   21      0        0  9.15e+06  3.05e+07  7.51e+07  1.16e+32  6.72e-14  3.13e+10  1.32e+04  2.59e+04  1.12e-05  1.00e+00  7.98e-01  1.00e-20  1.00e-20 -5.25e+18  1.54e+20 -3.75e+20  3.60e-01  4.52e+00  5.06e+04  0.00e+00  4.85e+03 
2.36e+10 2.01e+11 2.72e+10 2.31e+11   14   22      0        0  1.16e+07  2.73e+07  1.18e+08  1.52e+32  5.11e-14  2.38e+10  1.37e+04  2.44e+04  2.54e-05  1.00e+00  7.09e-01  1.00e-20  1.00e-20  4.63e+19  2.66e+19 -1.57e+20  1.70e-01  2.74e+00  2.63e+04  0.00e+00  2.04e+03 
2.36e+10 2.62e+11 2.72e+10 3.02e+11   14   23      0        0  1.37e+07  2.44e+07  1.76e+08  1.99e+32  4.04e-14  1.88e+10  1.40e+04  2.25e+04  7.61e-05  1.00e+00  5.30e-01  1.00e-20  1.00e-20  1.82e+19  1.53e+19 -7.17e+19  6.46e-02  1.02e+00  1.37e+04  0.00e+00  7.90e+02 
2.36e+10 3.43e+11 2.72e+10 3.95e+11   14   24      0        1  1.53e+07  2.17e+07  2.49e+08  2.60e+32  3.27e-14  1.52e+10  1.41e+04  2.11e+04  2.24e-04  1.00e+00  2.82e-01  1.00e-20  1.00e-20  9.65e+18  3.00e+18 -2.35e+19  2.22e-02  2.39e-01  7.32e+03  0.00e+00  3.59e+02 
2.36e+10 4.48e+11 2.72e+10 5.17e+11   14   25      0        0  1.64e+07  1.92e+07  3.39e+08  3.40e+32  2.65e-14  1.23e+10  1.41e+04  1.98e+04  6.74e-04  1.00e+00  3.56e-01  1.00e-20  1.00e-20 -1.52e+17  2.04e+19 -2.17e+19  7.40e-03  8.29e-02  3.96e+03  0.00e+00  2.04e+02 
2.36e+10 5.85e+11 2.72e+10 6.75e+11   14   26      0        1  1.68e+07  1.70e+07  4.45e+08  4.44e+32  2.09e-14  9.69e+09  1.39e+04  1.91e+04  1.79e-03  9.99e-01  2.73e-01  1.00e-20  1.00e-20 -3.74e+19  1.08e+19  3.25e+18  3.36e-03  6.55e-02  2.20e+03  0.00e+00  1.30e+02 
2.36e+10 7.65e+11 2.72e+10 8.83e+11   14   27      1        2  1.66e+07  1.49e+07  5.68e+08  5.79e+32  0.00e+00  5.65e-18  1.15e+02  1.84e+04  0.00e+00  0.00e+00  0.00e+00  0.00e+00  0.00e+00  0.00e+00  0.00e+00  0.00e+00       inf       inf  1.10e+03  0.00e+00  7.40e+01 
2.36e+10 1.00e+12 2.72e+10 1.15e+12   14   28     -1        0  1.60e+07  1.31e+07  7.08e+08  0.00e+00  0.00e+00  0.00e+00  0.00e+00  0.00e+00  0.00e+00  0.00e+00  0.00e+00  0.00e+00  0.00e+00  0.00e+00  0.00e+00  0.00e+00  0.00e+00  0.00e+00  0.00e+00  0.00e+00  0.00e+00 
2.36e+10 1.31e+12 2.72e+10 1.51e+12   14   29     -1        0  1.48e+07  1.18e+07  8.49e+08  0.00e+00  0.00e+00  0.00e+00  0.00e+00  0.00e+00  0.00e+00  0.00e+00  0.00e+00  0.00e+00  0.00e+00  0.00e+00  0.00e+00  0.00e+00  0.00e+00  0.00e+00  0.00e+00  0.00e+00  0.00e+00 
3.08e+10 0.00e+00 3.55e+10 3.63e+08   15    0     -1        0  6.27e+05  5.87e+07  8.12e+05  0.00e+00  0.00e+00  0.00e+00  0.00e+00  0.00e+00  0.00e+00  0.00e+00  0.00e+00  0.00e+00  0.00e+00  0.00e+00  0.00e+00  0.00e+00  0.00e+00  0.00e+00  0.00e+00  0.00e+00  0.00e+00 
3.08e+10 7.25e+08 3.55e+10 8.37e+08   15    1     -1        0  6.24e+05  5.82e+07  8.23e+05  0.00e+00  0.00e+00  0.00e+00  0.00e+00  0.00e+00  0.00e+00  0.00e+00  0.00e+00  0.00e+00  0.00e+00  0.00e+00  0.00e+00  0.00e+00  0.00e+00  0.00e+00  0.00e+00  0.00e+00  0.00e+00 
3.08e+10 9.48e+08 3.55e+10 1.09e+09   15    2     -1        0  6.23e+05  5.80e+07  8.26e+05  0.00e+00  0.00e+00  0.00e+00  0.00e+00  0.00e+00  0.00e+00  0.00e+00  0.00e+00  0.00e+00  0.00e+00  0.00e+00  0.00e+00  0.00e+00  0.00e+00  0.00e+00  0.00e+00  0.00e+00  0.00e+00 
3.08e+10 1.24e+09 3.55e+10 1.43e+09   15    3     -1        0  6.22e+05  5.78e+07  8.30e+05  0.00e+00  0.00e+00  0.00e+00  0.00e+00  0.00e+00  0.00e+00  0.00e+00  0.00e+00  0.00e+00  0.00e+00  0.00e+00  0.00e+00  0.00e+00  0.00e+00  0.00e+00  0.00e+00  0.00e+00  0.00e+00 
3.08e+10 1.62e+09 3.55e+10 1.87e+09   15    4     -1        0  6.20e+05  5.76e+07  8.36e+05  0.00e+00  0.00e+00  0.00e+00  0.00e+00  0.00e+00  0.00e+00  0.00e+00  0.00e+00  0.00e+00  0.00e+00  0.00e+00  0.00e+00  0.00e+00  0.00e+00  0.00e+00  0.00e+00  0.00e+00  0.00e+00 
3.08e+10 2.12e+09 3.55e+10 2.44e+09   15    5     -1        0  6.18e+05  5.72e+07  8.43e+05  0.00e+00  0.00e+00  0.00e+00  0.00e+00  0.00e+00  0.00e+00  0.00e+00  0.00e+00  0.00e+00  0.00e+00  0.00e+00  0.00e+00  0.00e+00  0.00e+00  0.00e+00  0.00e+00  0.00e+00  0.00e+00 
3.08e+10 2.77e+09 3.55e+10 3.19e+09   15    6     -1        0  6.15e+05  5.68e+07  8.52e+05  0.00e+00  0.00e+00  0.00e+00  0.00e+00  0.00e+00  0.00e+00  0.00e+00  0.00e+00  0.00e+00  0.00e+00  0.00e+00  0.00e+00  0.00e+00  0.00e+00  0.00e+00  0.00e+00  0.00e+00  0.00e+00 
3.08e+10 3.62e+09 3.55e+10 4.17e+09   15    7     -1        0  6.12e+05  5.62e+07  8.64e+05  0.00e+00  0.00e+00  0.00e+00  0.00e+00  0.00e+00  0.00e+00  0.00e+00  0.00e+00  0.00e+00  0.00e+00  0.00e+00  0.00e+00  0.00e+00  0.00e+00  0.00e+00  0.00e+00  0.00e+00  0.00e+00 
3.08e+10 4.73e+09 3.55e+10 5.45e+09   15    8     -1        0  6.08e+05  5.55e+07  8.80e+05  0.00e+00  0.00e+00  0.00e+00  0.00e+00  0.00e+00  0.00e+00  0.00e+00  0.00e+00  0.00e+00  0.00e+00  0.00e+00  0.00e+00  0.00e+00  0.00e+00  0.00e+00  0.00e+00  0.00e+00  0.00e+00 
3.08e+10 6.18e+09 3.55e+10 7.12e+09   15    9     -1        0  6.03e+05  5.46e+07  9.02e+05  0.00e+00  0.00e+00  0.00e+00  0.00e+00  0.00e+00  0.00e+00  0.00e+00  0.00e+00  0.00e+00  0.00e+00  0.00e+00  0.00e+00  0.00e+00  0.00e+00  0.00e+00  0.00e+00  0.00e+00  0.00e+00 
3.08e+10 8.07e+09 3.55e+10 9.31e+09   15   10     -1        0  5.99e+05  5.35e+07  9.33e+05  0.00e+00  0.00e+00  0.00e+00  0.00e+00  0.00e+00  0.00e+00  0.00e+00  0.00e+00  0.00e+00  0.00e+00  0.00e+00  0.00e+00  0.00e+00  0.00e+00  0.00e+00  0.00e+00  0.00e+00  0.00e+00 
3.08e+10 1.05e+10 3.55e+10 1.22e+10   15   11     -1        0  5.99e+05  5.22e+07  9.81e+05  0.00e+00  0.00e+00  0.00e+00  0.00e+00  0.00e+00  0.00e+00  0.00e+00  0.00e+00  0.00e+00  0.00e+00  0.00e+00  0.00e+00  0.00e+00  0.00e+00  0.00e+00  0.00e+00  0.00e+00  0.00e+00 
3.08e+10 1.38e+10 3.55e+10 1.59e+10   15   12      1        1  6.11e+05  5.06e+07  1.06e+06  1.98e+29  0.00e+00  5.46e-18  2.60e+04  4.64e+04  0.00e+00  0.00e+00  0.00e+00  0.00e+00  0.00e+00  0.00e+00  0.00e+00  0.00e+00       inf       inf  3.35e+05  0.00e+00  1.71e+05 
3.08e+10 1.80e+10 3.55e+10 2.08e+10   15   13      1        1  6.53e+05  4.87e+07  1.23e+06  4.63e+30  0.00e+00  5.10e-18  4.25e+04  4.58e+04  0.00e+00  0.00e+00  0.00e+00  0.00e+00  0.00e+00 -5.50e+20  7.73e+19 -2.46e+20       inf       inf  1.23e+06  0.00e+00  6.16e+05 
3.08e+10 2.36e+10 3.55e+10 2.72e+10   15   14      1        0  7.62e+05  4.66e+07  1.57e+06  1.69e+31  0.00e+00  5.10e-18  2.12e+04  4.49e+04  0.00e+00  0.00e+00  0.00e+00  0.00e+00  0.00e+00 -8.00e+20 -7.62e+19 -5.14e+20       inf       inf  1.61e+06  0.00e+00  7.85e+05 
3.08e+10 3.08e+10 3.55e+10 3.55e+10   15   15      1        1  9.99e+05  4.41e+07  2.29e+06  3.84e+31  0.00e+00  5.46e-18  1.30e+04  4.39e+04  0.00e+00  0.00e+00  0.00e+00  0.00e+00  0.00e+00 -7.75e+20  8.33e+18 -5.87e+20       inf       inf  1.87e+06  0.00e+00  8.79e+05 
3.08e+10 4.02e+10 3.55e+10 4.64e+10   15   16      0        0  1.46e+06  4.14e+07  3.81e+06  5.21e+31  2.77e-13  1.33e+11  1.46e+04  4.22e+04  4.93e-07  7.08e-01  9.93e-01  1.00e-20  1.00e-20 -2.05e+21  2.62e+20 -2.11e+21  1.05e+01  1.35e+02  1.63e+06  0.00e+00  7.17e+05 
3.08e+10 5.26e+10 3.55e+10 6.07e+10   15   17      0        0  2.28e+06  3.86e+07  6.85e+06  6.81e+31  1.74e-13  8.28e+10  1.42e+04  3.99e+04  5.23e-07  7.40e-01  9.91e-01  1.00e-20  1.00e-20 -8.76e+20  4.39e+19 -1.53e+21  9.34e+00  1.20e+02  1.12e+06  0.00e+00  4.38e+05 
3.08e+10 6.87e+10 3.55e+10 7.93e+10   15   18      0        0  3.58e+06  3.56e+07  1.26e+07  8.90e+31  1.10e-13  5.18e+10  1.39e+04  3.67e+04  6.54e-07  8.77e-01  9.86e-01  1.00e-20  1.00e-20 -6.18e+20  6.00e+19 -1.46e+21  6.89e+00  8.79e+01  6.70e+05  0.00e+00  2.19e+05 
3.08e+10 8.98e+10 3.55e+10 1.04e+11   15   19      0        0  5.43e+06  3.26e+07  2.29e+07  1.16e+32  7.25e-14  3.39e+10  1.35e+04  3.32e+04  9.95e-07  9.45e-01  9.78e-01  1.00e-20  1.00e-20 -2.13e+20  1.82e+19 -9.13e+20  4.21e+00  5.44e+01  3.67e+05  0.00e+00  9.28e+04 
3.08e+10 1.17e+11 3.55e+10 1.35e+11   15   20      0        0  7.80e+06  2.96e+07  3.98e+07  1.52e+32  5.04e-14  2.35e+10  1.31e+04  3.03e+04  1.79e-06  9.91e-01  9.60e-01  1.00e-20  1.00e-20 -9.21e+19  5.04e+19 -7.16e+20  2.27e+00  2.81e+01  1.93e+05  0.00e+00  3.57e+04 
3.08e+10 1.53e+11 3.55e+10 1.77e+11   15   21      0        0  1.05e+07  2.67e+07  6.59e+07  1.99e+32  3.70e-14  1.72e+10  1.29e+04  2.81e+04  3.42e-06  9.98e-01  9.26e-01  1.00e-20  1.00e-20 -9.14e+19  7.48e+19 -4.36e+20  1.18e+00  1.44e+01  1.01e+05  0.00e+00  1.38e+04 
3.08e+10 2.01e+11 3.55e+10 2.31e+11   15   22      0        0  1.32e+07  2.39e+07  1.03e+08  2.60e+32  2.86e-14  1.33e+10  1.29e+04  2.62e+04  7.25e-06  1.00e+00  8.47e-01  1.00e-20  1.00e-20  2.45e+19 -2.67e+19 -2.19e+20  5.82e-01  7.48e+00  5.24e+04  0.00e+00  5.65e+03 
3.08e+10 2.62e+11 3.55e+10 3.02e+11   15   23      0        0  1.57e+07  2.13e+07  1.54e+08  3.40e+32  2.31e-14  1.07e+10  1.30e+04  2.44e+04  1.73e-05  1.00e+00  7.04e-01  1.00e-20  1.00e-20 -3.54e+19 -1.33e+19 -7.62e+19  2.60e-01  2.95e+00  2.68e+04  0.00e+00  2.21e+03 
3.08e+10 3.43e+11 3.55e+10 3.95e+11   15   24      0        0  1.75e+07  1.90e+07  2.18e+08  4.44e+32  1.92e-14  8.94e+09  1.31e+04  2.26e+04  4.81e-05  1.00e+00  5.81e-01  1.00e-20  1.00e-20 -3.23e+19  2.12e+19 -1.38e+20  1.04e-01  1.19e+00  1.38e+04  0.00e+00  9.07e+02 
3.08e+10 4.48e+11 3.55e+10 5.17e+11   15   25      0        0  1.87e+07  1.68e+07  2.97e+08  5.80e+32  1.63e-14  7.56e+09  1.34e+04  2.09e+04  1.30e-04  1.00e+00  5.15e-01  1.00e-20  1.00e-20 -3.10e+19 -4.02e+19 -4.08e+19  3.60e-02  4.12e-01  7.30e+03  0.00e+00  4.13e+02 
3.08e+10 5.85e+11 3.55e+10 6.75e+11   15   26      0        0  1.92e+07  1.48e+07  3.90e+08  7.58e+32  1.37e-14  6.37e+09  1.34e+04  1.97e+04  4.37e-04  1.00e+00  2.55e-01  1.00e-20  1.00e-20 -2.13e+19 -8.79e+18  1.69e+18  1.06e-02  2.49e-01  3.92e+03  0.00e+00  1.92e+02 
3.08e+10 7.65e+11 3.55e+10 8.83e+11   15   27      1        1  1.90e+07  1.31e+07  4.97e+08  9.88e+32  0.00e+00  5.46e-18  8.31e+01  1.89e+04  0.00e+00  0.00e+00  0.00e+00  0.00e+00  0.00e+00  0.00e+00  0.00e+00  0.00e+00       inf       inf  2.01e+03  0.00e+00  9.20e+01 
3.08e+10 1.00e+12 3.55e+10 1.15e+12   15   28     -1        0  1.83e+07  1.15e+07  6.19e+08  0.00e+00  0.00e+00  0.00e+00  0.00e+00  0.00e+00  0.00e+00  0.00e+00  0.00e+00  0.00e+00  0.00e+00  0.00e+00  0.00e+00  0.00e+00  0.00e+00  0.00e+00  0.00e+00  0.00e+00  0.00e+00 
3.08e+10 1.31e+12 3.55e+10 1.51e+12   15   29     -1        0  1.73e+07  1.01e+07  7.57e+08  0.00e+00  0.00e+00  0.00e+00  0.00e+00  0.00e+00  0.00e+00  0.00e+00  0.00e+00  0.00e+00  0.00e+00  0.00e+00  0.00e+00  0.00e+00  0.00e+00  0.00e+00  0.00e+00  0.00e+00  0.00e+00 
4.02e+10 0.00e+00 4.64e+10 3.63e+08   16    0     -1        0  6.61e+05  5.14e+07  6.55e+05  0.00e+00  0.00e+00  0.00e+00  0.00e+00  0.00e+00  0.00e+00  0.00e+00  0.00e+00  0.00e+00  0.00e+00  0.00e+00  0.00e+00  0.00e+00  0.00e+00  0.00e+00  0.00e+00  0.00e+00  0.00e+00 
4.02e+10 7.25e+08 4.64e+10 8.37e+08   16    1     -1        0  6.59e+05  5.09e+07  6.65e+05  0.00e+00  0.00e+00  0.00e+00  0.00e+00  0.00e+00  0.00e+00  0.00e+00  0.00e+00  0.00e+00  0.00e+00  0.00e+00  0.00e+00  0.00e+00  0.00e+00  0.00e+00  0.00e+00  0.00e+00  0.00e+00 
4.02e+10 9.48e+08 4.64e+10 1.09e+09   16    2     -1        0  6.59e+05  5.08e+07  6.68e+05  0.00e+00  0.00e+00  0.00e+00  0.00e+00  0.00e+00  0.00e+00  0.00e+00  0.00e+00  0.00e+00  0.00e+00  0.00e+00  0.00e+00  0.00e+00  0.00e+00  0.00e+00  0.00e+00  0.00e+00  0.00e+00 
4.02e+10 1.24e+09 4.64e+10 1.43e+09   16    3     -1        0  6.58e+05  5.06e+07  6.72e+05  0.00e+00  0.00e+00  0.00e+00  0.00e+00  0.00e+00  0.00e+00  0.00e+00  0.00e+00  0.00e+00  0.00e+00  0.00e+00  0.00e+00  0.00e+00  0.00e+00  0.00e+00  0.00e+00  0.00e+00  0.00e+00 
4.02e+10 1.62e+09 4.64e+10 1.87e+09   16    4     -1        0  6.57e+05  5.03e+07  6.78e+05  0.00e+00  0.00e+00  0.00e+00  0.00e+00  0.00e+00  0.00e+00  0.00e+00  0.00e+00  0.00e+00  0.00e+00  0.00e+00  0.00e+00  0.00e+00  0.00e+00  0.00e+00  0.00e+00  0.00e+00  0.00e+00 
4.02e+10 2.12e+09 4.64e+10 2.44e+09   16    5     -1        0  6.56e+05  5.00e+07  6.85e+05  0.00e+00  0.00e+00  0.00e+00  0.00e+00  0.00e+00  0.00e+00  0.00e+00  0.00e+00  0.00e+00  0.00e+00  0.00e+00  0.00e+00  0.00e+00  0.00e+00  0.00e+00  0.00e+00  0.00e+00  0.00e+00 
4.02e+10 2.77e+09 4.64e+10 3.19e+09   16    6     -1        0  6.54e+05  4.97e+07  6.94e+05  0.00e+00  0.00e+00  0.00e+00  0.00e+00  0.00e+00  0.00e+00  0.00e+00  0.00e+00  0.00e+00  0.00e+00  0.00e+00  0.00e+00  0.00e+00  0.00e+00  0.00e+00  0.00e+00  0.00e+00  0.00e+00 
4.02e+10 3.62e+09 4.64e+10 4.17e+09   16    7     -1        0  6.53e+05  4.92e+07  7.05e+05  0.00e+00  0.00e+00  0.00e+00  0.00e+00  0.00e+00  0.00e+00  0.00e+00  0.00e+00  0.00e+00  0.00e+00  0.00e+00  0.00e+00  0.00e+00  0.00e+00  0.00e+00  0.00e+00  0.00e+00  0.00e+00 
4.02e+10 4.73e+09 4.64e+10 5.45e+09   16    8     -1        0  6.50e+05  4.86e+07  7.21e+05  0.00e+00  0.00e+00  0.00e+00  0.00e+00  0.00e+00  0.00e+00  0.00e+00  0.00e+00  0.00e+00  0.00e+00  0.00e+00  0.00e+00  0.00e+00  0.00e+00  0.00e+00  0.00e+00  0.00e+00  0.00e+00 
4.02e+10 6.18e+09 4.64e+10 7.12e+09   16    9     -1        0  6.49e+05  4.78e+07  7.42e+05  0.00e+00  0.00e+00  0.00e+00  0.00e+00  0.00e+00  0.00e+00  0.00e+00  0.00e+00  0.00e+00  0.00e+00  0.00e+00  0.00e+00  0.00e+00  0.00e+00  0.00e+00  0.00e+00  0.00e+00  0.00e+00 
4.02e+10 8.07e+09 4.64e+10 9.31e+09   16   10     -1        0  6.49e+05  4.68e+07  7.73e+05  0.00e+00  0.00e+00  0.00e+00  0.00e+00  0.00e+00  0.00e+00  0.00e+00  0.00e+00  0.00e+00  0.00e+00  0.00e+00  0.00e+00  0.00e+00  0.00e+00  0.00e+00  0.00e+00  0.00e+00  0.00e+00 
4.02e+10 1.05e+10 4.64e+10 1.22e+10   16   11     -1        0  6.56e+05  4.57e+07  8.23e+05  0.00e+00  0.00e+00  0.00e+00  0.00e+00  0.00e+00  0.00e+00  0.00e+00  0.00e+00  0.00e+00  0.00e+00  0.00e+00  0.00e+00  0.00e+00  0.00e+00  0.00e+00  0.00e+00  0.00e+00  0.00e+00 
4.02e+10 1.38e+10 4.64e+10 1.59e+10   16   12     -1        0  6.82e+05  4.43e+07  9.09e+05  0.00e+00  0.00e+00  0.00e+00  0.00e+00  0.00e+00  0.00e+00  0.00e+00  0.00e+00  0.00e+00  0.00e+00  0.00e+00  0.00e+00  0.00e+00  0.00e+00  0.00e+00  0.00e+00  0.00e+00  0.00e+00 
4.02e+10 1.80e+10 4.64e+10 2.08e+10   16   13     -1        0  7.48e+05  4.26e+07  1.08e+06  0.00e+00  0.00e+00  0.00e+00  0.00e+00  0.00e+00  0.00e+00  0.00e+00  0.00e+00  0.00e+00  0.00e+00  0.00e+00  0.00e+00  0.00e+00  0.00e+00  0.00e+00  0.00e+00  0.00e+00  0.00e+00 
4.02e+10 2.36e+10 4.64e+10 2.72e+10   16   14     -1        0  8.96e+05  4.07e+07  1.41e+06  0.00e+00  0.00e+00  0.00e+00  0.00e+00  0.00e+00  0.00e+00  0.00e+00  0.00e+00  0.00e+00  0.00e+00  0.00e+00  0.00e+00  0.00e+00  0.00e+00  0.00e+00  0.00e+00  0.00e+00  0.00e+00 
4.02e+10 3.08e+10 4.64e+10 3.55e+10   16   15      1        0  1.20e+06  3.86e+07  2.11e+06  5.08e+30  0.00e+00  5.10e-18  4.29e+03  4.45e+04  0.00e+00  0.00e+00  0.00e+00  0.00e+00  0.00e+00 -1.17e+20  7.18e+18 -5.09e+19       inf       inf  6.88e+05  0.00e+00  3.29e+05 
4.02e+10 4.02e+10 4.64e+10 4.64e+10   16   16      1        2  1.76e+06  3.62e+07  3.51e+06  4.40e+31  0.00e+00  5.10e-18  4.11e+03  4.35e+04  0.00e+00  0.00e+00  0.00e+00  0.00e+00  0.00e+00 -4.45e+20 -5.57e+19 -3.99e+20       inf       inf  1.26e+06  0.00e+00  5.77e+05 
4.02e+10 5.26e+10 4.64e+10 6.07e+10   16   17      1        0  2.72e+06  3.37e+07  6.25e+06  1.13e+32  0.00e+00  5.10e-18  1.75e+03  4.22e+04  0.00e+00  0.00e+00  0.00e+00  0.00e+00  0.00e+00 -5.14e+20  1.15e+20 -7.27e+20       inf       inf  1.45e+06  0.00e+00  6.33e+05 
4.02e+10 6.87e+10 4.64e+10 7.93e+10   16   18      0        0  4.21e+06  3.11e+07  1.14e+07  1.52e+32  5.70e-14  2.73e+10  1.38e+04  3.99e+04  2.85e-07  6.65e-01  9.94e-01  1.00e-20  1.00e-20 -5.55e+20 -1.56e+20 -1.10e+21  1.65e+01  2.10e+02  1.11e+06  0.00e+00  4.38e+05 
4.02e+10 8.98e+10 4.64e+10 1.04e+11   16   19      0        0  6.32e+06  2.85e+07  2.04e+07  1.99e+32  3.82e-14  1.80e+10  1.35e+04  3.68e+04  3.82e-07  8.83e-01  9.92e-01  1.00e-20  1.00e-20 -4.75e+20 -5.62e+19 -1.21e+21  1.17e+01  1.49e+02  6.76e+05  0.00e+00  2.24e+05 
4.02e+10 1.17e+11 4.64e+10 1.35e+11   16   20      0        0  9.00e+06  2.59e+07  3.52e+07  2.60e+32  2.70e-14  1.26e+10  1.31e+04  3.33e+04  6.29e-07  9.58e-01  9.87e-01  1.00e-20  1.00e-20 -3.27e+20  9.34e+19 -7.20e+20  6.82e+00  8.53e+01  3.73e+05  0.00e+00  9.66e+04 
4.02e+10 1.53e+11 4.64e+10 1.77e+11   16   21      0        0  1.20e+07  2.33e+07  5.79e+07  3.40e+32  2.00e-14  9.34e+09  1.27e+04  3.04e+04  1.20e-06  9.94e-01  9.73e-01  1.00e-20  1.00e-20 -4.09e+19 -1.07e+20 -6.89e+20  3.51e+00  4.55e+01  1.97e+05  0.00e+00  3.79e+04 
4.02e+10 2.01e+11 4.64e+10 2.31e+11   16   22      0        0  1.51e+07  2.09e+07  9.05e+07  4.44e+32  1.57e-14  7.31e+09  1.23e+04  2.82e+04  2.43e-06  9.99e-01  9.48e-01  1.00e-20  1.00e-20 -1.93e+19  1.03e+19 -2.48e+20  1.74e+00  2.19e+01  1.03e+05  0.00e+00  1.50e+04 
4.02e+10 2.62e+11 4.64e+10 3.02e+11   16   23      0        0  1.79e+07  1.87e+07  1.34e+08  5.80e+32  1.29e-14  5.99e+09  1.21e+04  2.64e+04  5.43e-06  1.00e+00  8.89e-01  1.00e-20  1.00e-20 -1.17e+18  2.68e+19 -2.67e+20  8.17e-01  8.85e+00  5.34e+04  0.00e+00  6.11e+03 
4.02e+10 3.43e+11 4.64e+10 3.95e+11   16   24      0        0  2.00e+07  1.66e+07  1.91e+08  7.58e+32  1.09e-14  5.09e+09  1.21e+04  2.46e+04  1.27e-05  1.00e+00  6.94e-01  1.00e-20  1.00e-20  2.31e+19  3.06e+19 -7.18e+19  3.64e-01  4.10e+00  2.72e+04  0.00e+00  2.45e+03 
4.02e+10 4.48e+11 4.64e+10 5.17e+11   16   25      0        0  2.14e+07  1.47e+07  2.59e+08  9.91e+32  9.52e-15  4.43e+09  1.24e+04  2.27e+04  3.23e-05  1.00e+00  6.92e-01  1.00e-20  1.00e-20 -1.41e+19 -2.06e+19 -2.50e+19  1.48e-01  1.59e+00  1.40e+04  0.00e+00  1.03e+03 
4.02e+10 5.85e+11 4.64e+10 6.75e+11   16   26      0        0  2.19e+07  1.30e+07  3.41e+08  1.30e+33  8.36e-15  3.89e+09  1.25e+04  2.09e+04  9.47e-05  1.00e+00  4.21e-01  1.00e-20  1.00e-20  1.24e+19  9.91e+18  2.47e+19  5.17e-02  7.19e-01  7.29e+03  0.00e+00  4.05e+02 
4.02e+10 7.65e+11 4.64e+10 8.83e+11   16   27      1        2  2.17e+07  1.14e+07  4.35e+08  1.68e+33  0.00e+00  5.46e-18  4.38e+01  1.96e+04  0.00e+00  0.00e+00  0.00e+00  0.00e+00  0.00e+00 -5.42e+18 -5.05e+18 -4.40e+19       inf       inf  3.72e+03  0.00e+00  1.58e+02 
4.02e+10 1.00e+12 4.64e+10 1.15e+12   16   28     -1        0  2.10e+07  1.01e+07  5.42e+08  0.00e+00  0.00e+00  0.00e+00  0.00e+00  0.00e+00  0.00e+00  0.00e+00  0.00e+00  0.00e+00  0.00e+00  0.00e+00  0.00e+00  0.00e+00  0.00e+00  0.00e+00  0.00e+00  0.00e+00  0.00e+00 
4.02e+10 1.31e+12 4.64e+10 1.51e+12   16   29     -1        0  1.98e+07  8.84e+06  6.62e+08  0.00e+00  0.00e+00  0.00e+00  0.00e+00  0.00e+00  0.00e+00  0.00e+00  0.00e+00  0.00e+00  0.00e+00  0.00e+00  0.00e+00  0.00e+00  0.00e+00  0.00e+00  0.00e+00  0.00e+00  0.00e+00 
5.26e+10 0.00e+00 6.07e+10 3.63e+08   17    0     -1        0  6.72e+05  4.49e+07  5.10e+05  0.00e+00  0.00e+00  0.00e+00  0.00e+00  0.00e+00  0.00e+00  0.00e+00  0.00e+00  0.00e+00  0.00e+00  0.00e+00  0.00e+00  0.00e+00  0.00e+00  0.00e+00  0.00e+00  0.00e+00  0.00e+00 
5.26e+10 7.25e+08 6.07e+10 8.37e+08   17    1     -1        0  6.72e+05  4.45e+07  5.19e+05  0.00e+00  0.00e+00  0.00e+00  0.00e+00  0.00e+00  0.00e+00  0.00e+00  0.00e+00  0.00e+00  0.00e+00  0.00e+00  0.00e+00  0.00e+00  0.00e+00  0.00e+00  0.00e+00  0.00e+00  0.00e+00 
5.26e+10 9.48e+08 6.07e+10 1.09e+09   17    2     -1        0  6.72e+05  4.44e+07  5.22e+05  0.00e+00  0.00e+00  0.00e+00  0.00e+00  0.00e+00  0.00e+00  0.00e+00  0.00e+00  0.00e+00  0.00e+00  0.00e+00  0.00e+00  0.00e+00  0.00e+00  0.00e+00  0.00e+00  0.00e+00  0.00e+00 
5.26e+10 1.24e+09 6.07e+10 1.43e+09   17    3     -1        0  6.72e+05  4.42e+07  5.25e+05  0.00e+00  0.00e+00  0.00e+00  0.00e+00  0.00e+00  0.00e+00  0.00e+00  0.00e+00  0.00e+00  0.00e+00  0.00e+00  0.00e+00  0.00e+00  0.00e+00  0.00e+00  0.00e+00  0.00e+00  0.00e+00 
5.26e+10 1.62e+09 6.07e+10 1.87e+09   17    4     -1        0  6.72e+05  4.40e+07  5.30e+05  0.00e+00  0.00e+00  0.00e+00  0.00e+00  0.00e+00  0.00e+00  0.00e+00  0.00e+00  0.00e+00  0.00e+00  0.00e+00  0.00e+00  0.00e+00  0.00e+00  0.00e+00  0.00e+00  0.00e+00  0.00e+00 
5.26e+10 2.12e+09 6.07e+10 2.44e+09   17    5     -1        0  6.72e+05  4.38e+07  5.37e+05  0.00e+00  0.00e+00  0.00e+00  0.00e+00  0.00e+00  0.00e+00  0.00e+00  0.00e+00  0.00e+00  0.00e+00  0.00e+00  0.00e+00  0.00e+00  0.00e+00  0.00e+00  0.00e+00  0.00e+00  0.00e+00 
5.26e+10 2.77e+09 6.07e+10 3.19e+09   17    6     -1        0  6.72e+05  4.34e+07  5.45e+05  0.00e+00  0.00e+00  0.00e+00  0.00e+00  0.00e+00  0.00e+00  0.00e+00  0.00e+00  0.00e+00  0.00e+00  0.00e+00  0.00e+00  0.00e+00  0.00e+00  0.00e+00  0.00e+00  0.00e+00  0.00e+00 
5.26e+10 3.62e+09 6.07e+10 4.17e+09   17    7     -1        0  6.72e+05  4.30e+07  5.56e+05  0.00e+00  0.00e+00  0.00e+00  0.00e+00  0.00e+00  0.00e+00  0.00e+00  0.00e+00  0.00e+00  0.00e+00  0.00e+00  0.00e+00  0.00e+00  0.00e+00  0.00e+00  0.00e+00  0.00e+00  0.00e+00 
5.26e+10 4.73e+09 6.07e+10 5.45e+09   17    8     -1        0  6.72e+05  4.25e+07  5.70e+05  0.00e+00  0.00e+00  0.00e+00  0.00e+00  0.00e+00  0.00e+00  0.00e+00  0.00e+00  0.00e+00  0.00e+00  0.00e+00  0.00e+00  0.00e+00  0.00e+00  0.00e+00  0.00e+00  0.00e+00  0.00e+00 
5.26e+10 6.18e+09 6.07e+10 7.12e+09   17    9     -1        0  6.75e+05  4.18e+07  5.91e+05  0.00e+00  0.00e+00  0.00e+00  0.00e+00  0.00e+00  0.00e+00  0.00e+00  0.00e+00  0.00e+00  0.00e+00  0.00e+00  0.00e+00  0.00e+00  0.00e+00  0.00e+00  0.00e+00  0.00e+00  0.00e+00 
5.26e+10 8.07e+09 6.07e+10 9.31e+09   17   10     -1        0  6.82e+05  4.10e+07  6.22e+05  0.00e+00  0.00e+00  0.00e+00  0.00e+00  0.00e+00  0.00e+00  0.00e+00  0.00e+00  0.00e+00  0.00e+00  0.00e+00  0.00e+00  0.00e+00  0.00e+00  0.00e+00  0.00e+00  0.00e+00  0.00e+00 
5.26e+10 1.05e+10 6.07e+10 1.22e+10   17   11     -1        0  7.02e+05  3.99e+07  6.73e+05  0.00e+00  0.00e+00  0.00e+00  0.00e+00  0.00e+00  0.00e+00  0.00e+00  0.00e+00  0.00e+00  0.00e+00  0.00e+00  0.00e+00  0.00e+00  0.00e+00  0.00e+00  0.00e+00  0.00e+00  0.00e+00 
5.26e+10 1.38e+10 6.07e+10 1.59e+10   17   12     -1        0  7.50e+05  3.87e+07  7.65e+05  0.00e+00  0.00e+00  0.00e+00  0.00e+00  0.00e+00  0.00e+00  0.00e+00  0.00e+00  0.00e+00  0.00e+00  0.00e+00  0.00e+00  0.00e+00  0.00e+00  0.00e+00  0.00e+00  0.00e+00  0.00e+00 
5.26e+10 1.80e+10 6.07e+10 2.08e+10   17   13     -1        0  8.55e+05  3.73e+07  9.41e+05  0.00e+00  0.00e+00  0.00e+00  0.00e+00  0.00e+00  0.00e+00  0.00e+00  0.00e+00  0.00e+00  0.00e+00  0.00e+00  0.00e+00  0.00e+00  0.00e+00  0.00e+00  0.00e+00  0.00e+00  0.00e+00 
5.26e+10 2.36e+10 6.07e+10 2.72e+10   17   14     -1        0  1.07e+06  3.56e+07  1.29e+06  0.00e+00  0.00e+00  0.00e+00  0.00e+00  0.00e+00  0.00e+00  0.00e+00  0.00e+00  0.00e+00  0.00e+00  0.00e+00  0.00e+00  0.00e+00  0.00e+00  0.00e+00  0.00e+00  0.00e+00  0.00e+00 
5.26e+10 3.08e+10 6.07e+10 3.55e+10   17   15     -1        0  1.47e+06  3.37e+07  1.97e+06  0.00e+00  0.00e+00  0.00e+00  0.00e+00  0.00e+00  0.00e+00  0.00e+00  0.00e+00  0.00e+00  0.00e+00  0.00e+00  0.00e+00  0.00e+00  0.00e+00  0.00e+00  0.00e+00  0.00e+00  0.00e+00 
5.26e+10 4.02e+10 6.07e+10 4.64e+10   17   16     -1        0  2.17e+06  3.17e+07  3.30e+06  0.00e+00  0.00e+00  0.00e+00  0.00e+00  0.00e+00  0.00e+00  0.00e+00  0.00e+00  0.00e+00  0.00e+00  0.00e+00  0.00e+00  0.00e+00  0.00e+00  0.00e+00  0.00e+00  0.00e+00  0.00e+00 
5.26e+10 5.26e+10 6.07e+10 6.07e+10   17   17      1        0  3.31e+06  2.95e+07  5.82e+06  2.52e+31  0.00e+00  5.10e-18  9.55e+02  4.30e+04  0.00e+00  0.00e+00  0.00e+00  0.00e+00  0.00e+00 -3.22e+19  2.38e+19 -3.54e+19       inf       inf  6.50e+05  0.00e+00  2.92e+05 
5.26e+10 6.87e+10 6.07e+10 7.93e+10   17   18      1        0  5.03e+06  2.72e+07  1.04e+07  1.87e+32  0.00e+00  5.10e-18  6.51e+02  4.19e+04  0.00e+00  0.00e+00  0.00e+00  0.00e+00  0.00e+00 -3.50e+20  1.49e+19 -3.61e+20       inf       inf  1.06e+06  0.00e+00  4.53e+05 
5.26e+10 8.98e+10 6.07e+10 1.04e+11   17   19      0        0  7.42e+06  2.49e+07  1.83e+07  3.40e+32  1.99e-14  9.55e+09  1.35e+04  3.99e+04  1.67e-07  6.34e-01  2.65e-01  1.00e-20  1.00e-20 -8.80e+20  3.01e+19 -1.36e+21  2.75e+01  3.59e+02  1.11e+06  0.00e+00  4.38e+05 
5.26e+10 1.17e+11 6.07e+10 1.35e+11   17   20      0        0  1.04e+07  2.26e+07  3.12e+07  4.44e+32  1.42e-14  6.69e+09  1.30e+04  3.68e+04  2.44e-07  8.94e-01  9.95e-01  1.00e-20  1.00e-20 -3.90e+20  1.14e+20 -9.42e+20  1.84e+01  2.28e+02  6.78e+05  0.00e+00  2.26e+05 
5.26e+10 1.53e+11 6.07e+10 1.77e+11   17   21      0        0  1.39e+07  2.04e+07  5.10e+07  5.80e+32  1.07e-14  5.10e+09  1.24e+04  3.33e+04  4.36e-07  7.95e-01  9.90e-01  1.00e-20  1.00e-20 -2.14e+20 -9.32e+19 -5.79e+20  1.02e+01  1.25e+02  3.77e+05  0.00e+00  9.89e+04 
5.26e+10 2.01e+11 6.07e+10 2.31e+11   17   22      0        0  1.73e+07  1.83e+07  7.93e+07  7.58e+32  8.52e-15  3.97e+09  1.17e+04  3.05e+04  8.93e-07  9.93e-01  9.80e-01  1.00e-20  1.00e-20  1.84e+19 -7.65e+19 -2.67e+20  4.98e+00  6.30e+01  2.00e+05  0.00e+00  3.94e+04 
5.26e+10 2.62e+11 6.07e+10 3.02e+11   17   23      0        0  2.05e+07  1.63e+07  1.18e+08  9.91e+32  7.07e-15  3.29e+09  1.12e+04  2.82e+04  1.94e-06  9.99e-01  9.55e-01  1.00e-20  1.00e-20  4.26e+19 -2.52e+19 -2.46e+20  2.35e+00  2.84e+01  1.05e+05  0.00e+00  1.58e+04 
5.26e+10 3.43e+11 6.07e+10 3.95e+11   17   24      0        0  2.29e+07  1.45e+07  1.67e+08  1.30e+33  6.10e-15  2.84e+09  1.09e+04  2.63e+04  4.49e-06  1.00e+00  8.93e-01  1.00e-20  1.00e-20  1.34e+19  1.53e+19 -1.58e+20  1.06e+00  1.21e+01  5.39e+04  0.00e+00  6.44e+03 
5.26e+10 4.48e+11 6.07e+10 5.17e+11   17   25      0        0  2.44e+07  1.28e+07  2.27e+08  1.69e+33  5.42e-15  2.52e+09  1.09e+04  2.47e+04  1.08e-05  1.00e+00  7.78e-01  1.00e-20  1.00e-20 -4.07e+19 -1.77e+19 -1.26e+20  4.60e-01  3.76e+00  2.75e+04  0.00e+00  2.59e+03 
5.26e+10 5.85e+11 6.07e+10 6.75e+11   17   26      0        0  2.50e+07  1.13e+07  2.98e+08  2.21e+33  4.89e-15  2.28e+09  1.10e+04  2.27e+04  2.92e-05  9.69e-01  6.12e-01  1.00e-20  1.00e-20 -2.00e+19 -1.91e+19 -8.26e+19  1.75e-01  1.85e+00  1.41e+04  0.00e+00  1.04e+03 
5.26e+10 7.65e+11 6.07e+10 8.83e+11   17   27      1        2  2.48e+07  1.00e+07  3.80e+08  2.87e+33  0.00e+00  5.46e-18  2.70e+01  2.11e+04  0.00e+00  0.00e+00  0.00e+00  0.00e+00  0.00e+00  0.00e+00  0.00e+00  0.00e+00       inf       inf  7.11e+03  0.00e+00  3.93e+02 
5.26e+10 1.00e+12 6.07e+10 1.15e+12   17   28     -1        0  2.40e+07  8.80e+06  4.74e+08  0.00e+00  0.00e+00  0.00e+00  0.00e+00  0.00e+00  0.00e+00  0.00e+00  0.00e+00  0.00e+00  0.00e+00  0.00e+00  0.00e+00  0.00e+00  0.00e+00  0.00e+00  0.00e+00  0.00e+00  0.00e+00 
5.26e+10 1.31e+12 6.07e+10 1.51e+12   17   29     -1        0  2.26e+07  7.73e+06  5.79e+08  0.00e+00  0.00e+00  0.00e+00  0.00e+00  0.00e+00  0.00e+00  0.00e+00  0.00e+00  0.00e+00  0.00e+00  0.00e+00  0.00e+00  0.00e+00  0.00e+00  0.00e+00  0.00e+00  0.00e+00  0.00e+00 
6.87e+10 0.00e+00 7.93e+10 3.63e+08   18    0     -1        0  6.61e+05  3.93e+07  3.84e+05  0.00e+00  0.00e+00  0.00e+00  0.00e+00  0.00e+00  0.00e+00  0.00e+00  0.00e+00  0.00e+00  0.00e+00  0.00e+00  0.00e+00  0.00e+00  0.00e+00  0.00e+00  0.00e+00  0.00e+00  0.00e+00 
6.87e+10 7.25e+08 7.93e+10 8.37e+08   18    1     -1        0  6.63e+05  3.89e+07  3.91e+05  0.00e+00  0.00e+00  0.00e+00  0.00e+00  0.00e+00  0.00e+00  0.00e+00  0.00e+00  0.00e+00  0.00e+00  0.00e+00  0.00e+00  0.00e+00  0.00e+00  0.00e+00  0.00e+00  0.00e+00  0.00e+00 
6.87e+10 9.48e+08 7.93e+10 1.09e+09   18    2     -1        0  6.63e+05  3.88e+07  3.94e+05  0.00e+00  0.00e+00  0.00e+00  0.00e+00  0.00e+00  0.00e+00  0.00e+00  0.00e+00  0.00e+00  0.00e+00  0.00e+00  0.00e+00  0.00e+00  0.00e+00  0.00e+00  0.00e+00  0.00e+00  0.00e+00 
6.87e+10 1.24e+09 7.93e+10 1.43e+09   18    3     -1        0  6.64e+05  3.87e+07  3.97e+05  0.00e+00  0.00e+00  0.00e+00  0.00e+00  0.00e+00  0.00e+00  0.00e+00  0.00e+00  0.00e+00  0.00e+00  0.00e+00  0.00e+00  0.00e+00  0.00e+00  0.00e+00  0.00e+00  0.00e+00  0.00e+00 
6.87e+10 1.62e+09 7.93e+10 1.87e+09   18    4     -1        0  6.64e+05  3.85e+07  4.01e+05  0.00e+00  0.00e+00  0.00e+00  0.00e+00  0.00e+00  0.00e+00  0.00e+00  0.00e+00  0.00e+00  0.00e+00  0.00e+00  0.00e+00  0.00e+00  0.00e+00  0.00e+00  0.00e+00  0.00e+00  0.00e+00 
6.87e+10 2.12e+09 7.93e+10 2.44e+09   18    5     -1        0  6.65e+05  3.83e+07  4.06e+05  0.00e+00  0.00e+00  0.00e+00  0.00e+00  0.00e+00  0.00e+00  0.00e+00  0.00e+00  0.00e+00  0.00e+00  0.00e+00  0.00e+00  0.00e+00  0.00e+00  0.00e+00  0.00e+00  0.00e+00  0.00e+00 
6.87e+10 2.77e+09 7.93e+10 3.19e+09   18    6     -1        0  6.66e+05  3.80e+07  4.13e+05  0.00e+00  0.00e+00  0.00e+00  0.00e+00  0.00e+00  0.00e+00  0.00e+00  0.00e+00  0.00e+00  0.00e+00  0.00e+00  0.00e+00  0.00e+00  0.00e+00  0.00e+00  0.00e+00  0.00e+00  0.00e+00 
6.87e+10 3.62e+09 7.93e+10 4.17e+09   18    7     -1        0  6.68e+05  3.76e+07  4.23e+05  0.00e+00  0.00e+00  0.00e+00  0.00e+00  0.00e+00  0.00e+00  0.00e+00  0.00e+00  0.00e+00  0.00e+00  0.00e+00  0.00e+00  0.00e+00  0.00e+00  0.00e+00  0.00e+00  0.00e+00  0.00e+00 
6.87e+10 4.73e+09 7.93e+10 5.45e+09   18    8     -1        0  6.72e+05  3.72e+07  4.36e+05  0.00e+00  0.00e+00  0.00e+00  0.00e+00  0.00e+00  0.00e+00  0.00e+00  0.00e+00  0.00e+00  0.00e+00  0.00e+00  0.00e+00  0.00e+00  0.00e+00  0.00e+00  0.00e+00  0.00e+00  0.00e+00 
6.87e+10 6.18e+09 7.93e+10 7.12e+09   18    9     -1        0  6.81e+05  3.66e+07  4.56e+05  0.00e+00  0.00e+00  0.00e+00  0.00e+00  0.00e+00  0.00e+00  0.00e+00  0.00e+00  0.00e+00  0.00e+00  0.00e+00  0.00e+00  0.00e+00  0.00e+00  0.00e+00  0.00e+00  0.00e+00  0.00e+00 
6.87e+10 8.07e+09 7.93e+10 9.31e+09   18   10     -1        0  6.99e+05  3.58e+07  4.88e+05  0.00e+00  0.00e+00  0.00e+00  0.00e+00  0.00e+00  0.00e+00  0.00e+00  0.00e+00  0.00e+00  0.00e+00  0.00e+00  0.00e+00  0.00e+00  0.00e+00  0.00e+00  0.00e+00  0.00e+00  0.00e+00 
6.87e+10 1.05e+10 7.93e+10 1.22e+10   18   11     -1        0  7.39e+05  3.49e+07  5.43e+05  0.00e+00  0.00e+00  0.00e+00  0.00e+00  0.00e+00  0.00e+00  0.00e+00  0.00e+00  0.00e+00  0.00e+00  0.00e+00  0.00e+00  0.00e+00  0.00e+00  0.00e+00  0.00e+00  0.00e+00  0.00e+00 
6.87e+10 1.38e+10 7.93e+10 1.59e+10   18   12     -1        0  8.24e+05  3.39e+07  6.44e+05  0.00e+00  0.00e+00  0.00e+00  0.00e+00  0.00e+00  0.00e+00  0.00e+00  0.00e+00  0.00e+00  0.00e+00  0.00e+00  0.00e+00  0.00e+00  0.00e+00  0.00e+00  0.00e+00  0.00e+00  0.00e+00 
6.87e+10 1.80e+10 7.93e+10 2.08e+10   18   13     -1        0  9.93e+05  3.26e+07  8.36e+05  0.00e+00  0.00e+00  0.00e+00  0.00e+00  0.00e+00  0.00e+00  0.00e+00  0.00e+00  0.00e+00  0.00e+00  0.00e+00  0.00e+00  0.00e+00  0.00e+00  0.00e+00  0.00e+00  0.00e+00  0.00e+00 
6.87e+10 2.36e+10 7.93e+10 2.72e+10   18   14     -1        0  1.31e+06  3.12e+07  1.21e+06  0.00e+00  0.00e+00  0.00e+00  0.00e+00  0.00e+00  0.00e+00  0.00e+00  0.00e+00  0.00e+00  0.00e+00  0.00e+00  0.00e+00  0.00e+00  0.00e+00  0.00e+00  0.00e+00  0.00e+00  0.00e+00 
6.87e+10 3.08e+10 7.93e+10 3.55e+10   18   15     -1        0  1.85e+06  2.95e+07  1.91e+06  0.00e+00  0.00e+00  0.00e+00  0.00e+00  0.00e+00  0.00e+00  0.00e+00  0.00e+00  0.00e+00  0.00e+00  0.00e+00  0.00e+00  0.00e+00  0.00e+00  0.00e+00  0.00e+00  0.00e+00  0.00e+00 
6.87e+10 4.02e+10 7.93e+10 4.64e+10   18   16     -1        0  2.75e+06  2.77e+07  3.21e+06  0.00e+00  0.00e+00  0.00e+00  0.00e+00  0.00e+00  0.00e+00  0.00e+00  0.00e+00  0.00e+00  0.00e+00  0.00e+00  0.00e+00  0.00e+00  0.00e+00  0.00e+00  0.00e+00  0.00e+00  0.00e+00 
6.87e+10 5.26e+10 7.93e+10 6.07e+10   18   17     -1        0  4.13e+06  2.58e+07  5.56e+06  0.00e+00  0.00e+00  0.00e+00  0.00e+00  0.00e+00  0.00e+00  0.00e+00  0.00e+00  0.00e+00  0.00e+00  0.00e+00  0.00e+00  0.00e+00  0.00e+00  0.00e+00  0.00e+00  0.00e+00  0.00e+00 
6.87e+10 6.87e+10 7.93e+10 7.93e+10   18   18      1        1  6.13e+06  2.38e+07  9.68e+06  2.85e+30  0.00e+00  5.10e-18  5.00e+02  4.23e+04  0.00e+00  0.00e+00  0.00e+00  0.00e+00  0.00e+00 -9.41e+18 -4.00e+17 -1.22e+18       inf       inf  1.29e+05  0.00e+00  5.65e+04 
6.87e+10 8.98e+10 7.93e+10 1.04e+11   18   19      1        0  8.82e+06  2.18e+07  1.67e+07  2.31e+32  0.00e+00  5.10e-18  3.74e+02  4.15e+04  0.00e+00  0.00e+00  0.00e+00  0.00e+00  0.00e+00 -2.52e+20 -1.33e+19 -4.04e+20       inf       inf  7.60e+05  0.00e+00  3.18e+05 
6.87e+10 1.17e+11 7.93e+10 1.35e+11   18   20      1        0  1.22e+07  1.98e+07  2.79e+07  7.40e+32  0.00e+00  5.10e-18  2.02e+02  3.98e+04  0.00e+00  0.00e+00  0.00e+00  0.00e+00  0.00e+00 -3.81e+20  7.28e+19 -5.88e+20       inf       inf  9.72e+05  0.00e+00  3.78e+05 
6.87e+10 1.53e+11 7.93e+10 1.77e+11   18   21      0        0  1.60e+07  1.78e+07  4.50e+07  9.91e+32  5.70e-15  2.68e+09  1.18e+04  3.67e+04  1.76e-07  8.94e-01  9.96e-01  1.00e-20  1.00e-20 -3.70e+20  4.16e+19 -6.73e+20  2.69e+01  3.40e+02  6.80e+05  0.00e+00  2.27e+05 
6.87e+10 2.01e+11 7.93e+10 2.31e+11   18   22      0        0  1.99e+07  1.60e+07  6.96e+07  1.30e+33  4.58e-15  2.14e+09  1.08e+04  3.33e+04  3.43e-07  9.75e-01  9.92e-01  1.00e-20  1.00e-20 -1.38e+20  5.68e+19 -4.16e+20  1.41e+01  1.76e+02  3.79e+05  0.00e+00  1.00e+05 
6.87e+10 2.62e+11 7.93e+10 3.02e+11   18   23      0        0  2.34e+07  1.43e+07  1.03e+08  1.69e+33  3.84e-15  1.79e+09  9.97e+03  3.04e+04  7.58e-07  9.97e-01  9.82e-01  1.00e-20  1.00e-20 -3.42e+19  6.98e+19 -3.89e+20  6.61e+00  8.14e+01  2.03e+05  0.00e+00  4.07e+04 
6.87e+10 3.43e+11 7.93e+10 3.95e+11   18   24      0        0  2.62e+07  1.27e+07  1.46e+08  2.21e+33  3.35e-15  1.56e+09  9.40e+03  2.82e+04  1.74e-06  1.00e+00  9.56e-01  1.00e-20  1.00e-20 -9.37e+18  1.18e+19 -1.49e+20  2.98e+00  3.63e+01  1.06e+05  0.00e+00  1.63e+04 
6.87e+10 4.48e+11 7.93e+10 5.17e+11   18   25      0        0  2.79e+07  1.12e+07  1.98e+08  2.89e+33  3.02e-15  1.41e+09  9.06e+03  2.63e+04  4.19e-06  1.00e+00  8.94e-01  1.00e-20  1.00e-20  4.01e+19  1.36e+19 -8.18e+19  1.29e+00  1.73e+01  5.43e+04  0.00e+00  6.64e+03 
6.87e+10 5.85e+11 7.93e+10 6.75e+11   18   26      0        0  2.86e+07  9.92e+06  2.60e+08  3.78e+33  2.78e-15  1.30e+09  9.10e+03  2.46e+04  1.03e-05  9.58e-01  7.31e-01  1.00e-20  1.00e-20 -2.39e+18 -3.31e+19 -7.52e+19  5.44e-01  7.74e+00  2.76e+04  0.00e+00  2.67e+03 
6.87e+10 7.65e+11 7.93e+10 8.83e+11   18   27      1        2  2.84e+07  8.75e+06  3.32e+08  4.87e+33  0.00e+00  5.46e-18  2.97e+01  2.26e+04  0.00e+00  0.00e+00  0.00e+00  0.00e+00  0.00e+00  2.87e+18 -1.19e+19 -3.32e+19       inf       inf  1.39e+04  0.00e+00  1.05e+03 
6.87e+10 1.00e+12 7.93e+10 1.15e+12   18   28     -1        0  2.74e+07  7.70e+06  4.14e+08  0.00e+00  0.00e+00  0.00e+00  0.00e+00  0.00e+00  0.00e+00  0.00e+00  0.00e+00  0.00e+00  0.00e+00  0.00e+00  0.00e+00  0.00e+00  0.00e+00  0.00e+00  0.00e+00  0.00e+00  0.00e+00 
6.87e+10 1.31e+12 7.93e+10 1.51e+12   18   29     -1        0  2.59e+07  6.76e+06  5.07e+08  0.00e+00  0.00e+00  0.00e+00  0.00e+00  0.00e+00  0.00e+00  0.00e+00  0.00e+00  0.00e+00  0.00e+00  0.00e+00  0.00e+00  0.00e+00  0.00e+00  0.00e+00  0.00e+00  0.00e+00  0.00e+00 
8.98e+10 0.00e+00 1.04e+11 3.63e+08   19    0     -1        0  6.33e+05  3.44e+07  2.81e+05  0.00e+00  0.00e+00  0.00e+00  0.00e+00  0.00e+00  0.00e+00  0.00e+00  0.00e+00  0.00e+00  0.00e+00  0.00e+00  0.00e+00  0.00e+00  0.00e+00  0.00e+00  0.00e+00  0.00e+00  0.00e+00 
8.98e+10 7.25e+08 1.04e+11 8.37e+08   19    1     -1        0  6.35e+05  3.41e+07  2.87e+05  0.00e+00  0.00e+00  0.00e+00  0.00e+00  0.00e+00  0.00e+00  0.00e+00  0.00e+00  0.00e+00  0.00e+00  0.00e+00  0.00e+00  0.00e+00  0.00e+00  0.00e+00  0.00e+00  0.00e+00  0.00e+00 
8.98e+10 9.48e+08 1.04e+11 1.09e+09   19    2     -1        0  6.36e+05  3.40e+07  2.89e+05  0.00e+00  0.00e+00  0.00e+00  0.00e+00  0.00e+00  0.00e+00  0.00e+00  0.00e+00  0.00e+00  0.00e+00  0.00e+00  0.00e+00  0.00e+00  0.00e+00  0.00e+00  0.00e+00  0.00e+00  0.00e+00 
8.98e+10 1.24e+09 1.04e+11 1.43e+09   19    3     -1        0  6.37e+05  3.38e+07  2.92e+05  0.00e+00  0.00e+00  0.00e+00  0.00e+00  0.00e+00  0.00e+00  0.00e+00  0.00e+00  0.00e+00  0.00e+00  0.00e+00  0.00e+00  0.00e+00  0.00e+00  0.00e+00  0.00e+00  0.00e+00  0.00e+00 
8.98e+10 1.62e+09 1.04e+11 1.87e+09   19    4     -1        0  6.38e+05  3.37e+07  2.95e+05  0.00e+00  0.00e+00  0.00e+00  0.00e+00  0.00e+00  0.00e+00  0.00e+00  0.00e+00  0.00e+00  0.00e+00  0.00e+00  0.00e+00  0.00e+00  0.00e+00  0.00e+00  0.00e+00  0.00e+00  0.00e+00 
8.98e+10 2.12e+09 1.04e+11 2.44e+09   19    5     -1        0  6.40e+05  3.35e+07  2.99e+05  0.00e+00  0.00e+00  0.00e+00  0.00e+00  0.00e+00  0.00e+00  0.00e+00  0.00e+00  0.00e+00  0.00e+00  0.00e+00  0.00e+00  0.00e+00  0.00e+00  0.00e+00  0.00e+00  0.00e+00  0.00e+00 
8.98e+10 2.77e+09 1.04e+11 3.19e+09   19    6     -1        0  6.43e+05  3.32e+07  3.05e+05  0.00e+00  0.00e+00  0.00e+00  0.00e+00  0.00e+00  0.00e+00  0.00e+00  0.00e+00  0.00e+00  0.00e+00  0.00e+00  0.00e+00  0.00e+00  0.00e+00  0.00e+00  0.00e+00  0.00e+00  0.00e+00 
8.98e+10 3.62e+09 1.04e+11 4.17e+09   19    7     -1        0  6.47e+05  3.29e+07  3.13e+05  0.00e+00  0.00e+00  0.00e+00  0.00e+00  0.00e+00  0.00e+00  0.00e+00  0.00e+00  0.00e+00  0.00e+00  0.00e+00  0.00e+00  0.00e+00  0.00e+00  0.00e+00  0.00e+00  0.00e+00  0.00e+00 
8.98e+10 4.73e+09 1.04e+11 5.45e+09   19    8     -1        0  6.55e+05  3.25e+07  3.25e+05  0.00e+00  0.00e+00  0.00e+00  0.00e+00  0.00e+00  0.00e+00  0.00e+00  0.00e+00  0.00e+00  0.00e+00  0.00e+00  0.00e+00  0.00e+00  0.00e+00  0.00e+00  0.00e+00  0.00e+00  0.00e+00 
8.98e+10 6.18e+09 1.04e+11 7.12e+09   19    9     -1        0  6.72e+05  3.20e+07  3.45e+05  0.00e+00  0.00e+00  0.00e+00  0.00e+00  0.00e+00  0.00e+00  0.00e+00  0.00e+00  0.00e+00  0.00e+00  0.00e+00  0.00e+00  0.00e+00  0.00e+00  0.00e+00  0.00e+00  0.00e+00  0.00e+00 
8.98e+10 8.07e+09 1.04e+11 9.31e+09   19   10     -1        0  7.09e+05  3.13e+07  3.78e+05  0.00e+00  0.00e+00  0.00e+00  0.00e+00  0.00e+00  0.00e+00  0.00e+00  0.00e+00  0.00e+00  0.00e+00  0.00e+00  0.00e+00  0.00e+00  0.00e+00  0.00e+00  0.00e+00  0.00e+00  0.00e+00 
8.98e+10 1.05e+10 1.04e+11 1.22e+10   19   11     -1        0  7.83e+05  3.06e+07  4.40e+05  0.00e+00  0.00e+00  0.00e+00  0.00e+00  0.00e+00  0.00e+00  0.00e+00  0.00e+00  0.00e+00  0.00e+00  0.00e+00  0.00e+00  0.00e+00  0.00e+00  0.00e+00  0.00e+00  0.00e+00  0.00e+00 
8.98e+10 1.38e+10 1.04e+11 1.59e+10   19   12     -1        0  9.31e+05  2.96e+07  5.56e+05  0.00e+00  0.00e+00  0.00e+00  0.00e+00  0.00e+00  0.00e+00  0.00e+00  0.00e+00  0.00e+00  0.00e+00  0.00e+00  0.00e+00  0.00e+00  0.00e+00  0.00e+00  0.00e+00  0.00e+00  0.00e+00 
8.98e+10 1.80e+10 1.04e+11 2.08e+10   19   13     -1        0  1.20e+06  2.85e+07  7.76e+05  0.00e+00  0.00e+00  0.00e+00  0.00e+00  0.00e+00  0.00e+00  0.00e+00  0.00e+00  0.00e+00  0.00e+00  0.00e+00  0.00e+00  0.00e+00  0.00e+00  0.00e+00  0.00e+00  0.00e+00  0.00e+00 
8.98e+10 2.36e+10 1.04e+11 2.72e+10   19   14     -1        0  1.68e+06  2.73e+07  1.18e+06  0.00e+00  0.00e+00  0.00e+00  0.00e+00  0.00e+00  0.00e+00  0.00e+00  0.00e+00  0.00e+00  0.00e+00  0.00e+00  0.00e+00  0.00e+00  0.00e+00  0.00e+00  0.00e+00  0.00e+00  0.00e+00 
8.98e+10 3.08e+10 1.04e+11 3.55e+10   19   15     -1        0  2.44e+06  2.58e+07  1.92e+06  0.00e+00  0.00e+00  0.00e+00  0.00e+00  0.00e+00  0.00e+00  0.00e+00  0.00e+00  0.00e+00  0.00e+00  0.00e+00  0.00e+00  0.00e+00  0.00e+00  0.00e+00  0.00e+00  0.00e+00  0.00e+00 
8.98e+10 4.02e+10 1.04e+11 4.64e+10   19   16     -1        0  3.61e+06  2.42e+07  3.22e+06  0.00e+00  0.00e+00  0.00e+00  0.00e+00  0.00e+00  0.00e+00  0.00e+00  0.00e+00  0.00e+00  0.00e+00  0.00e+00  0.00e+00  0.00e+00  0.00e+00  0.00e+00  0.00e+00  0.00e+00  0.00e+00 
8.98e+10 5.26e+10 1.04e+11 6.07e+10   19   17     -1        0  5.30e+06  2.26e+07  5.46e+06  0.00e+00  0.00e+00  0.00e+00  0.00e+00  0.00e+00  0.00e+00  0.00e+00  0.00e+00  0.00e+00  0.00e+00  0.00e+00  0.00e+00  0.00e+00  0.00e+00  0.00e+00  0.00e+00  0.00e+00  0.00e+00 
8.98e+10 6.87e+10 1.04e+11 7.93e+10   19   18     -1        0  7.62e+06  2.08e+07  9.22e+06  0.00e+00  0.00e+00  0.00e+00  0.00e+00  0.00e+00  0.00e+00  0.00e+00  0.00e+00  0.00e+00  0.00e+00  0.00e+00  0.00e+00  0.00e+00  0.00e+00  0.00e+00  0.00e+00  0.00e+00  0.00e+00 
8.98e+10 8.98e+10 1.04e+11 1.04e+11   19   19     -1        0  1.07e+07  1.91e+07  1.54e+07  0.00e+00  0.00e+00  0.00e+00  0.00e+00  0.00e+00  0.00e+00  0.00e+00  0.00e+00  0.00e+00  0.00e+00  0.00e+00  0.00e+00  0.00e+00  0.00e+00  0.00e+00  0.00e+00  0.00e+00  0.00e+00 
8.98e+10 1.17e+11 1.04e+11 1.35e+11   19   20      1        0  1.44e+07  1.73e+07  2.51e+07  2.44e+32  0.00e+00  5.10e-18  1.90e+02  4.11e+04  0.00e+00  0.00e+00  0.00e+00  0.00e+00  0.00e+00 -5.23e+19 -4.37e+19 -1.29e+20       inf       inf  4.94e+05  0.00e+00  2.03e+05 
8.98e+10 1.53e+11 1.04e+11 1.77e+11   19   21      1        1  1.85e+07  1.56e+07  3.99e+07  1.49e+33  0.00e+00  5.10e-18  1.10e+02  3.96e+04  0.00e+00  0.00e+00  0.00e+00  0.00e+00  0.00e+00 -2.69e+20 -1.89e+19 -4.90e+20       inf       inf  8.04e+05  0.00e+00  3.07e+05 
8.98e+10 2.01e+11 1.04e+11 2.31e+11   19   22      0        0  2.28e+07  1.40e+07  6.11e+07  2.21e+33  2.44e-15  1.14e+09  9.43e+03  3.66e+04  1.49e-07  9.38e-01  9.97e-01  1.00e-20  1.00e-20 -2.96e+20  3.85e+19 -5.85e+20  3.67e+01  4.72e+02  6.80e+05  0.00e+00  2.27e+05 
8.98e+10 2.62e+11 1.04e+11 3.02e+11   19   23      0        0  2.67e+07  1.25e+07  8.99e+07  2.89e+33  2.07e-15  9.64e+08  8.33e+03  3.32e+04  3.16e-07  9.85e-01  9.92e-01  1.00e-20  1.00e-20 -2.54e+19  2.95e+19 -4.85e+20  1.84e+01  2.32e+02  3.81e+05  0.00e+00  1.01e+05 
8.98e+10 3.43e+11 1.04e+11 3.95e+11   19   24      0        0  2.98e+07  1.11e+07  1.27e+08  3.78e+33  1.82e-15  8.48e+08  7.60e+03  3.04e+04  7.37e-07  9.98e-01  9.80e-01  1.00e-20  1.00e-20 -2.05e+18  6.52e+18 -1.65e+20  8.24e+00  1.00e+02  2.04e+05  0.00e+00  4.12e+04 
8.98e+10 4.48e+11 1.04e+11 5.17e+11   19   25      0        0  3.18e+07  9.83e+06  1.73e+08  4.94e+33  1.66e-15  7.72e+08  7.24e+03  2.81e+04  1.72e-06  1.00e+00  9.53e-01  1.00e-20  1.00e-20 -1.06e+18  1.07e+19 -1.29e+20  3.59e+00  4.44e+01  1.06e+05  0.00e+00  1.67e+04 
8.98e+10 5.85e+11 1.04e+11 6.75e+11   19   26      0        0  3.26e+07  8.68e+06  2.27e+08  6.46e+33  1.55e-15  7.20e+08  7.16e+03  2.62e+04  4.19e-06  1.00e+00  8.79e-01  1.00e-20  1.00e-20 -2.48e+18  5.05e+18 -1.17e+20  1.51e+00  2.02e+01  5.46e+04  0.00e+00  6.74e+03 
8.98e+10 7.65e+11 1.04e+11 8.83e+11   19   27      1        2  3.24e+07  7.65e+06  2.90e+08  8.24e+33  0.00e+00  5.46e-18  2.19e+01  2.46e+04  0.00e+00  0.00e+00  0.00e+00  0.00e+00  0.00e+00  1.32e+19 -2.75e+18 -3.74e+18       inf       inf  2.75e+04  0.00e+00  2.65e+03 
8.98e+10 1.00e+12 1.04e+11 1.15e+12   19   28     -1        0  3.13e+07  6.73e+06  3.62e+08  0.00e+00  0.00e+00  0.00e+00  0.00e+00  0.00e+00  0.00e+00  0.00e+00  0.00e+00  0.00e+00  0.00e+00  0.00e+00  0.00e+00  0.00e+00  0.00e+00  0.00e+00  0.00e+00  0.00e+00  0.00e+00 
8.98e+10 1.31e+12 1.04e+11 1.51e+12   19   29     -1        0  2.95e+07  5.91e+06  4.43e+08  0.00e+00  0.00e+00  0.00e+00  0.00e+00  0.00e+00  0.00e+00  0.00e+00  0.00e+00  0.00e+00  0.00e+00  0.00e+00  0.00e+00  0.00e+00  0.00e+00  0.00e+00  0.00e+00  0.00e+00  0.00e+00 
1.17e+11 0.00e+00 1.35e+11 3.63e+08   20    0     -1        0  5.94e+05  3.01e+07  2.02e+05  0.00e+00  0.00e+00  0.00e+00  0.00e+00  0.00e+00  0.00e+00  0.00e+00  0.00e+00  0.00e+00  0.00e+00  0.00e+00  0.00e+00  0.00e+00  0.00e+00  0.00e+00  0.00e+00  0.00e+00  0.00e+00 
1.17e+11 7.25e+08 1.35e+11 8.37e+08   20    1     -1        0  5.97e+05  2.98e+07  2.06e+05  0.00e+00  0.00e+00  0.00e+00  0.00e+00  0.00e+00  0.00e+00  0.00e+00  0.00e+00  0.00e+00  0.00e+00  0.00e+00  0.00e+00  0.00e+00  0.00e+00  0.00e+00  0.00e+00  0.00e+00  0.00e+00 
1.17e+11 9.48e+08 1.35e+11 1.09e+09   20    2     -1        0  5.98e+05  2.97e+07  2.08e+05  0.00e+00  0.00e+00  0.00e+00  0.00e+00  0.00e+00  0.00e+00  0.00e+00  0.00e+00  0.00e+00  0.00e+00  0.00e+00  0.00e+00  0.00e+00  0.00e+00  0.00e+00  0.00e+00  0.00e+00  0.00e+00 
1.17e+11 1.24e+09 1.35e+11 1.43e+09   20    3     -1        0  5.99e+05  2.96e+07  2.10e+05  0.00e+00  0.00e+00  0.00e+00  0.00e+00  0.00e+00  0.00e+00  0.00e+00  0.00e+00  0.00e+00  0.00e+00  0.00e+00  0.00e+00  0.00e+00  0.00e+00  0.00e+00  0.00e+00  0.00e+00  0.00e+00 
1.17e+11 1.62e+09 1.35e+11 1.87e+09   20    4     -1        0  6.01e+05  2.95e+07  2.12e+05  0.00e+00  0.00e+00  0.00e+00  0.00e+00  0.00e+00  0.00e+00  0.00e+00  0.00e+00  0.00e+00  0.00e+00  0.00e+00  0.00e+00  0.00e+00  0.00e+00  0.00e+00  0.00e+00  0.00e+00  0.00e+00 
1.17e+11 2.12e+09 1.35e+11 2.44e+09   20    5     -1        0  6.03e+05  2.93e+07  2.16e+05  0.00e+00  0.00e+00  0.00e+00  0.00e+00  0.00e+00  0.00e+00  0.00e+00  0.00e+00  0.00e+00  0.00e+00  0.00e+00  0.00e+00  0.00e+00  0.00e+00  0.00e+00  0.00e+00  0.00e+00  0.00e+00 
1.17e+11 2.77e+09 1.35e+11 3.19e+09   20    6     -1        0  6.07e+05  2.91e+07  2.21e+05  0.00e+00  0.00e+00  0.00e+00  0.00e+00  0.00e+00  0.00e+00  0.00e+00  0.00e+00  0.00e+00  0.00e+00  0.00e+00  0.00e+00  0.00e+00  0.00e+00  0.00e+00  0.00e+00  0.00e+00  0.00e+00 
1.17e+11 3.62e+09 1.35e+11 4.17e+09   20    7     -1        0  6.15e+05  2.88e+07  2.28e+05  0.00e+00  0.00e+00  0.00e+00  0.00e+00  0.00e+00  0.00e+00  0.00e+00  0.00e+00  0.00e+00  0.00e+00  0.00e+00  0.00e+00  0.00e+00  0.00e+00  0.00e+00  0.00e+00  0.00e+00  0.00e+00 
1.17e+11 4.73e+09 1.35e+11 5.45e+09   20    8     -1        0  6.30e+05  2.84e+07  2.39e+05  0.00e+00  0.00e+00  0.00e+00  0.00e+00  0.00e+00  0.00e+00  0.00e+00  0.00e+00  0.00e+00  0.00e+00  0.00e+00  0.00e+00  0.00e+00  0.00e+00  0.00e+00  0.00e+00  0.00e+00  0.00e+00 
1.17e+11 6.18e+09 1.35e+11 7.12e+09   20    9     -1        0  6.63e+05  2.80e+07  2.60e+05  0.00e+00  0.00e+00  0.00e+00  0.00e+00  0.00e+00  0.00e+00  0.00e+00  0.00e+00  0.00e+00  0.00e+00  0.00e+00  0.00e+00  0.00e+00  0.00e+00  0.00e+00  0.00e+00  0.00e+00  0.00e+00 
1.17e+11 8.07e+09 1.35e+11 9.31e+09   20   10     -1        0  7.31e+05  2.74e+07  2.99e+05  0.00e+00  0.00e+00  0.00e+00  0.00e+00  0.00e+00  0.00e+00  0.00e+00  0.00e+00  0.00e+00  0.00e+00  0.00e+00  0.00e+00  0.00e+00  0.00e+00  0.00e+00  0.00e+00  0.00e+00  0.00e+00 
1.17e+11 1.05e+10 1.35e+11 1.22e+10   20   11     -1        0  8.67e+05  2.67e+07  3.72e+05  0.00e+00  0.00e+00  0.00e+00  0.00e+00  0.00e+00  0.00e+00  0.00e+00  0.00e+00  0.00e+00  0.00e+00  0.00e+00  0.00e+00  0.00e+00  0.00e+00  0.00e+00  0.00e+00  0.00e+00  0.00e+00 
1.17e+11 1.38e+10 1.35e+11 1.59e+10   20   12     -1        0  1.12e+06  2.59e+07  5.12e+05  0.00e+00  0.00e+00  0.00e+00  0.00e+00  0.00e+00  0.00e+00  0.00e+00  0.00e+00  0.00e+00  0.00e+00  0.00e+00  0.00e+00  0.00e+00  0.00e+00  0.00e+00  0.00e+00  0.00e+00  0.00e+00 
1.17e+11 1.80e+10 1.35e+11 2.08e+10   20   13     -1        0  1.56e+06  2.50e+07  7.71e+05  0.00e+00  0.00e+00  0.00e+00  0.00e+00  0.00e+00  0.00e+00  0.00e+00  0.00e+00  0.00e+00  0.00e+00  0.00e+00  0.00e+00  0.00e+00  0.00e+00  0.00e+00  0.00e+00  0.00e+00  0.00e+00 
1.17e+11 2.36e+10 1.35e+11 2.72e+10   20   14     -1        0  2.28e+06  2.38e+07  1.23e+06  0.00e+00  0.00e+00  0.00e+00  0.00e+00  0.00e+00  0.00e+00  0.00e+00  0.00e+00  0.00e+00  0.00e+00  0.00e+00  0.00e+00  0.00e+00  0.00e+00  0.00e+00  0.00e+00  0.00e+00  0.00e+00 
1.17e+11 3.08e+10 1.35e+11 3.55e+10   20   15     -1        0  3.35e+06  2.26e+07  2.02e+06  0.00e+00  0.00e+00  0.00e+00  0.00e+00  0.00e+00  0.00e+00  0.00e+00  0.00e+00  0.00e+00  0.00e+00  0.00e+00  0.00e+00  0.00e+00  0.00e+00  0.00e+00  0.00e+00  0.00e+00  0.00e+00 
1.17e+11 4.02e+10 1.35e+11 4.64e+10   20   16     -1        0  4.89e+06  2.12e+07  3.34e+06  0.00e+00  0.00e+00  0.00e+00  0.00e+00  0.00e+00  0.00e+00  0.00e+00  0.00e+00  0.00e+00  0.00e+00  0.00e+00  0.00e+00  0.00e+00  0.00e+00  0.00e+00  0.00e+00  0.00e+00  0.00e+00 
1.17e+11 5.26e+10 1.35e+11 6.07e+10   20   17     -1        0  6.97e+06  1.97e+07  5.49e+06  0.00e+00  0.00e+00  0.00e+00  0.00e+00  0.00e+00  0.00e+00  0.00e+00  0.00e+00  0.00e+00  0.00e+00  0.00e+00  0.00e+00  0.00e+00  0.00e+00  0.00e+00  0.00e+00  0.00e+00  0.00e+00 
1.17e+11 6.87e+10 1.35e+11 7.93e+10   20   18     -1        0  9.67e+06  1.82e+07  8.94e+06  0.00e+00  0.00e+00  0.00e+00  0.00e+00  0.00e+00  0.00e+00  0.00e+00  0.00e+00  0.00e+00  0.00e+00  0.00e+00  0.00e+00  0.00e+00  0.00e+00  0.00e+00  0.00e+00  0.00e+00  0.00e+00 
1.17e+11 8.98e+10 1.35e+11 1.04e+11   20   19     -1        0  1.30e+07  1.67e+07  1.44e+07  0.00e+00  0.00e+00  0.00e+00  0.00e+00  0.00e+00  0.00e+00  0.00e+00  0.00e+00  0.00e+00  0.00e+00  0.00e+00  0.00e+00  0.00e+00  0.00e+00  0.00e+00  0.00e+00  0.00e+00  0.00e+00 
1.17e+11 1.17e+11 1.35e+11 1.35e+11   20   20     -1        0  1.71e+07  1.51e+07  2.29e+07  0.00e+00  0.00e+00  0.00e+00  0.00e+00  0.00e+00  0.00e+00  0.00e+00  0.00e+00  0.00e+00  0.00e+00  0.00e+00  0.00e+00  0.00e+00  0.00e+00  0.00e+00  0.00e+00  0.00e+00  0.00e+00 
1.17e+11 1.53e+11 1.35e+11 1.77e+11   20   21      1        0  2.16e+07  1.37e+07  3.55e+07  2.38e+32  0.00e+00  5.10e-18  1.24e+02  4.06e+04  0.00e+00  0.00e+00  0.00e+00  0.00e+00  0.00e+00 -1.14e+20 -2.12e+19 -3.68e+19       inf       inf  3.04e+05  0.00e+00  1.23e+05 
1.17e+11 2.01e+11 1.35e+11 2.31e+11   20   22      1        1  2.62e+07  1.22e+07  5.37e+07  2.88e+33  0.00e+00  5.10e-18  6.25e+01  3.93e+04  0.00e+00  0.00e+00  0.00e+00  0.00e+00  0.00e+00 -4.19e+20 -1.79e+19 -4.93e+20       inf       inf  6.78e+05  0.00e+00  2.54e+05 
1.17e+11 2.62e+11 1.35e+11 3.02e+11   20   23      0        0  3.05e+07  1.09e+07  7.85e+07  4.94e+33  1.11e-15  5.17e+08  6.62e+03  3.65e+04  1.47e-07  9.67e-01  9.96e-01  1.00e-20  1.00e-20 -2.42e+20  3.73e+19 -5.53e+20  4.70e+01  5.98e+02  6.80e+05  0.00e+00  2.27e+05 
1.17e+11 3.43e+11 1.35e+11 3.95e+11   20   24      0        0  3.40e+07  9.71e+06  1.11e+08  6.46e+33  9.83e-16  4.58e+08  6.03e+03  3.31e+04  3.18e-07  9.94e-01  9.91e-01  1.00e-20  1.00e-20 -3.40e+19  2.17e+19 -4.42e+20  2.26e+01  2.85e+02  3.82e+05  0.00e+00  1.01e+05 
1.17e+11 4.48e+11 1.35e+11 5.17e+11   20   25      0        0  3.62e+07  8.60e+06  1.50e+08  8.44e+33  9.02e-16  4.20e+08  5.70e+03  3.03e+04  7.50e-07  9.99e-01  9.78e-01  1.00e-20  1.00e-20 -4.44e+19 -4.91e+19 -3.01e+20  9.80e+00  1.27e+02  2.05e+05  0.00e+00  4.17e+04 
1.17e+11 5.85e+11 1.35e+11 6.75e+11   20   26      0        0  3.72e+07  7.59e+06  1.98e+08  1.10e+34  8.50e-16  3.95e+08  5.57e+03  2.80e+04  1.78e-06  1.00e+00  9.40e-01  1.00e-20  1.00e-20 -1.70e+19 -3.82e+19 -1.22e+20  4.12e+00  4.77e+01  1.07e+05  0.00e+00  1.67e+04 
1.17e+11 7.65e+11 1.35e+11 8.83e+11   20   27      1        2  3.69e+07  6.69e+06  2.53e+08  1.38e+34  0.00e+00  5.46e-18  2.18e+01  2.61e+04  0.00e+00  0.00e+00  0.00e+00  0.00e+00  0.00e+00  0.00e+00  0.00e+00  0.00e+00       inf       inf  5.43e+04  0.00e+00  6.67e+03 
1.17e+11 1.00e+12 1.35e+11 1.15e+12   20   28     -1        0  3.57e+07  5.89e+06  3.16e+08  0.00e+00  0.00e+00  0.00e+00  0.00e+00  0.00e+00  0.00e+00  0.00e+00  0.00e+00  0.00e+00  0.00e+00  0.00e+00  0.00e+00  0.00e+00  0.00e+00  0.00e+00  0.00e+00  0.00e+00  0.00e+00 
1.17e+11 1.31e+12 1.35e+11 1.51e+12   20   29     -1        0  3.37e+07  5.17e+06  3.87e+08  0.00e+00  0.00e+00  0.00e+00  0.00e+00  0.00e+00  0.00e+00  0.00e+00  0.00e+00  0.00e+00  0.00e+00  0.00e+00  0.00e+00  0.00e+00  0.00e+00  0.00e+00  0.00e+00  0.00e+00  0.00e+00 
1.53e+11 0.00e+00 1.77e+11 3.63e+08   21    0     -1        0  5.50e+05  2.63e+07  1.43e+05  0.00e+00  0.00e+00  0.00e+00  0.00e+00  0.00e+00  0.00e+00  0.00e+00  0.00e+00  0.00e+00  0.00e+00  0.00e+00  0.00e+00  0.00e+00  0.00e+00  0.00e+00  0.00e+00  0.00e+00  0.00e+00 
1.53e+11 7.25e+08 1.77e+11 8.37e+08   21    1     -1        0  5.53e+05  2.61e+07  1.46e+05  0.00e+00  0.00e+00  0.00e+00  0.00e+00  0.00e+00  0.00e+00  0.00e+00  0.00e+00  0.00e+00  0.00e+00  0.00e+00  0.00e+00  0.00e+00  0.00e+00  0.00e+00  0.00e+00  0.00e+00  0.00e+00 
1.53e+11 9.48e+08 1.77e+11 1.09e+09   21    2     -1        0  5.54e+05  2.60e+07  1.47e+05  0.00e+00  0.00e+00  0.00e+00  0.00e+00  0.00e+00  0.00e+00  0.00e+00  0.00e+00  0.00e+00  0.00e+00  0.00e+00  0.00e+00  0.00e+00  0.00e+00  0.00e+00  0.00e+00  0.00e+00  0.00e+00 
1.53e+11 1.24e+09 1.77e+11 1.43e+09   21    3     -1        0  5.55e+05  2.59e+07  1.49e+05  0.00e+00  0.00e+00  0.00e+00  0.00e+00  0.00e+00  0.00e+00  0.00e+00  0.00e+00  0.00e+00  0.00e+00  0.00e+00  0.00e+00  0.00e+00  0.00e+00  0.00e+00  0.00e+00  0.00e+00  0.00e+00 
1.53e+11 1.62e+09 1.77e+11 1.87e+09   21    4     -1        0  5.58e+05  2.58e+07  1.51e+05  0.00e+00  0.00e+00  0.00e+00  0.00e+00  0.00e+00  0.00e+00  0.00e+00  0.00e+00  0.00e+00  0.00e+00  0.00e+00  0.00e+00  0.00e+00  0.00e+00  0.00e+00  0.00e+00  0.00e+00  0.00e+00 
1.53e+11 2.12e+09 1.77e+11 2.44e+09   21    5     -1        0  5.61e+05  2.56e+07  1.54e+05  0.00e+00  0.00e+00  0.00e+00  0.00e+00  0.00e+00  0.00e+00  0.00e+00  0.00e+00  0.00e+00  0.00e+00  0.00e+00  0.00e+00  0.00e+00  0.00e+00  0.00e+00  0.00e+00  0.00e+00  0.00e+00 
1.53e+11 2.77e+09 1.77e+11 3.19e+09   21    6     -1        0  5.68e+05  2.54e+07  1.58e+05  0.00e+00  0.00e+00  0.00e+00  0.00e+00  0.00e+00  0.00e+00  0.00e+00  0.00e+00  0.00e+00  0.00e+00  0.00e+00  0.00e+00  0.00e+00  0.00e+00  0.00e+00  0.00e+00  0.00e+00  0.00e+00 
1.53e+11 3.62e+09 1.77e+11 4.17e+09   21    7     -1        0  5.81e+05  2.52e+07  1.65e+05  0.00e+00  0.00e+00  0.00e+00  0.00e+00  0.00e+00  0.00e+00  0.00e+00  0.00e+00  0.00e+00  0.00e+00  0.00e+00  0.00e+00  0.00e+00  0.00e+00  0.00e+00  0.00e+00  0.00e+00  0.00e+00 
1.53e+11 4.73e+09 1.77e+11 5.45e+09   21    8     -1        0  6.11e+05  2.49e+07  1.78e+05  0.00e+00  0.00e+00  0.00e+00  0.00e+00  0.00e+00  0.00e+00  0.00e+00  0.00e+00  0.00e+00  0.00e+00  0.00e+00  0.00e+00  0.00e+00  0.00e+00  0.00e+00  0.00e+00  0.00e+00  0.00e+00 
1.53e+11 6.18e+09 1.77e+11 7.12e+09   21    9     -1        0  6.73e+05  2.45e+07  2.02e+05  0.00e+00  0.00e+00  0.00e+00  0.00e+00  0.00e+00  0.00e+00  0.00e+00  0.00e+00  0.00e+00  0.00e+00  0.00e+00  0.00e+00  0.00e+00  0.00e+00  0.00e+00  0.00e+00  0.00e+00  0.00e+00 
1.53e+11 8.07e+09 1.77e+11 9.31e+09   21   10     -1        0  8.01e+05  2.40e+07  2.50e+05  0.00e+00  0.00e+00  0.00e+00  0.00e+00  0.00e+00  0.00e+00  0.00e+00  0.00e+00  0.00e+00  0.00e+00  0.00e+00  0.00e+00  0.00e+00  0.00e+00  0.00e+00  0.00e+00  0.00e+00  0.00e+00 
1.53e+11 1.05e+10 1.77e+11 1.22e+10   21   11     -1        0  1.04e+06  2.34e+07  3.43e+05  0.00e+00  0.00e+00  0.00e+00  0.00e+00  0.00e+00  0.00e+00  0.00e+00  0.00e+00  0.00e+00  0.00e+00  0.00e+00  0.00e+00  0.00e+00  0.00e+00  0.00e+00  0.00e+00  0.00e+00  0.00e+00 
1.53e+11 1.38e+10 1.77e+11 1.59e+10   21   12     -1        0  1.47e+06  2.27e+07  5.14e+05  0.00e+00  0.00e+00  0.00e+00  0.00e+00  0.00e+00  0.00e+00  0.00e+00  0.00e+00  0.00e+00  0.00e+00  0.00e+00  0.00e+00  0.00e+00  0.00e+00  0.00e+00  0.00e+00  0.00e+00  0.00e+00 
1.53e+11 1.80e+10 1.77e+11 2.08e+10   21   13     -1        0  2.17e+06  2.18e+07  8.18e+05  0.00e+00  0.00e+00  0.00e+00  0.00e+00  0.00e+00  0.00e+00  0.00e+00  0.00e+00  0.00e+00  0.00e+00  0.00e+00  0.00e+00  0.00e+00  0.00e+00  0.00e+00  0.00e+00  0.00e+00  0.00e+00 
1.53e+11 2.36e+10 1.77e+11 2.72e+10   21   14     -1        0  3.23e+06  2.09e+07  1.33e+06  0.00e+00  0.00e+00  0.00e+00  0.00e+00  0.00e+00  0.00e+00  0.00e+00  0.00e+00  0.00e+00  0.00e+00  0.00e+00  0.00e+00  0.00e+00  0.00e+00  0.00e+00  0.00e+00  0.00e+00  0.00e+00 
1.53e+11 3.08e+10 1.77e+11 3.55e+10   21   15     -1        0  4.72e+06  1.98e+07  2.17e+06  0.00e+00  0.00e+00  0.00e+00  0.00e+00  0.00e+00  0.00e+00  0.00e+00  0.00e+00  0.00e+00  0.00e+00  0.00e+00  0.00e+00  0.00e+00  0.00e+00  0.00e+00  0.00e+00  0.00e+00  0.00e+00 
1.53e+11 4.02e+10 1.77e+11 4.64e+10   21   16     -1        0  6.71e+06  1.86e+07  3.50e+06  0.00e+00  0.00e+00  0.00e+00  0.00e+00  0.00e+00  0.00e+00  0.00e+00  0.00e+00  0.00e+00  0.00e+00  0.00e+00  0.00e+00  0.00e+00  0.00e+00  0.00e+00  0.00e+00  0.00e+00  0.00e+00 
1.53e+11 5.26e+10 1.77e+11 6.07e+10   21   17     -1        0  9.24e+06  1.73e+07  5.57e+06  0.00e+00  0.00e+00  0.00e+00  0.00e+00  0.00e+00  0.00e+00  0.00e+00  0.00e+00  0.00e+00  0.00e+00  0.00e+00  0.00e+00  0.00e+00  0.00e+00  0.00e+00  0.00e+00  0.00e+00  0.00e+00 
1.53e+11 6.87e+10 1.77e+11 7.93e+10   21   18     -1        0  1.24e+07  1.59e+07  8.75e+06  0.00e+00  0.00e+00  0.00e+00  0.00e+00  0.00e+00  0.00e+00  0.00e+00  0.00e+00  0.00e+00  0.00e+00  0.00e+00  0.00e+00  0.00e+00  0.00e+00  0.00e+00  0.00e+00  0.00e+00  0.00e+00 
1.53e+11 8.98e+10 1.77e+11 1.04e+11   21   19     -1        0  1.61e+07  1.46e+07  1.36e+07  0.00e+00  0.00e+00  0.00e+00  0.00e+00  0.00e+00  0.00e+00  0.00e+00  0.00e+00  0.00e+00  0.00e+00  0.00e+00  0.00e+00  0.00e+00  0.00e+00  0.00e+00  0.00e+00  0.00e+00  0.00e+00 
1.53e+11 1.17e+11 1.77e+11 1.35e+11   21   20     -1        0  2.04e+07  1.32e+07  2.09e+07  0.00e+00  0.00e+00  0.00e+00  0.00e+00  0.00e+00  0.00e+00  0.00e+00  0.00e+00  0.00e+00  0.00e+00  0.00e+00  0.00e+00  0.00e+00  0.00e+00  0.00e+00  0.00e+00  0.00e+00  0.00e+00 
1.53e+11 1.53e+11 1.77e+11 1.77e+11   21   21     -1        0  2.52e+07  1.19e+07  3.17e+07  0.00e+00  0.00e+00  0.00e+00  0.00e+00  0.00e+00  0.00e+00  0.00e+00  0.00e+00  0.00e+00  0.00e+00  0.00e+00  0.00e+00  0.00e+00  0.00e+00  0.00e+00  0.00e+00  0.00e+00  0.00e+00 
1.53e+11 2.01e+11 1.77e+11 2.31e+11   21   22      1        0  3.01e+07  1.07e+07  4.72e+07  2.04e+32  0.00e+00  5.10e-18  7.01e+01  4.02e+04  0.00e+00  0.00e+00  0.00e+00  0.00e+00  0.00e+00  1.43e+18 -1.17e+19 -1.28e+19       inf       inf  1.78e+05  0.00e+00  7.10e+04 
1.53e+11 2.62e+11 1.77e+11 3.02e+11   21   23      1        1  3.47e+07  9.56e+06  6.84e+07  5.48e+33  0.00e+00  5.10e-18  4.62e+01  3.90e+04  0.00e+00  0.00e+00  0.00e+00  0.00e+00  0.00e+00 -1.76e+20 -4.31e+19 -4.09e+20       inf       inf  5.84e+05  0.00e+00  2.15e+05 
1.53e+11 3.43e+11 1.77e+11 3.95e+11   21   24      0        0  3.85e+07  8.49e+06  9.61e+07  1.10e+34  5.29e-16  2.47e+08  4.73e+03  3.64e+04  1.50e-07  9.84e-01  9.96e-01  1.00e-20  1.00e-20 -1.74e+20 -7.20e+19 -2.97e+20  5.74e+01  7.29e+02  6.79e+05  0.00e+00  2.26e+05 
1.53e+11 4.48e+11 1.77e+11 5.17e+11   21   25      0        0  4.11e+07  7.52e+06  1.31e+08  1.44e+34  4.88e-16  2.27e+08  4.45e+03  3.30e+04  3.28e-07  9.97e-01  9.89e-01  1.00e-20  1.00e-20 -1.12e+20  3.47e+19 -3.87e+20  2.66e+01  3.36e+02  3.82e+05  0.00e+00  1.02e+05 
1.53e+11 5.85e+11 1.77e+11 6.75e+11   21   26      0        0  4.23e+07  6.64e+06  1.72e+08  1.88e+34  4.63e-16  2.15e+08  4.34e+03  3.02e+04  7.80e-07  1.00e+00  9.74e-01  1.00e-20  1.00e-20 -5.53e+19 -1.78e+19 -9.38e+19  1.12e+01  1.43e+02  2.05e+05  0.00e+00  4.17e+04 
1.53e+11 7.65e+11 1.77e+11 8.83e+11   21   27      1        2  4.20e+07  5.85e+06  2.20e+08  2.29e+34  0.00e+00  5.46e-18  2.18e+01  2.80e+04  0.00e+00  0.00e+00  0.00e+00  0.00e+00  0.00e+00  0.00e+00  0.00e+00  0.00e+00       inf       inf  1.05e+05  0.00e+00  1.65e+04 
1.53e+11 1.00e+12 1.77e+11 1.15e+12   21   28     -1        0  4.07e+07  5.15e+06  2.76e+08  0.00e+00  0.00e+00  0.00e+00  0.00e+00  0.00e+00  0.00e+00  0.00e+00  0.00e+00  0.00e+00  0.00e+00  0.00e+00  0.00e+00  0.00e+00  0.00e+00  0.00e+00  0.00e+00  0.00e+00  0.00e+00 
1.53e+11 1.31e+12 1.77e+11 1.51e+12   21   29     -1        0  3.85e+07  4.53e+06  3.38e+08  0.00e+00  0.00e+00  0.00e+00  0.00e+00  0.00e+00  0.00e+00  0.00e+00  0.00e+00  0.00e+00  0.00e+00  0.00e+00  0.00e+00  0.00e+00  0.00e+00  0.00e+00  0.00e+00  0.00e+00  0.00e+00 
2.01e+11 0.00e+00 2.31e+11 3.63e+08   22    0     -1        0  5.05e+05  2.30e+07  1.00e+05  0.00e+00  0.00e+00  0.00e+00  0.00e+00  0.00e+00  0.00e+00  0.00e+00  0.00e+00  0.00e+00  0.00e+00  0.00e+00  0.00e+00  0.00e+00  0.00e+00  0.00e+00  0.00e+00  0.00e+00  0.00e+00 
2.01e+11 7.25e+08 2.31e+11 8.37e+08   22    1     -1        0  5.08e+05  2.28e+07  1.03e+05  0.00e+00  0.00e+00  0.00e+00  0.00e+00  0.00e+00  0.00e+00  0.00e+00  0.00e+00  0.00e+00  0.00e+00  0.00e+00  0.00e+00  0.00e+00  0.00e+00  0.00e+00  0.00e+00  0.00e+00  0.00e+00 
2.01e+11 9.48e+08 2.31e+11 1.09e+09   22    2     -1        0  5.09e+05  2.27e+07  1.04e+05  0.00e+00  0.00e+00  0.00e+00  0.00e+00  0.00e+00  0.00e+00  0.00e+00  0.00e+00  0.00e+00  0.00e+00  0.00e+00  0.00e+00  0.00e+00  0.00e+00  0.00e+00  0.00e+00  0.00e+00  0.00e+00 
2.01e+11 1.24e+09 2.31e+11 1.43e+09   22    3     -1        0  5.11e+05  2.27e+07  1.05e+05  0.00e+00  0.00e+00  0.00e+00  0.00e+00  0.00e+00  0.00e+00  0.00e+00  0.00e+00  0.00e+00  0.00e+00  0.00e+00  0.00e+00  0.00e+00  0.00e+00  0.00e+00  0.00e+00  0.00e+00  0.00e+00 
2.01e+11 1.62e+09 2.31e+11 1.87e+09   22    4     -1        0  5.13e+05  2.25e+07  1.06e+05  0.00e+00  0.00e+00  0.00e+00  0.00e+00  0.00e+00  0.00e+00  0.00e+00  0.00e+00  0.00e+00  0.00e+00  0.00e+00  0.00e+00  0.00e+00  0.00e+00  0.00e+00  0.00e+00  0.00e+00  0.00e+00 
2.01e+11 2.12e+09 2.31e+11 2.44e+09   22    5     -1        0  5.19e+05  2.24e+07  1.09e+05  0.00e+00  0.00e+00  0.00e+00  0.00e+00  0.00e+00  0.00e+00  0.00e+00  0.00e+00  0.00e+00  0.00e+00  0.00e+00  0.00e+00  0.00e+00  0.00e+00  0.00e+00  0.00e+00  0.00e+00  0.00e+00 
2.01e+11 2.77e+09 2.31e+11 3.19e+09   22    6     -1        0  5.31e+05  2.22e+07  1.13e+05  0.00e+00  0.00e+00  0.00e+00  0.00e+00  0.00e+00  0.00e+00  0.00e+00  0.00e+00  0.00e+00  0.00e+00  0.00e+00  0.00e+00  0.00e+00  0.00e+00  0.00e+00  0.00e+00  0.00e+00  0.00e+00 
2.01e+11 3.62e+09 2.31e+11 4.17e+09   22    7     -1        0  5.57e+05  2.20e+07  1.21e+05  0.00e+00  0.00e+00  0.00e+00  0.00e+00  0.00e+00  0.00e+00  0.00e+00  0.00e+00  0.00e+00  0.00e+00  0.00e+00  0.00e+00  0.00e+00  0.00e+00  0.00e+00  0.00e+00  0.00e+00  0.00e+00 
2.01e+11 4.73e+09 2.31e+11 5.45e+09   22    8     -1        0  6.15e+05  2.17e+07  1.37e+05  0.00e+00  0.00e+00  0.00e+00  0.00e+00  0.00e+00  0.00e+00  0.00e+00  0.00e+00  0.00e+00  0.00e+00  0.00e+00  0.00e+00  0.00e+00  0.00e+00  0.00e+00  0.00e+00  0.00e+00  0.00e+00 
2.01e+11 6.18e+09 2.31e+11 7.12e+09   22    9     -1        0  7.34e+05  2.14e+07  1.69e+05  0.00e+00  0.00e+00  0.00e+00  0.00e+00  0.00e+00  0.00e+00  0.00e+00  0.00e+00  0.00e+00  0.00e+00  0.00e+00  0.00e+00  0.00e+00  0.00e+00  0.00e+00  0.00e+00  0.00e+00  0.00e+00 
2.01e+11 8.07e+09 2.31e+11 9.31e+09   22   10     -1        0  9.66e+05  2.10e+07  2.31e+05  0.00e+00  0.00e+00  0.00e+00  0.00e+00  0.00e+00  0.00e+00  0.00e+00  0.00e+00  0.00e+00  0.00e+00  0.00e+00  0.00e+00  0.00e+00  0.00e+00  0.00e+00  0.00e+00  0.00e+00  0.00e+00 
2.01e+11 1.05e+10 2.31e+11 1.22e+10   22   11     -1        0  1.38e+06  2.05e+07  3.48e+05  0.00e+00  0.00e+00  0.00e+00  0.00e+00  0.00e+00  0.00e+00  0.00e+00  0.00e+00  0.00e+00  0.00e+00  0.00e+00  0.00e+00  0.00e+00  0.00e+00  0.00e+00  0.00e+00  0.00e+00  0.00e+00 
2.01e+11 1.38e+10 2.31e+11 1.59e+10   22   12     -1        0  2.07e+06  1.98e+07  5.55e+05  0.00e+00  0.00e+00  0.00e+00  0.00e+00  0.00e+00  0.00e+00  0.00e+00  0.00e+00  0.00e+00  0.00e+00  0.00e+00  0.00e+00  0.00e+00  0.00e+00  0.00e+00  0.00e+00  0.00e+00  0.00e+00 
2.01e+11 1.80e+10 2.31e+11 2.08e+10   22   13     -1        0  3.13e+06  1.91e+07  9.04e+05  0.00e+00  0.00e+00  0.00e+00  0.00e+00  0.00e+00  0.00e+00  0.00e+00  0.00e+00  0.00e+00  0.00e+00  0.00e+00  0.00e+00  0.00e+00  0.00e+00  0.00e+00  0.00e+00  0.00e+00  0.00e+00 
2.01e+11 2.36e+10 2.31e+11 2.72e+10   22   14     -1        0  4.63e+06  1.82e+07  1.46e+06  0.00e+00  0.00e+00  0.00e+00  0.00e+00  0.00e+00  0.00e+00  0.00e+00  0.00e+00  0.00e+00  0.00e+00  0.00e+00  0.00e+00  0.00e+00  0.00e+00  0.00e+00  0.00e+00  0.00e+00  0.00e+00 
2.01e+11 3.08e+10 2.31e+11 3.55e+10   22   15     -1        0  6.61e+06  1.73e+07  2.33e+06  0.00e+00  0.00e+00  0.00e+00  0.00e+00  0.00e+00  0.00e+00  0.00e+00  0.00e+00  0.00e+00  0.00e+00  0.00e+00  0.00e+00  0.00e+00  0.00e+00  0.00e+00  0.00e+00  0.00e+00  0.00e+00 
2.01e+11 4.02e+10 2.31e+11 4.64e+10   22   16     -1        0  9.11e+06  1.62e+07  3.64e+06  0.00e+00  0.00e+00  0.00e+00  0.00e+00  0.00e+00  0.00e+00  0.00e+00  0.00e+00  0.00e+00  0.00e+00  0.00e+00  0.00e+00  0.00e+00  0.00e+00  0.00e+00  0.00e+00  0.00e+00  0.00e+00 
2.01e+11 5.26e+10 2.31e+11 6.07e+10   22   17     -1        0  1.21e+07  1.51e+07  5.59e+06  0.00e+00  0.00e+00  0.00e+00  0.00e+00  0.00e+00  0.00e+00  0.00e+00  0.00e+00  0.00e+00  0.00e+00  0.00e+00  0.00e+00  0.00e+00  0.00e+00  0.00e+00  0.00e+00  0.00e+00  0.00e+00 
2.01e+11 6.87e+10 2.31e+11 7.93e+10   22   18     -1        0  1.57e+07  1.39e+07  8.49e+06  0.00e+00  0.00e+00  0.00e+00  0.00e+00  0.00e+00  0.00e+00  0.00e+00  0.00e+00  0.00e+00  0.00e+00  0.00e+00  0.00e+00  0.00e+00  0.00e+00  0.00e+00  0.00e+00  0.00e+00  0.00e+00 
2.01e+11 8.98e+10 2.31e+11 1.04e+11   22   19     -1        0  1.97e+07  1.28e+07  1.28e+07  0.00e+00  0.00e+00  0.00e+00  0.00e+00  0.00e+00  0.00e+00  0.00e+00  0.00e+00  0.00e+00  0.00e+00  0.00e+00  0.00e+00  0.00e+00  0.00e+00  0.00e+00  0.00e+00  0.00e+00  0.00e+00 
2.01e+11 1.17e+11 2.31e+11 1.35e+11   22   20     -1        0  2.43e+07  1.16e+07  1.91e+07  0.00e+00  0.00e+00  0.00e+00  0.00e+00  0.00e+00  0.00e+00  0.00e+00  0.00e+00  0.00e+00  0.00e+00  0.00e+00  0.00e+00  0.00e+00  0.00e+00  0.00e+00  0.00e+00  0.00e+00  0.00e+00 
2.01e+11 1.53e+11 2.31e+11 1.77e+11   22   21     -1        0  2.93e+07  1.04e+07  2.82e+07  0.00e+00  0.00e+00  0.00e+00  0.00e+00  0.00e+00  0.00e+00  0.00e+00  0.00e+00  0.00e+00  0.00e+00  0.00e+00  0.00e+00  0.00e+00  0.00e+00  0.00e+00  0.00e+00  0.00e+00  0.00e+00 
2.01e+11 2.01e+11 2.31e+11 2.31e+11   22   22     -1        0  3.44e+07  9.37e+06  4.12e+07  0.00e+00  0.00e+00  0.00e+00  0.00e+00  0.00e+00  0.00e+00  0.00e+00  0.00e+00  0.00e+00  0.00e+00  0.00e+00  0.00e+00  0.00e+00  0.00e+00  0.00e+00  0.00e+00  0.00e+00  0.00e+00 
2.01e+11 2.62e+11 2.31e+11 3.02e+11   22   23      1        2  3.93e+07  8.36e+06  5.92e+07  1.33e+32  0.00e+00  5.10e-18  3.84e+01  3.99e+04  0.00e+00  0.00e+00  0.00e+00  0.00e+00  0.00e+00  0.00e+00  0.00e+00  0.00e+00       inf       inf  9.29e+04  0.00e+00  3.65e+04 
2.01e+11 3.43e+11 2.31e+11 3.95e+11   22   24      1        1  4.35e+07  7.43e+06  8.29e+07  1.04e+34  0.00e+00  5.10e-18  3.09e+01  3.87e+04  0.00e+00  0.00e+00  0.00e+00  0.00e+00  0.00e+00 -1.86e+20 -5.14e+19 -2.40e+20       inf       inf  5.13e+05  0.00e+00  1.87e+05 
2.01e+11 4.48e+11 2.31e+11 5.17e+11   22   25      0        0  4.64e+07  6.58e+06  1.13e+08  2.46e+34  2.64e-16  1.23e+08  3.48e+03  3.63e+04  1.56e-07  9.92e-01  9.96e-01  1.00e-20  1.00e-20 -2.56e+20 -2.16e+18 -3.51e+20  6.71e+01  8.42e+02  6.78e+05  0.00e+00  2.25e+05 
2.01e+11 5.85e+11 2.31e+11 6.75e+11   22   26      0        0  4.78e+07  5.81e+06  1.49e+08  3.22e+34  2.51e-16  1.17e+08  3.38e+03  3.29e+04  3.45e-07  9.99e-01  9.88e-01  1.00e-20  1.00e-20 -4.27e+19  1.53e+19 -2.32e+20  3.01e+01  3.75e+02  3.82e+05  0.00e+00  1.01e+05 
2.01e+11 7.65e+11 2.31e+11 8.83e+11   22   27      1        2  4.77e+07  5.12e+06  1.91e+08  3.71e+34  0.00e+00  5.46e-18  2.18e+01  3.02e+04  0.00e+00  0.00e+00  0.00e+00  0.00e+00  0.00e+00 -2.58e+18  3.83e+17 -1.11e+18       inf       inf  2.01e+05  0.00e+00  4.09e+04 
2.01e+11 1.00e+12 2.31e+11 1.15e+12   22   28     -1        0  4.63e+07  4.50e+06  2.40e+08  0.00e+00  0.00e+00  0.00e+00  0.00e+00  0.00e+00  0.00e+00  0.00e+00  0.00e+00  0.00e+00  0.00e+00  0.00e+00  0.00e+00  0.00e+00  0.00e+00  0.00e+00  0.00e+00  0.00e+00  0.00e+00 
2.01e+11 1.31e+12 2.31e+11 1.51e+12   22   29     -1        0  4.38e+07  3.96e+06  2.94e+08  0.00e+00  0.00e+00  0.00e+00  0.00e+00  0.00e+00  0.00e+00  0.00e+00  0.00e+00  0.00e+00  0.00e+00  0.00e+00  0.00e+00  0.00e+00  0.00e+00  0.00e+00  0.00e+00  0.00e+00  0.00e+00 
2.62e+11 0.00e+00 3.02e+11 3.63e+08   23    0     -1        0  4.61e+05  2.01e+07  7.01e+04  0.00e+00  0.00e+00  0.00e+00  0.00e+00  0.00e+00  0.00e+00  0.00e+00  0.00e+00  0.00e+00  0.00e+00  0.00e+00  0.00e+00  0.00e+00  0.00e+00  0.00e+00  0.00e+00  0.00e+00  0.00e+00 
2.62e+11 7.25e+08 3.02e+11 8.37e+08   23    1     -1        0  4.64e+05  1.99e+07  7.18e+04  0.00e+00  0.00e+00  0.00e+00  0.00e+00  0.00e+00  0.00e+00  0.00e+00  0.00e+00  0.00e+00  0.00e+00  0.00e+00  0.00e+00  0.00e+00  0.00e+00  0.00e+00  0.00e+00  0.00e+00  0.00e+00 
2.62e+11 9.48e+08 3.02e+11 1.09e+09   23    2     -1        0  4.65e+05  1.99e+07  7.24e+04  0.00e+00  0.00e+00  0.00e+00  0.00e+00  0.00e+00  0.00e+00  0.00e+00  0.00e+00  0.00e+00  0.00e+00  0.00e+00  0.00e+00  0.00e+00  0.00e+00  0.00e+00  0.00e+00  0.00e+00  0.00e+00 
2.62e+11 1.24e+09 3.02e+11 1.43e+09   23    3     -1        0  4.67e+05  1.98e+07  7.33e+04  0.00e+00  0.00e+00  0.00e+00  0.00e+00  0.00e+00  0.00e+00  0.00e+00  0.00e+00  0.00e+00  0.00e+00  0.00e+00  0.00e+00  0.00e+00  0.00e+00  0.00e+00  0.00e+00  0.00e+00  0.00e+00 
2.62e+11 1.62e+09 3.02e+11 1.87e+09   23    4     -1        0  4.72e+05  1.97e+07  7.47e+04  0.00e+00  0.00e+00  0.00e+00  0.00e+00  0.00e+00  0.00e+00  0.00e+00  0.00e+00  0.00e+00  0.00e+00  0.00e+00  0.00e+00  0.00e+00  0.00e+00  0.00e+00  0.00e+00  0.00e+00  0.00e+00 
2.62e+11 2.12e+09 3.02e+11 2.44e+09   23    5     -1        0  4.82e+05  1.96e+07  7.73e+04  0.00e+00  0.00e+00  0.00e+00  0.00e+00  0.00e+00  0.00e+00  0.00e+00  0.00e+00  0.00e+00  0.00e+00  0.00e+00  0.00e+00  0.00e+00  0.00e+00  0.00e+00  0.00e+00  0.00e+00  0.00e+00 
2.62e+11 2.77e+09 3.02e+11 3.19e+09   23    6     -1        0  5.06e+05  1.95e+07  8.23e+04  0.00e+00  0.00e+00  0.00e+00  0.00e+00  0.00e+00  0.00e+00  0.00e+00  0.00e+00  0.00e+00  0.00e+00  0.00e+00  0.00e+00  0.00e+00  0.00e+00  0.00e+00  0.00e+00  0.00e+00  0.00e+00 
2.62e+11 3.62e+09 3.02e+11 4.17e+09   23    7     -1        0  5.58e+05  1.93e+07  9.26e+04  0.00e+00  0.00e+00  0.00e+00  0.00e+00  0.00e+00  0.00e+00  0.00e+00  0.00e+00  0.00e+00  0.00e+00  0.00e+00  0.00e+00  0.00e+00  0.00e+00  0.00e+00  0.00e+00  0.00e+00  0.00e+00 
2.62e+11 4.73e+09 3.02e+11 5.45e+09   23    8     -1        0  6.70e+05  1.90e+07  1.14e+05  0.00e+00  0.00e+00  0.00e+00  0.00e+00  0.00e+00  0.00e+00  0.00e+00  0.00e+00  0.00e+00  0.00e+00  0.00e+00  0.00e+00  0.00e+00  0.00e+00  0.00e+00  0.00e+00  0.00e+00  0.00e+00 
2.62e+11 6.18e+09 3.02e+11 7.12e+09   23    9     -1        0  8.90e+05  1.87e+07  1.56e+05  0.00e+00  0.00e+00  0.00e+00  0.00e+00  0.00e+00  0.00e+00  0.00e+00  0.00e+00  0.00e+00  0.00e+00  0.00e+00  0.00e+00  0.00e+00  0.00e+00  0.00e+00  0.00e+00  0.00e+00  0.00e+00 
2.62e+11 8.07e+09 3.02e+11 9.31e+09   23   10     -1        0  1.29e+06  1.83e+07  2.37e+05  0.00e+00  0.00e+00  0.00e+00  0.00e+00  0.00e+00  0.00e+00  0.00e+00  0.00e+00  0.00e+00  0.00e+00  0.00e+00  0.00e+00  0.00e+00  0.00e+00  0.00e+00  0.00e+00  0.00e+00  0.00e+00 
2.62e+11 1.05e+10 3.02e+11 1.22e+10   23   11     -1        0  1.97e+06  1.79e+07  3.79e+05  0.00e+00  0.00e+00  0.00e+00  0.00e+00  0.00e+00  0.00e+00  0.00e+00  0.00e+00  0.00e+00  0.00e+00  0.00e+00  0.00e+00  0.00e+00  0.00e+00  0.00e+00  0.00e+00  0.00e+00  0.00e+00 
2.62e+11 1.38e+10 3.02e+11 1.59e+10   23   12     -1        0  3.02e+06  1.73e+07  6.18e+05  0.00e+00  0.00e+00  0.00e+00  0.00e+00  0.00e+00  0.00e+00  0.00e+00  0.00e+00  0.00e+00  0.00e+00  0.00e+00  0.00e+00  0.00e+00  0.00e+00  0.00e+00  0.00e+00  0.00e+00  0.00e+00 
2.62e+11 1.80e+10 3.02e+11 2.08e+10   23   13     -1        0  4.52e+06  1.67e+07  9.97e+05  0.00e+00  0.00e+00  0.00e+00  0.00e+00  0.00e+00  0.00e+00  0.00e+00  0.00e+00  0.00e+00  0.00e+00  0.00e+00  0.00e+00  0.00e+00  0.00e+00  0.00e+00  0.00e+00  0.00e+00  0.00e+00 
2.62e+11 2.36e+10 3.02e+11 2.72e+10   23   14     -1        0  6.50e+06  1.60e+07  1.57e+06  0.00e+00  0.00e+00  0.00e+00  0.00e+00  0.00e+00  0.00e+00  0.00e+00  0.00e+00  0.00e+00  0.00e+00  0.00e+00  0.00e+00  0.00e+00  0.00e+00  0.00e+00  0.00e+00  0.00e+00  0.00e+00 
2.62e+11 3.08e+10 3.02e+11 3.55e+10   23   15     -1        0  9.00e+06  1.51e+07  2.43e+06  0.00e+00  0.00e+00  0.00e+00  0.00e+00  0.00e+00  0.00e+00  0.00e+00  0.00e+00  0.00e+00  0.00e+00  0.00e+00  0.00e+00  0.00e+00  0.00e+00  0.00e+00  0.00e+00  0.00e+00  0.00e+00 
2.62e+11 4.02e+10 3.02e+11 4.64e+10   23   16     -1        0  1.20e+07  1.42e+07  3.66e+06  0.00e+00  0.00e+00  0.00e+00  0.00e+00  0.00e+00  0.00e+00  0.00e+00  0.00e+00  0.00e+00  0.00e+00  0.00e+00  0.00e+00  0.00e+00  0.00e+00  0.00e+00  0.00e+00  0.00e+00  0.00e+00 
2.62e+11 5.26e+10 3.02e+11 6.07e+10   23   17     -1        0  1.54e+07  1.32e+07  5.44e+06  0.00e+00  0.00e+00  0.00e+00  0.00e+00  0.00e+00  0.00e+00  0.00e+00  0.00e+00  0.00e+00  0.00e+00  0.00e+00  0.00e+00  0.00e+00  0.00e+00  0.00e+00  0.00e+00  0.00e+00  0.00e+00 
2.62e+11 6.87e+10 3.02e+11 7.93e+10   23   18     -1        0  1.93e+07  1.22e+07  8.01e+06  0.00e+00  0.00e+00  0.00e+00  0.00e+00  0.00e+00  0.00e+00  0.00e+00  0.00e+00  0.00e+00  0.00e+00  0.00e+00  0.00e+00  0.00e+00  0.00e+00  0.00e+00  0.00e+00  0.00e+00  0.00e+00 
2.62e+11 8.98e+10 3.02e+11 1.04e+11   23   19     -1        0  2.37e+07  1.12e+07  1.17e+07  0.00e+00  0.00e+00  0.00e+00  0.00e+00  0.00e+00  0.00e+00  0.00e+00  0.00e+00  0.00e+00  0.00e+00  0.00e+00  0.00e+00  0.00e+00  0.00e+00  0.00e+00  0.00e+00  0.00e+00  0.00e+00 
2.62e+11 1.17e+11 3.02e+11 1.35e+11   23   20     -1        0  2.85e+07  1.01e+07  1.71e+07  0.00e+00  0.00e+00  0.00e+00  0.00e+00  0.00e+00  0.00e+00  0.00e+00  0.00e+00  0.00e+00  0.00e+00  0.00e+00  0.00e+00  0.00e+00  0.00e+00  0.00e+00  0.00e+00  0.00e+00  0.00e+00 
2.62e+11 1.53e+11 3.02e+11 1.77e+11   23   21     -1        0  3.36e+07  9.14e+06  2.48e+07  0.00e+00  0.00e+00  0.00e+00  0.00e+00  0.00e+00  0.00e+00  0.00e+00  0.00e+00  0.00e+00  0.00e+00  0.00e+00  0.00e+00  0.00e+00  0.00e+00  0.00e+00  0.00e+00  0.00e+00  0.00e+00 
2.62e+11 2.01e+11 3.02e+11 2.31e+11   23   22     -1        0  3.89e+07  8.19e+06  3.57e+07  0.00e+00  0.00e+00  0.00e+00  0.00e+00  0.00e+00  0.00e+00  0.00e+00  0.00e+00  0.00e+00  0.00e+00  0.00e+00  0.00e+00  0.00e+00  0.00e+00  0.00e+00  0.00e+00  0.00e+00  0.00e+00 
2.62e+11 2.62e+11 3.02e+11 3.02e+11   23   23     -1        0  4.41e+07  7.31e+06  5.08e+07  0.00e+00  0.00e+00  0.00e+00  0.00e+00  0.00e+00  0.00e+00  0.00e+00  0.00e+00  0.00e+00  0.00e+00  0.00e+00  0.00e+00  0.00e+00  0.00e+00  0.00e+00  0.00e+00  0.00e+00  0.00e+00 
2.62e+11 3.43e+11 3.02e+11 3.95e+11   23   24      1        2  4.86e+07  6.50e+06  7.09e+07  3.94e+31  0.00e+00  5.10e-18  2.18e+01  3.96e+04  0.00e+00  0.00e+00  0.00e+00  0.00e+00  0.00e+00  0.00e+00  0.00e+00  0.00e+00       inf       inf  3.27e+04  0.00e+00  1.27e+04 
2.62e+11 4.48e+11 3.02e+11 5.17e+11   23   25      1        2  5.20e+07  5.75e+06  9.67e+07  1.96e+34  0.00e+00  5.10e-18  2.18e+01  3.85e+04  0.00e+00  0.00e+00  0.00e+00  0.00e+00  0.00e+00 -1.45e+20  1.58e+19 -2.71e+20       inf       inf  4.60e+05  0.00e+00  1.65e+05 
2.62e+11 5.85e+11 3.02e+11 6.75e+11   23   26      1        2  5.37e+07  5.08e+06  1.28e+08  5.50e+34  0.00e+00  5.10e-18  2.18e+01  3.62e+04  0.00e+00  0.00e+00  0.00e+00  0.00e+00  0.00e+00 -8.90e+19 -1.77e+19 -8.10e+19       inf       inf  6.67e+05  0.00e+00  2.21e+05 
2.62e+11 7.65e+11 3.02e+11 8.83e+11   23   27      1        2  5.38e+07  4.48e+06  1.65e+08  5.71e+34  0.00e+00  5.10e-18  2.18e+01  3.30e+04  0.00e+00  0.00e+00  0.00e+00  0.00e+00  0.00e+00 -2.99e+19 -1.16e+19 -5.31e+19       inf       inf  3.68e+05  0.00e+00  9.80e+04 
2.62e+11 1.00e+12 3.02e+11 1.15e+12   23   28     -1        0  5.24e+07  3.94e+06  2.08e+08  0.00e+00  0.00e+00  0.00e+00  0.00e+00  0.00e+00  0.00e+00  0.00e+00  0.00e+00  0.00e+00  0.00e+00  0.00e+00  0.00e+00  0.00e+00  0.00e+00  0.00e+00  0.00e+00  0.00e+00  0.00e+00 
2.62e+11 1.31e+12 3.02e+11 1.51e+12   23   29     -1        0  4.98e+07  3.46e+06  2.56e+08  0.00e+00  0.00e+00  0.00e+00  0.00e+00  0.00e+00  0.00e+00  0.00e+00  0.00e+00  0.00e+00  0.00e+00  0.00e+00  0.00e+00  0.00e+00  0.00e+00  0.00e+00  0.00e+00  0.00e+00  0.00e+00 
3.43e+11 0.00e+00 3.95e+11 3.63e+08   24    0     -1        0  4.19e+05  1.76e+07  4.88e+04  0.00e+00  0.00e+00  0.00e+00  0.00e+00  0.00e+00  0.00e+00  0.00e+00  0.00e+00  0.00e+00  0.00e+00  0.00e+00  0.00e+00  0.00e+00  0.00e+00  0.00e+00  0.00e+00  0.00e+00  0.00e+00 
3.43e+11 7.25e+08 3.95e+11 8.37e+08   24    1     -1        0  4.22e+05  1.74e+07  5.00e+04  0.00e+00  0.00e+00  0.00e+00  0.00e+00  0.00e+00  0.00e+00  0.00e+00  0.00e+00  0.00e+00  0.00e+00  0.00e+00  0.00e+00  0.00e+00  0.00e+00  0.00e+00  0.00e+00  0.00e+00  0.00e+00 
3.43e+11 9.48e+08 3.95e+11 1.09e+09   24    2     -1        0  4.24e+05  1.74e+07  5.05e+04  0.00e+00  0.00e+00  0.00e+00  0.00e+00  0.00e+00  0.00e+00  0.00e+00  0.00e+00  0.00e+00  0.00e+00  0.00e+00  0.00e+00  0.00e+00  0.00e+00  0.00e+00  0.00e+00  0.00e+00  0.00e+00 
3.43e+11 1.24e+09 3.95e+11 1.43e+09   24    3     -1        0  4.28e+05  1.73e+07  5.14e+04  0.00e+00  0.00e+00  0.00e+00  0.00e+00  0.00e+00  0.00e+00  0.00e+00  0.00e+00  0.00e+00  0.00e+00  0.00e+00  0.00e+00  0.00e+00  0.00e+00  0.00e+00  0.00e+00  0.00e+00  0.00e+00 
3.43e+11 1.62e+09 3.95e+11 1.87e+09   24    4     -1        0  4.37e+05  1.73e+07  5.29e+04  0.00e+00  0.00e+00  0.00e+00  0.00e+00  0.00e+00  0.00e+00  0.00e+00  0.00e+00  0.00e+00  0.00e+00  0.00e+00  0.00e+00  0.00e+00  0.00e+00  0.00e+00  0.00e+00  0.00e+00  0.00e+00 
3.43e+11 2.12e+09 3.95e+11 2.44e+09   24    5     -1        0  4.58e+05  1.71e+07  5.61e+04  0.00e+00  0.00e+00  0.00e+00  0.00e+00  0.00e+00  0.00e+00  0.00e+00  0.00e+00  0.00e+00  0.00e+00  0.00e+00  0.00e+00  0.00e+00  0.00e+00  0.00e+00  0.00e+00  0.00e+00  0.00e+00 
3.43e+11 2.77e+09 3.95e+11 3.19e+09   24    6     -1        0  5.05e+05  1.70e+07  6.29e+04  0.00e+00  0.00e+00  0.00e+00  0.00e+00  0.00e+00  0.00e+00  0.00e+00  0.00e+00  0.00e+00  0.00e+00  0.00e+00  0.00e+00  0.00e+00  0.00e+00  0.00e+00  0.00e+00  0.00e+00  0.00e+00 
3.43e+11 3.62e+09 3.95e+11 4.17e+09   24    7     -1        0  6.08e+05  1.69e+07  7.72e+04  0.00e+00  0.00e+00  0.00e+00  0.00e+00  0.00e+00  0.00e+00  0.00e+00  0.00e+00  0.00e+00  0.00e+00  0.00e+00  0.00e+00  0.00e+00  0.00e+00  0.00e+00  0.00e+00  0.00e+00  0.00e+00 
3.43e+11 4.73e+09 3.95e+11 5.45e+09   24    8     -1        0  8.16e+05  1.66e+07  1.06e+05  0.00e+00  0.00e+00  0.00e+00  0.00e+00  0.00e+00  0.00e+00  0.00e+00  0.00e+00  0.00e+00  0.00e+00  0.00e+00  0.00e+00  0.00e+00  0.00e+00  0.00e+00  0.00e+00  0.00e+00  0.00e+00 
3.43e+11 6.18e+09 3.95e+11 7.12e+09   24    9     -1        0  1.20e+06  1.64e+07  1.61e+05  0.00e+00  0.00e+00  0.00e+00  0.00e+00  0.00e+00  0.00e+00  0.00e+00  0.00e+00  0.00e+00  0.00e+00  0.00e+00  0.00e+00  0.00e+00  0.00e+00  0.00e+00  0.00e+00  0.00e+00  0.00e+00 
3.43e+11 8.07e+09 3.95e+11 9.31e+09   24   10     -1        0  1.86e+06  1.60e+07  2.60e+05  0.00e+00  0.00e+00  0.00e+00  0.00e+00  0.00e+00  0.00e+00  0.00e+00  0.00e+00  0.00e+00  0.00e+00  0.00e+00  0.00e+00  0.00e+00  0.00e+00  0.00e+00  0.00e+00  0.00e+00  0.00e+00 
3.43e+11 1.05e+10 3.95e+11 1.22e+10   24   11     -1        0  2.88e+06  1.57e+07  4.24e+05  0.00e+00  0.00e+00  0.00e+00  0.00e+00  0.00e+00  0.00e+00  0.00e+00  0.00e+00  0.00e+00  0.00e+00  0.00e+00  0.00e+00  0.00e+00  0.00e+00  0.00e+00  0.00e+00  0.00e+00  0.00e+00 
3.43e+11 1.38e+10 3.95e+11 1.59e+10   24   12     -1        0  4.35e+06  1.52e+07  6.81e+05  0.00e+00  0.00e+00  0.00e+00  0.00e+00  0.00e+00  0.00e+00  0.00e+00  0.00e+00  0.00e+00  0.00e+00  0.00e+00  0.00e+00  0.00e+00  0.00e+00  0.00e+00  0.00e+00  0.00e+00  0.00e+00 
3.43e+11 1.80e+10 3.95e+11 2.08e+10   24   13     -1        0  6.31e+06  1.46e+07  1.07e+06  0.00e+00  0.00e+00  0.00e+00  0.00e+00  0.00e+00  0.00e+00  0.00e+00  0.00e+00  0.00e+00  0.00e+00  0.00e+00  0.00e+00  0.00e+00  0.00e+00  0.00e+00  0.00e+00  0.00e+00  0.00e+00 
3.43e+11 2.36e+10 3.95e+11 2.72e+10   24   14     -1        0  8.76e+06  1.40e+07  1.62e+06  0.00e+00  0.00e+00  0.00e+00  0.00e+00  0.00e+00  0.00e+00  0.00e+00  0.00e+00  0.00e+00  0.00e+00  0.00e+00  0.00e+00  0.00e+00  0.00e+00  0.00e+00  0.00e+00  0.00e+00  0.00e+00 
3.43e+11 3.08e+10 3.95e+11 3.55e+10   24   15     -1        0  1.17e+07  1.32e+07  2.41e+06  0.00e+00  0.00e+00  0.00e+00  0.00e+00  0.00e+00  0.00e+00  0.00e+00  0.00e+00  0.00e+00  0.00e+00  0.00e+00  0.00e+00  0.00e+00  0.00e+00  0.00e+00  0.00e+00  0.00e+00  0.00e+00 
3.43e+11 4.02e+10 3.95e+11 4.64e+10   24   16     -1        0  1.50e+07  1.24e+07  3.52e+06  0.00e+00  0.00e+00  0.00e+00  0.00e+00  0.00e+00  0.00e+00  0.00e+00  0.00e+00  0.00e+00  0.00e+00  0.00e+00  0.00e+00  0.00e+00  0.00e+00  0.00e+00  0.00e+00  0.00e+00  0.00e+00 
3.43e+11 5.26e+10 3.95e+11 6.07e+10   24   17     -1        0  1.88e+07  1.16e+07  5.07e+06  0.00e+00  0.00e+00  0.00e+00  0.00e+00  0.00e+00  0.00e+00  0.00e+00  0.00e+00  0.00e+00  0.00e+00  0.00e+00  0.00e+00  0.00e+00  0.00e+00  0.00e+00  0.00e+00  0.00e+00  0.00e+00 
3.43e+11 6.87e+10 3.95e+11 7.93e+10   24   18     -1        0  2.30e+07  1.07e+07  7.28e+06  0.00e+00  0.00e+00  0.00e+00  0.00e+00  0.00e+00  0.00e+00  0.00e+00  0.00e+00  0.00e+00  0.00e+00  0.00e+00  0.00e+00  0.00e+00  0.00e+00  0.00e+00  0.00e+00  0.00e+00  0.00e+00 
3.43e+11 8.98e+10 3.95e+11 1.04e+11   24   19     -1        0  2.75e+07  9.76e+06  1.04e+07  0.00e+00  0.00e+00  0.00e+00  0.00e+00  0.00e+00  0.00e+00  0.00e+00  0.00e+00  0.00e+00  0.00e+00  0.00e+00  0.00e+00  0.00e+00  0.00e+00  0.00e+00  0.00e+00  0.00e+00  0.00e+00 
3.43e+11 1.17e+11 3.95e+11 1.35e+11   24   20     -1        0  3.24e+07  8.86e+06  1.49e+07  0.00e+00  0.00e+00  0.00e+00  0.00e+00  0.00e+00  0.00e+00  0.00e+00  0.00e+00  0.00e+00  0.00e+00  0.00e+00  0.00e+00  0.00e+00  0.00e+00  0.00e+00  0.00e+00  0.00e+00  0.00e+00 
3.43e+11 1.53e+11 3.95e+11 1.77e+11   24   21     -1        0  3.77e+07  7.99e+06  2.13e+07  0.00e+00  0.00e+00  0.00e+00  0.00e+00  0.00e+00  0.00e+00  0.00e+00  0.00e+00  0.00e+00  0.00e+00  0.00e+00  0.00e+00  0.00e+00  0.00e+00  0.00e+00  0.00e+00  0.00e+00  0.00e+00 
3.43e+11 2.01e+11 3.95e+11 2.31e+11   24   22     -1        0  4.32e+07  7.17e+06  3.03e+07  0.00e+00  0.00e+00  0.00e+00  0.00e+00  0.00e+00  0.00e+00  0.00e+00  0.00e+00  0.00e+00  0.00e+00  0.00e+00  0.00e+00  0.00e+00  0.00e+00  0.00e+00  0.00e+00  0.00e+00  0.00e+00 
3.43e+11 2.62e+11 3.95e+11 3.02e+11   24   23     -1        0  4.86e+07  6.39e+06  4.29e+07  0.00e+00  0.00e+00  0.00e+00  0.00e+00  0.00e+00  0.00e+00  0.00e+00  0.00e+00  0.00e+00  0.00e+00  0.00e+00  0.00e+00  0.00e+00  0.00e+00  0.00e+00  0.00e+00  0.00e+00  0.00e+00 
3.43e+11 3.43e+11 3.95e+11 3.95e+11   24   24     -1        0  5.35e+07  5.68e+06  5.98e+07  0.00e+00  0.00e+00  0.00e+00  0.00e+00  0.00e+00  0.00e+00  0.00e+00  0.00e+00  0.00e+00  0.00e+00  0.00e+00  0.00e+00  0.00e+00  0.00e+00  0.00e+00  0.00e+00  0.00e+00  0.00e+00 
3.43e+11 4.48e+11 3.95e+11 5.17e+11   24   25     -1        0  5.74e+07  5.03e+06  8.17e+07  0.00e+00  0.00e+00  0.00e+00  0.00e+00  0.00e+00  0.00e+00  0.00e+00  0.00e+00  0.00e+00  0.00e+00  0.00e+00  0.00e+00  0.00e+00  0.00e+00  0.00e+00  0.00e+00  0.00e+00  0.00e+00 
3.43e+11 5.85e+11 3.95e+11 6.75e+11   24   26      1        2  5.98e+07  4.44e+06  1.09e+08  3.80e+34  0.00e+00  5.10e-18  2.18e+01  3.83e+04  0.00e+00  0.00e+00  0.00e+00  0.00e+00  0.00e+00  0.00e+00  0.00e+00  0.00e+00       inf       inf  4.19e+05  0.00e+00  1.49e+05 
3.43e+11 7.65e+11 3.95e+11 8.83e+11   24   27      1        2  6.03e+07  3.92e+06  1.42e+08  7.84e+34  0.00e+00  5.10e-18  2.18e+01  3.66e+04  0.00e+00  0.00e+00  0.00e+00  0.00e+00  0.00e+00  0.00e+00  0.00e+00  0.00e+00       inf       inf  5.93e+05  0.00e+00  1.98e+05 
3.43e+11 1.00e+12 3.95e+11 1.15e+12   24   28     -1        0  5.91e+07  3.45e+06  1.79e+08  0.00e+00  0.00e+00  0.00e+00  0.00e+00  0.00e+00  0.00e+00  0.00e+00  0.00e+00  0.00e+00  0.00e+00  0.00e+00  0.00e+00  0.00e+00  0.00e+00  0.00e+00  0.00e+00  0.00e+00  0.00e+00 
3.43e+11 1.31e+12 3.95e+11 1.51e+12   24   29     -1        0  5.64e+07  3.03e+06  2.22e+08  0.00e+00  0.00e+00  0.00e+00  0.00e+00  0.00e+00  0.00e+00  0.00e+00  0.00e+00  0.00e+00  0.00e+00  0.00e+00  0.00e+00  0.00e+00  0.00e+00  0.00e+00  0.00e+00  0.00e+00  0.00e+00 
4.48e+11 0.00e+00 5.17e+11 3.63e+08   25    0     -1        0  3.80e+05  1.54e+07  3.39e+04  0.00e+00  0.00e+00  0.00e+00  0.00e+00  0.00e+00  0.00e+00  0.00e+00  0.00e+00  0.00e+00  0.00e+00  0.00e+00  0.00e+00  0.00e+00  0.00e+00  0.00e+00  0.00e+00  0.00e+00  0.00e+00 
4.48e+11 7.25e+08 5.17e+11 8.37e+08   25    1     -1        0  3.84e+05  1.53e+07  3.48e+04  0.00e+00  0.00e+00  0.00e+00  0.00e+00  0.00e+00  0.00e+00  0.00e+00  0.00e+00  0.00e+00  0.00e+00  0.00e+00  0.00e+00  0.00e+00  0.00e+00  0.00e+00  0.00e+00  0.00e+00  0.00e+00 
4.48e+11 9.48e+08 5.17e+11 1.09e+09   25    2     -1        0  3.87e+05  1.52e+07  3.53e+04  0.00e+00  0.00e+00  0.00e+00  0.00e+00  0.00e+00  0.00e+00  0.00e+00  0.00e+00  0.00e+00  0.00e+00  0.00e+00  0.00e+00  0.00e+00  0.00e+00  0.00e+00  0.00e+00  0.00e+00  0.00e+00 
4.48e+11 1.24e+09 5.17e+11 1.43e+09   25    3     -1        0  3.95e+05  1.52e+07  3.63e+04  0.00e+00  0.00e+00  0.00e+00  0.00e+00  0.00e+00  0.00e+00  0.00e+00  0.00e+00  0.00e+00  0.00e+00  0.00e+00  0.00e+00  0.00e+00  0.00e+00  0.00e+00  0.00e+00  0.00e+00  0.00e+00 
4.48e+11 1.62e+09 5.17e+11 1.87e+09   25    4     -1        0  4.14e+05  1.51e+07  3.83e+04  0.00e+00  0.00e+00  0.00e+00  0.00e+00  0.00e+00  0.00e+00  0.00e+00  0.00e+00  0.00e+00  0.00e+00  0.00e+00  0.00e+00  0.00e+00  0.00e+00  0.00e+00  0.00e+00  0.00e+00  0.00e+00 
4.48e+11 2.12e+09 5.17e+11 2.44e+09   25    5     -1        0  4.57e+05  1.50e+07  4.28e+04  0.00e+00  0.00e+00  0.00e+00  0.00e+00  0.00e+00  0.00e+00  0.00e+00  0.00e+00  0.00e+00  0.00e+00  0.00e+00  0.00e+00  0.00e+00  0.00e+00  0.00e+00  0.00e+00  0.00e+00  0.00e+00 
4.48e+11 2.77e+09 5.17e+11 3.19e+09   25    6     -1        0  5.51e+05  1.49e+07  5.25e+04  0.00e+00  0.00e+00  0.00e+00  0.00e+00  0.00e+00  0.00e+00  0.00e+00  0.00e+00  0.00e+00  0.00e+00  0.00e+00  0.00e+00  0.00e+00  0.00e+00  0.00e+00  0.00e+00  0.00e+00  0.00e+00 
4.48e+11 3.62e+09 5.17e+11 4.17e+09   25    7     -1        0  7.43e+05  1.47e+07  7.22e+04  0.00e+00  0.00e+00  0.00e+00  0.00e+00  0.00e+00  0.00e+00  0.00e+00  0.00e+00  0.00e+00  0.00e+00  0.00e+00  0.00e+00  0.00e+00  0.00e+00  0.00e+00  0.00e+00  0.00e+00  0.00e+00 
4.48e+11 4.73e+09 5.17e+11 5.45e+09   25    8     -1        0  1.10e+06  1.46e+07  1.10e+05  0.00e+00  0.00e+00  0.00e+00  0.00e+00  0.00e+00  0.00e+00  0.00e+00  0.00e+00  0.00e+00  0.00e+00  0.00e+00  0.00e+00  0.00e+00  0.00e+00  0.00e+00  0.00e+00  0.00e+00  0.00e+00 
4.48e+11 6.18e+09 5.17e+11 7.12e+09   25    9     -1        0  1.73e+06  1.43e+07  1.77e+05  0.00e+00  0.00e+00  0.00e+00  0.00e+00  0.00e+00  0.00e+00  0.00e+00  0.00e+00  0.00e+00  0.00e+00  0.00e+00  0.00e+00  0.00e+00  0.00e+00  0.00e+00  0.00e+00  0.00e+00  0.00e+00 
4.48e+11 8.07e+09 5.17e+11 9.31e+09   25   10     -1        0  2.70e+06  1.40e+07  2.89e+05  0.00e+00  0.00e+00  0.00e+00  0.00e+00  0.00e+00  0.00e+00  0.00e+00  0.00e+00  0.00e+00  0.00e+00  0.00e+00  0.00e+00  0.00e+00  0.00e+00  0.00e+00  0.00e+00  0.00e+00  0.00e+00 
4.48e+11 1.05e+10 5.17e+11 1.22e+10   25   11     -1        0  4.12e+06  1.37e+07  4.63e+05  0.00e+00  0.00e+00  0.00e+00  0.00e+00  0.00e+00  0.00e+00  0.00e+00  0.00e+00  0.00e+00  0.00e+00  0.00e+00  0.00e+00  0.00e+00  0.00e+00  0.00e+00  0.00e+00  0.00e+00  0.00e+00 
4.48e+11 1.38e+10 5.17e+11 1.59e+10   25   12     -1        0  6.01e+06  1.33e+07  7.20e+05  0.00e+00  0.00e+00  0.00e+00  0.00e+00  0.00e+00  0.00e+00  0.00e+00  0.00e+00  0.00e+00  0.00e+00  0.00e+00  0.00e+00  0.00e+00  0.00e+00  0.00e+00  0.00e+00  0.00e+00  0.00e+00 
4.48e+11 1.80e+10 5.17e+11 2.08e+10   25   13     -1        0  8.37e+06  1.28e+07  1.08e+06  0.00e+00  0.00e+00  0.00e+00  0.00e+00  0.00e+00  0.00e+00  0.00e+00  0.00e+00  0.00e+00  0.00e+00  0.00e+00  0.00e+00  0.00e+00  0.00e+00  0.00e+00  0.00e+00  0.00e+00  0.00e+00 
4.48e+11 2.36e+10 5.17e+11 2.72e+10   25   14     -1        0  1.12e+07  1.22e+07  1.58e+06  0.00e+00  0.00e+00  0.00e+00  0.00e+00  0.00e+00  0.00e+00  0.00e+00  0.00e+00  0.00e+00  0.00e+00  0.00e+00  0.00e+00  0.00e+00  0.00e+00  0.00e+00  0.00e+00  0.00e+00  0.00e+00 
4.48e+11 3.08e+10 5.17e+11 3.55e+10   25   15     -1        0  1.44e+07  1.16e+07  2.27e+06  0.00e+00  0.00e+00  0.00e+00  0.00e+00  0.00e+00  0.00e+00  0.00e+00  0.00e+00  0.00e+00  0.00e+00  0.00e+00  0.00e+00  0.00e+00  0.00e+00  0.00e+00  0.00e+00  0.00e+00  0.00e+00 
4.48e+11 4.02e+10 5.17e+11 4.64e+10   25   16     -1        0  1.79e+07  1.09e+07  3.21e+06  0.00e+00  0.00e+00  0.00e+00  0.00e+00  0.00e+00  0.00e+00  0.00e+00  0.00e+00  0.00e+00  0.00e+00  0.00e+00  0.00e+00  0.00e+00  0.00e+00  0.00e+00  0.00e+00  0.00e+00  0.00e+00 
4.48e+11 5.26e+10 5.17e+11 6.07e+10   25   17     -1        0  2.18e+07  1.01e+07  4.50e+06  0.00e+00  0.00e+00  0.00e+00  0.00e+00  0.00e+00  0.00e+00  0.00e+00  0.00e+00  0.00e+00  0.00e+00  0.00e+00  0.00e+00  0.00e+00  0.00e+00  0.00e+00  0.00e+00  0.00e+00  0.00e+00 
4.48e+11 6.87e+10 5.17e+11 7.93e+10   25   18     -1        0  2.60e+07  9.33e+06  6.32e+06  0.00e+00  0.00e+00  0.00e+00  0.00e+00  0.00e+00  0.00e+00  0.00e+00  0.00e+00  0.00e+00  0.00e+00  0.00e+00  0.00e+00  0.00e+00  0.00e+00  0.00e+00  0.00e+00  0.00e+00  0.00e+00 
4.48e+11 8.98e+10 5.17e+11 1.04e+11   25   19     -1        0  3.07e+07  8.54e+06  8.88e+06  0.00e+00  0.00e+00  0.00e+00  0.00e+00  0.00e+00  0.00e+00  0.00e+00  0.00e+00  0.00e+00  0.00e+00  0.00e+00  0.00e+00  0.00e+00  0.00e+00  0.00e+00  0.00e+00  0.00e+00  0.00e+00 
4.48e+11 1.17e+11 5.17e+11 1.35e+11   25   20     -1        0  3.56e+07  7.75e+06  1.25e+07  0.00e+00  0.00e+00  0.00e+00  0.00e+00  0.00e+00  0.00e+00  0.00e+00  0.00e+00  0.00e+00  0.00e+00  0.00e+00  0.00e+00  0.00e+00  0.00e+00  0.00e+00  0.00e+00  0.00e+00  0.00e+00 
4.48e+11 1.53e+11 5.17e+11 1.77e+11   25   21     -1        0  4.10e+07  6.99e+06  1.77e+07  0.00e+00  0.00e+00  0.00e+00  0.00e+00  0.00e+00  0.00e+00  0.00e+00  0.00e+00  0.00e+00  0.00e+00  0.00e+00  0.00e+00  0.00e+00  0.00e+00  0.00e+00  0.00e+00  0.00e+00  0.00e+00 
4.48e+11 2.01e+11 5.17e+11 2.31e+11   25   22     -1        0  4.66e+07  6.27e+06  2.50e+07  0.00e+00  0.00e+00  0.00e+00  0.00e+00  0.00e+00  0.00e+00  0.00e+00  0.00e+00  0.00e+00  0.00e+00  0.00e+00  0.00e+00  0.00e+00  0.00e+00  0.00e+00  0.00e+00  0.00e+00  0.00e+00 
4.48e+11 2.62e+11 5.17e+11 3.02e+11   25   23     -1        0  5.23e+07  5.59e+06  3.53e+07  0.00e+00  0.00e+00  0.00e+00  0.00e+00  0.00e+00  0.00e+00  0.00e+00  0.00e+00  0.00e+00  0.00e+00  0.00e+00  0.00e+00  0.00e+00  0.00e+00  0.00e+00  0.00e+00  0.00e+00  0.00e+00 
4.48e+11 3.43e+11 5.17e+11 3.95e+11   25   24     -1        0  5.77e+07  4.97e+06  4.93e+07  0.00e+00  0.00e+00  0.00e+00  0.00e+00  0.00e+00  0.00e+00  0.00e+00  0.00e+00  0.00e+00  0.00e+00  0.00e+00  0.00e+00  0.00e+00  0.00e+00  0.00e+00  0.00e+00  0.00e+00  0.00e+00 
4.48e+11 4.48e+11 5.17e+11 5.17e+11   25   25     -1        0  6.23e+07  4.40e+06  6.78e+07  0.00e+00  0.00e+00  0.00e+00  0.00e+00  0.00e+00  0.00e+00  0.00e+00  0.00e+00  0.00e+00  0.00e+00  0.00e+00  0.00e+00  0.00e+00  0.00e+00  0.00e+00  0.00e+00  0.00e+00  0.00e+00 
4.48e+11 5.85e+11 5.17e+11 6.75e+11   25   26     -1        0  6.54e+07  3.89e+06  9.13e+07  0.00e+00  0.00e+00  0.00e+00  0.00e+00  0.00e+00  0.00e+00  0.00e+00  0.00e+00  0.00e+00  0.00e+00  0.00e+00  0.00e+00  0.00e+00  0.00e+00  0.00e+00  0.00e+00  0.00e+00  0.00e+00 
4.48e+11 7.65e+11 5.17e+11 8.83e+11   25   27      1        2  6.66e+07  3.43e+06  1.20e+08  1.41e+34  0.00e+00  5.10e-18  2.18e+01  3.86e+04  0.00e+00  0.00e+00  0.00e+00  0.00e+00  0.00e+00  0.00e+00  0.00e+00  0.00e+00       inf       inf  2.35e+05  0.00e+00  8.61e+04 
4.48e+11 1.00e+12 5.17e+11 1.15e+12   25   28     -1        0  6.59e+07  3.01e+06  1.53e+08  0.00e+00  0.00e+00  0.00e+00  0.00e+00  0.00e+00  0.00e+00  0.00e+00  0.00e+00  0.00e+00  0.00e+00  0.00e+00  0.00e+00  0.00e+00  0.00e+00  0.00e+00  0.00e+00  0.00e+00  0.00e+00 
4.48e+11 1.31e+12 5.17e+11 1.51e+12   25   29     -1        0  6.35e+07  2.65e+06  1.91e+08  0.00e+00  0.00e+00  0.00e+00  0.00e+00  0.00e+00  0.00e+00  0.00e+00  0.00e+00  0.00e+00  0.00e+00  0.00e+00  0.00e+00  0.00e+00  0.00e+00  0.00e+00  0.00e+00  0.00e+00  0.00e+00 
5.85e+11 0.00e+00 6.75e+11 3.63e+08   26    0     -1        0  3.45e+05  1.35e+07  2.35e+04  0.00e+00  0.00e+00  0.00e+00  0.00e+00  0.00e+00  0.00e+00  0.00e+00  0.00e+00  0.00e+00  0.00e+00  0.00e+00  0.00e+00  0.00e+00  0.00e+00  0.00e+00  0.00e+00  0.00e+00  0.00e+00 
5.85e+11 7.25e+08 6.75e+11 8.37e+08   26    1     -1        0  3.50e+05  1.33e+07  2.43e+04  0.00e+00  0.00e+00  0.00e+00  0.00e+00  0.00e+00  0.00e+00  0.00e+00  0.00e+00  0.00e+00  0.00e+00  0.00e+00  0.00e+00  0.00e+00  0.00e+00  0.00e+00  0.00e+00  0.00e+00  0.00e+00 
5.85e+11 9.48e+08 6.75e+11 1.09e+09   26    2     -1        0  3.57e+05  1.33e+07  2.49e+04  0.00e+00  0.00e+00  0.00e+00  0.00e+00  0.00e+00  0.00e+00  0.00e+00  0.00e+00  0.00e+00  0.00e+00  0.00e+00  0.00e+00  0.00e+00  0.00e+00  0.00e+00  0.00e+00  0.00e+00  0.00e+00 
5.85e+11 1.24e+09 6.75e+11 1.43e+09   26    3     -1        0  3.74e+05  1.33e+07  2.62e+04  0.00e+00  0.00e+00  0.00e+00  0.00e+00  0.00e+00  0.00e+00  0.00e+00  0.00e+00  0.00e+00  0.00e+00  0.00e+00  0.00e+00  0.00e+00  0.00e+00  0.00e+00  0.00e+00  0.00e+00  0.00e+00 
5.85e+11 1.62e+09 6.75e+11 1.87e+09   26    4     -1        0  4.12e+05  1.32e+07  2.92e+04  0.00e+00  0.00e+00  0.00e+00  0.00e+00  0.00e+00  0.00e+00  0.00e+00  0.00e+00  0.00e+00  0.00e+00  0.00e+00  0.00e+00  0.00e+00  0.00e+00  0.00e+00  0.00e+00  0.00e+00  0.00e+00 
5.85e+11 2.12e+09 6.75e+11 2.44e+09   26    5     -1        0  4.98e+05  1.31e+07  3.57e+04  0.00e+00  0.00e+00  0.00e+00  0.00e+00  0.00e+00  0.00e+00  0.00e+00  0.00e+00  0.00e+00  0.00e+00  0.00e+00  0.00e+00  0.00e+00  0.00e+00  0.00e+00  0.00e+00  0.00e+00  0.00e+00 
5.85e+11 2.77e+09 6.75e+11 3.19e+09   26    6     -1        0  6.74e+05  1.30e+07  4.91e+04  0.00e+00  0.00e+00  0.00e+00  0.00e+00  0.00e+00  0.00e+00  0.00e+00  0.00e+00  0.00e+00  0.00e+00  0.00e+00  0.00e+00  0.00e+00  0.00e+00  0.00e+00  0.00e+00  0.00e+00  0.00e+00 
5.85e+11 3.62e+09 6.75e+11 4.17e+09   26    7     -1        0  1.01e+06  1.29e+07  7.49e+04  0.00e+00  0.00e+00  0.00e+00  0.00e+00  0.00e+00  0.00e+00  0.00e+00  0.00e+00  0.00e+00  0.00e+00  0.00e+00  0.00e+00  0.00e+00  0.00e+00  0.00e+00  0.00e+00  0.00e+00  0.00e+00 
5.85e+11 4.73e+09 6.75e+11 5.45e+09   26    8     -1        0  1.59e+06  1.27e+07  1.21e+05  0.00e+00  0.00e+00  0.00e+00  0.00e+00  0.00e+00  0.00e+00  0.00e+00  0.00e+00  0.00e+00  0.00e+00  0.00e+00  0.00e+00  0.00e+00  0.00e+00  0.00e+00  0.00e+00  0.00e+00  0.00e+00 
5.85e+11 6.18e+09 6.75e+11 7.12e+09   26    9     -1        0  2.51e+06  1.25e+07  1.97e+05  0.00e+00  0.00e+00  0.00e+00  0.00e+00  0.00e+00  0.00e+00  0.00e+00  0.00e+00  0.00e+00  0.00e+00  0.00e+00  0.00e+00  0.00e+00  0.00e+00  0.00e+00  0.00e+00  0.00e+00  0.00e+00 
5.85e+11 8.07e+09 6.75e+11 9.31e+09   26   10     -1        0  3.84e+06  1.23e+07  3.14e+05  0.00e+00  0.00e+00  0.00e+00  0.00e+00  0.00e+00  0.00e+00  0.00e+00  0.00e+00  0.00e+00  0.00e+00  0.00e+00  0.00e+00  0.00e+00  0.00e+00  0.00e+00  0.00e+00  0.00e+00  0.00e+00 
5.85e+11 1.05e+10 6.75e+11 1.22e+10   26   11     -1        0  5.62e+06  1.20e+07  4.84e+05  0.00e+00  0.00e+00  0.00e+00  0.00e+00  0.00e+00  0.00e+00  0.00e+00  0.00e+00  0.00e+00  0.00e+00  0.00e+00  0.00e+00  0.00e+00  0.00e+00  0.00e+00  0.00e+00  0.00e+00  0.00e+00 
5.85e+11 1.38e+10 6.75e+11 1.59e+10   26   12     -1        0  7.85e+06  1.16e+07  7.20e+05  0.00e+00  0.00e+00  0.00e+00  0.00e+00  0.00e+00  0.00e+00  0.00e+00  0.00e+00  0.00e+00  0.00e+00  0.00e+00  0.00e+00  0.00e+00  0.00e+00  0.00e+00  0.00e+00  0.00e+00  0.00e+00 
5.85e+11 1.80e+10 6.75e+11 2.08e+10   26   13     -1        0  1.05e+07  1.12e+07  1.04e+06  0.00e+00  0.00e+00  0.00e+00  0.00e+00  0.00e+00  0.00e+00  0.00e+00  0.00e+00  0.00e+00  0.00e+00  0.00e+00  0.00e+00  0.00e+00  0.00e+00  0.00e+00  0.00e+00  0.00e+00  0.00e+00 
5.85e+11 2.36e+10 6.75e+11 2.72e+10   26   14     -1        0  1.35e+07  1.07e+07  1.46e+06  0.00e+00  0.00e+00  0.00e+00  0.00e+00  0.00e+00  0.00e+00  0.00e+00  0.00e+00  0.00e+00  0.00e+00  0.00e+00  0.00e+00  0.00e+00  0.00e+00  0.00e+00  0.00e+00  0.00e+00  0.00e+00 
5.85e+11 3.08e+10 6.75e+11 3.55e+10   26   15     -1        0  1.67e+07  1.01e+07  2.02e+06  0.00e+00  0.00e+00  0.00e+00  0.00e+00  0.00e+00  0.00e+00  0.00e+00  0.00e+00  0.00e+00  0.00e+00  0.00e+00  0.00e+00  0.00e+00  0.00e+00  0.00e+00  0.00e+00  0.00e+00  0.00e+00 
5.85e+11 4.02e+10 6.75e+11 4.64e+10   26   16     -1        0  2.03e+07  9.50e+06  2.77e+06  0.00e+00  0.00e+00  0.00e+00  0.00e+00  0.00e+00  0.00e+00  0.00e+00  0.00e+00  0.00e+00  0.00e+00  0.00e+00  0.00e+00  0.00e+00  0.00e+00  0.00e+00  0.00e+00  0.00e+00  0.00e+00 
5.85e+11 5.26e+10 6.75e+11 6.07e+10   26   17     -1        0  2.41e+07  8.84e+06  3.81e+06  0.00e+00  0.00e+00  0.00e+00  0.00e+00  0.00e+00  0.00e+00  0.00e+00  0.00e+00  0.00e+00  0.00e+00  0.00e+00  0.00e+00  0.00e+00  0.00e+00  0.00e+00  0.00e+00  0.00e+00  0.00e+00 
5.85e+11 6.87e+10 6.75e+11 7.93e+10   26   18     -1        0  2.83e+07  8.16e+06  5.24e+06  0.00e+00  0.00e+00  0.00e+00  0.00e+00  0.00e+00  0.00e+00  0.00e+00  0.00e+00  0.00e+00  0.00e+00  0.00e+00  0.00e+00  0.00e+00  0.00e+00  0.00e+00  0.00e+00  0.00e+00  0.00e+00 
5.85e+11 8.98e+10 6.75e+11 1.04e+11   26   19     -1        0  3.28e+07  7.47e+06  7.26e+06  0.00e+00  0.00e+00  0.00e+00  0.00e+00  0.00e+00  0.00e+00  0.00e+00  0.00e+00  0.00e+00  0.00e+00  0.00e+00  0.00e+00  0.00e+00  0.00e+00  0.00e+00  0.00e+00  0.00e+00  0.00e+00 
5.85e+11 1.17e+11 6.75e+11 1.35e+11   26   20     -1        0  3.77e+07  6.78e+06  1.01e+07  0.00e+00  0.00e+00  0.00e+00  0.00e+00  0.00e+00  0.00e+00  0.00e+00  0.00e+00  0.00e+00  0.00e+00  0.00e+00  0.00e+00  0.00e+00  0.00e+00  0.00e+00  0.00e+00  0.00e+00  0.00e+00 
5.85e+11 1.53e+11 6.75e+11 1.77e+11   26   21     -1        0  4.30e+07  6.12e+06  1.42e+07  0.00e+00  0.00e+00  0.00e+00  0.00e+00  0.00e+00  0.00e+00  0.00e+00  0.00e+00  0.00e+00  0.00e+00  0.00e+00  0.00e+00  0.00e+00  0.00e+00  0.00e+00  0.00e+00  0.00e+00  0.00e+00 
5.85e+11 2.01e+11 6.75e+11 2.31e+11   26   22     -1        0  4.87e+07  5.48e+06  2.00e+07  0.00e+00  0.00e+00  0.00e+00  0.00e+00  0.00e+00  0.00e+00  0.00e+00  0.00e+00  0.00e+00  0.00e+00  0.00e+00  0.00e+00  0.00e+00  0.00e+00  0.00e+00  0.00e+00  0.00e+00  0.00e+00 
5.85e+11 2.62e+11 6.75e+11 3.02e+11   26   23     -1        0  5.47e+07  4.89e+06  2.82e+07  0.00e+00  0.00e+00  0.00e+00  0.00e+00  0.00e+00  0.00e+00  0.00e+00  0.00e+00  0.00e+00  0.00e+00  0.00e+00  0.00e+00  0.00e+00  0.00e+00  0.00e+00  0.00e+00  0.00e+00  0.00e+00 
5.85e+11 3.43e+11 6.75e+11 3.95e+11   26   24     -1        0  6.06e+07  4.35e+06  3.96e+07  0.00e+00  0.00e+00  0.00e+00  0.00e+00  0.00e+00  0.00e+00  0.00e+00  0.00e+00  0.00e+00  0.00e+00  0.00e+00  0.00e+00  0.00e+00  0.00e+00  0.00e+00  0.00e+00  0.00e+00  0.00e+00 
5.85e+11 4.48e+11 6.75e+11 5.17e+11   26   25     -1        0  6.59e+07  3.85e+06  5.49e+07  0.00e+00  0.00e+00  0.00e+00  0.00e+00  0.00e+00  0.00e+00  0.00e+00  0.00e+00  0.00e+00  0.00e+00  0.00e+00  0.00e+00  0.00e+00  0.00e+00  0.00e+00  0.00e+00  0.00e+00  0.00e+00 
5.85e+11 5.85e+11 6.75e+11 6.75e+11   26   26     -1        0  7.00e+07  3.40e+06  7.48e+07  0.00e+00  0.00e+00  0.00e+00  0.00e+00  0.00e+00  0.00e+00  0.00e+00  0.00e+00  0.00e+00  0.00e+00  0.00e+00  0.00e+00  0.00e+00  0.00e+00  0.00e+00  0.00e+00  0.00e+00  0.00e+00 
5.85e+11 7.65e+11 6.75e+11 8.83e+11   26   27     -1        0  7.23e+07  3.00e+06  9.95e+07  0.00e+00  0.00e+00  0.00e+00  0.00e+00  0.00e+00  0.00e+00  0.00e+00  0.00e+00  0.00e+00  0.00e+00  0.00e+00  0.00e+00  0.00e+00  0.00e+00  0.00e+00  0.00e+00  0.00e+00  0.00e+00 
5.85e+11 1.00e+12 6.75e+11 1.15e+12   26   28     -1        0  7.25e+07  2.64e+06  1.29e+08  0.00e+00  0.00e+00  0.00e+00  0.00e+00  0.00e+00  0.00e+00  0.00e+00  0.00e+00  0.00e+00  0.00e+00  0.00e+00  0.00e+00  0.00e+00  0.00e+00  0.00e+00  0.00e+00  0.00e+00  0.00e+00 
5.85e+11 1.31e+12 6.75e+11 1.51e+12   26   29     -1        0  7.07e+07  2.32e+06  1.63e+08  0.00e+00  0.00e+00  0.00e+00  0.00e+00  0.00e+00  0.00e+00  0.00e+00  0.00e+00  0.00e+00  0.00e+00  0.00e+00  0.00e+00  0.00e+00  0.00e+00  0.00e+00  0.00e+00  0.00e+00  0.00e+00 
7.65e+11 0.00e+00 8.83e+11 3.63e+08   27    0     -1        0  3.12e+05  1.18e+07  1.63e+04  0.00e+00  0.00e+00  0.00e+00  0.00e+00  0.00e+00  0.00e+00  0.00e+00  0.00e+00  0.00e+00  0.00e+00  0.00e+00  0.00e+00  0.00e+00  0.00e+00  0.00e+00  0.00e+00  0.00e+00  0.00e+00 
7.65e+11 7.25e+08 8.83e+11 8.37e+08   27    1     -1        0  3.23e+05  1.17e+07  1.71e+04  0.00e+00  0.00e+00  0.00e+00  0.00e+00  0.00e+00  0.00e+00  0.00e+00  0.00e+00  0.00e+00  0.00e+00  0.00e+00  0.00e+00  0.00e+00  0.00e+00  0.00e+00  0.00e+00  0.00e+00  0.00e+00 
7.65e+11 9.48e+08 8.83e+11 1.09e+09   27    2     -1        0  3.37e+05  1.16e+07  1.80e+04  0.00e+00  0.00e+00  0.00e+00  0.00e+00  0.00e+00  0.00e+00  0.00e+00  0.00e+00  0.00e+00  0.00e+00  0.00e+00  0.00e+00  0.00e+00  0.00e+00  0.00e+00  0.00e+00  0.00e+00  0.00e+00 
7.65e+11 1.24e+09 8.83e+11 1.43e+09   27    3     -1        0  3.72e+05  1.16e+07  2.00e+04  0.00e+00  0.00e+00  0.00e+00  0.00e+00  0.00e+00  0.00e+00  0.00e+00  0.00e+00  0.00e+00  0.00e+00  0.00e+00  0.00e+00  0.00e+00  0.00e+00  0.00e+00  0.00e+00  0.00e+00  0.00e+00 
7.65e+11 1.62e+09 8.83e+11 1.87e+09   27    4     -1        0  4.49e+05  1.15e+07  2.43e+04  0.00e+00  0.00e+00  0.00e+00  0.00e+00  0.00e+00  0.00e+00  0.00e+00  0.00e+00  0.00e+00  0.00e+00  0.00e+00  0.00e+00  0.00e+00  0.00e+00  0.00e+00  0.00e+00  0.00e+00  0.00e+00 
7.65e+11 2.12e+09 8.83e+11 2.44e+09   27    5     -1        0  6.09e+05  1.15e+07  3.34e+04  0.00e+00  0.00e+00  0.00e+00  0.00e+00  0.00e+00  0.00e+00  0.00e+00  0.00e+00  0.00e+00  0.00e+00  0.00e+00  0.00e+00  0.00e+00  0.00e+00  0.00e+00  0.00e+00  0.00e+00  0.00e+00 
7.65e+11 2.77e+09 8.83e+11 3.19e+09   27    6     -1        0  9.14e+05  1.14e+07  5.10e+04  0.00e+00  0.00e+00  0.00e+00  0.00e+00  0.00e+00  0.00e+00  0.00e+00  0.00e+00  0.00e+00  0.00e+00  0.00e+00  0.00e+00  0.00e+00  0.00e+00  0.00e+00  0.00e+00  0.00e+00  0.00e+00 
7.65e+11 3.62e+09 8.83e+11 4.17e+09   27    7     -1        0  1.45e+06  1.13e+07  8.23e+04  0.00e+00  0.00e+00  0.00e+00  0.00e+00  0.00e+00  0.00e+00  0.00e+00  0.00e+00  0.00e+00  0.00e+00  0.00e+00  0.00e+00  0.00e+00  0.00e+00  0.00e+00  0.00e+00  0.00e+00  0.00e+00 
7.65e+11 4.73e+09 8.83e+11 5.45e+09   27    8     -1        0  2.30e+06  1.11e+07  1.34e+05  0.00e+00  0.00e+00  0.00e+00  0.00e+00  0.00e+00  0.00e+00  0.00e+00  0.00e+00  0.00e+00  0.00e+00  0.00e+00  0.00e+00  0.00e+00  0.00e+00  0.00e+00  0.00e+00  0.00e+00  0.00e+00 
7.65e+11 6.18e+09 8.83e+11 7.12e+09   27    9     -1        0  3.53e+06  1.10e+07  2.13e+05  0.00e+00  0.00e+00  0.00e+00  0.00e+00  0.00e+00  0.00e+00  0.00e+00  0.00e+00  0.00e+00  0.00e+00  0.00e+00  0.00e+00  0.00e+00  0.00e+00  0.00e+00  0.00e+00  0.00e+00  0.00e+00 
7.65e+11 8.07e+09 8.83e+11 9.31e+09   27   10     -1        0  5.19e+06  1.07e+07  3.25e+05  0.00e+00  0.00e+00  0.00e+00  0.00e+00  0.00e+00  0.00e+00  0.00e+00  0.00e+00  0.00e+00  0.00e+00  0.00e+00  0.00e+00  0.00e+00  0.00e+00  0.00e+00  0.00e+00  0.00e+00  0.00e+00 
7.65e+11 1.05e+10 8.83e+11 1.22e+10   27   11     -1        0  7.25e+06  1.05e+07  4.78e+05  0.00e+00  0.00e+00  0.00e+00  0.00e+00  0.00e+00  0.00e+00  0.00e+00  0.00e+00  0.00e+00  0.00e+00  0.00e+00  0.00e+00  0.00e+00  0.00e+00  0.00e+00  0.00e+00  0.00e+00  0.00e+00 
7.65e+11 1.38e+10 8.83e+11 1.59e+10   27   12     -1        0  9.67e+06  1.02e+07  6.79e+05  0.00e+00  0.00e+00  0.00e+00  0.00e+00  0.00e+00  0.00e+00  0.00e+00  0.00e+00  0.00e+00  0.00e+00  0.00e+00  0.00e+00  0.00e+00  0.00e+00  0.00e+00  0.00e+00  0.00e+00  0.00e+00 
7.65e+11 1.80e+10 8.83e+11 2.08e+10   27   13     -1        0  1.24e+07  9.77e+06  9.37e+05  0.00e+00  0.00e+00  0.00e+00  0.00e+00  0.00e+00  0.00e+00  0.00e+00  0.00e+00  0.00e+00  0.00e+00  0.00e+00  0.00e+00  0.00e+00  0.00e+00  0.00e+00  0.00e+00  0.00e+00  0.00e+00 
7.65e+11 2.36e+10 8.83e+11 2.72e+10   27   14     -1        0  1.53e+07  9.34e+06  1.27e+06  0.00e+00  0.00e+00  0.00e+00  0.00e+00  0.00e+00  0.00e+00  0.00e+00  0.00e+00  0.00e+00  0.00e+00  0.00e+00  0.00e+00  0.00e+00  0.00e+00  0.00e+00  0.00e+00  0.00e+00  0.00e+00 
7.65e+11 3.08e+10 8.83e+11 3.55e+10   27   15     -1        0  1.85e+07  8.85e+06  1.71e+06  0.00e+00  0.00e+00  0.00e+00  0.00e+00  0.00e+00  0.00e+00  0.00e+00  0.00e+00  0.00e+00  0.00e+00  0.00e+00  0.00e+00  0.00e+00  0.00e+00  0.00e+00  0.00e+00  0.00e+00  0.00e+00 
7.65e+11 4.02e+10 8.83e+11 4.64e+10   27   16     -1        0  2.19e+07  8.31e+06  2.29e+06  0.00e+00  0.00e+00  0.00e+00  0.00e+00  0.00e+00  0.00e+00  0.00e+00  0.00e+00  0.00e+00  0.00e+00  0.00e+00  0.00e+00  0.00e+00  0.00e+00  0.00e+00  0.00e+00  0.00e+00  0.00e+00 
7.65e+11 5.26e+10 8.83e+11 6.07e+10   27   17     -1        0  2.55e+07  7.73e+06  3.08e+06  0.00e+00  0.00e+00  0.00e+00  0.00e+00  0.00e+00  0.00e+00  0.00e+00  0.00e+00  0.00e+00  0.00e+00  0.00e+00  0.00e+00  0.00e+00  0.00e+00  0.00e+00  0.00e+00  0.00e+00  0.00e+00 
7.65e+11 6.87e+10 8.83e+11 7.93e+10   27   18     -1        0  2.94e+07  7.14e+06  4.18e+06  0.00e+00  0.00e+00  0.00e+00  0.00e+00  0.00e+00  0.00e+00  0.00e+00  0.00e+00  0.00e+00  0.00e+00  0.00e+00  0.00e+00  0.00e+00  0.00e+00  0.00e+00  0.00e+00  0.00e+00  0.00e+00 
7.65e+11 8.98e+10 8.83e+11 1.04e+11   27   19     -1        0  3.37e+07  6.53e+06  5.72e+06  0.00e+00  0.00e+00  0.00e+00  0.00e+00  0.00e+00  0.00e+00  0.00e+00  0.00e+00  0.00e+00  0.00e+00  0.00e+00  0.00e+00  0.00e+00  0.00e+00  0.00e+00  0.00e+00  0.00e+00  0.00e+00 
7.65e+11 1.17e+11 8.83e+11 1.35e+11   27   20     -1        0  3.84e+07  5.93e+06  7.90e+06  0.00e+00  0.00e+00  0.00e+00  0.00e+00  0.00e+00  0.00e+00  0.00e+00  0.00e+00  0.00e+00  0.00e+00  0.00e+00  0.00e+00  0.00e+00  0.00e+00  0.00e+00  0.00e+00  0.00e+00  0.00e+00 
7.65e+11 1.53e+11 8.83e+11 1.77e+11   27   21     -1        0  4.36e+07  5.35e+06  1.10e+07  0.00e+00  0.00e+00  0.00e+00  0.00e+00  0.00e+00  0.00e+00  0.00e+00  0.00e+00  0.00e+00  0.00e+00  0.00e+00  0.00e+00  0.00e+00  0.00e+00  0.00e+00  0.00e+00  0.00e+00  0.00e+00 
7.65e+11 2.01e+11 8.83e+11 2.31e+11   27   22     -1        0  4.93e+07  4.80e+06  1.55e+07  0.00e+00  0.00e+00  0.00e+00  0.00e+00  0.00e+00  0.00e+00  0.00e+00  0.00e+00  0.00e+00  0.00e+00  0.00e+00  0.00e+00  0.00e+00  0.00e+00  0.00e+00  0.00e+00  0.00e+00  0.00e+00 
7.65e+11 2.62e+11 8.83e+11 3.02e+11   27   23     -1        0  5.54e+07  4.28e+06  2.19e+07  0.00e+00  0.00e+00  0.00e+00  0.00e+00  0.00e+00  0.00e+00  0.00e+00  0.00e+00  0.00e+00  0.00e+00  0.00e+00  0.00e+00  0.00e+00  0.00e+00  0.00e+00  0.00e+00  0.00e+00  0.00e+00 
7.65e+11 3.43e+11 8.83e+11 3.95e+11   27   24     -1        0  6.16e+07  3.80e+06  3.08e+07  0.00e+00  0.00e+00  0.00e+00  0.00e+00  0.00e+00  0.00e+00  0.00e+00  0.00e+00  0.00e+00  0.00e+00  0.00e+00  0.00e+00  0.00e+00  0.00e+00  0.00e+00  0.00e+00  0.00e+00  0.00e+00 
7.65e+11 4.48e+11 8.83e+11 5.17e+11   27   25     -1        0  6.77e+07  3.37e+06  4.31e+07  0.00e+00  0.00e+00  0.00e+00  0.00e+00  0.00e+00  0.00e+00  0.00e+00  0.00e+00  0.00e+00  0.00e+00  0.00e+00  0.00e+00  0.00e+00  0.00e+00  0.00e+00  0.00e+00  0.00e+00  0.00e+00 
7.65e+11 5.85e+11 8.83e+11 6.75e+11   27   26     -1        0  7.29e+07  2.97e+06  5.96e+07  0.00e+00  0.00e+00  0.00e+00  0.00e+00  0.00e+00  0.00e+00  0.00e+00  0.00e+00  0.00e+00  0.00e+00  0.00e+00  0.00e+00  0.00e+00  0.00e+00  0.00e+00  0.00e+00  0.00e+00  0.00e+00 
7.65e+11 7.65e+11 8.83e+11 8.83e+11   27   27     -1        0  7.66e+07  2.62e+06  8.06e+07  0.00e+00  0.00e+00  0.00e+00  0.00e+00  0.00e+00  0.00e+00  0.00e+00  0.00e+00  0.00e+00  0.00e+00  0.00e+00  0.00e+00  0.00e+00  0.00e+00  0.00e+00  0.00e+00  0.00e+00  0.00e+00 
7.65e+11 1.00e+12 8.83e+11 1.15e+12   27   28     -1        0  7.82e+07  2.31e+06  1.06e+08  0.00e+00  0.00e+00  0.00e+00  0.00e+00  0.00e+00  0.00e+00  0.00e+00  0.00e+00  0.00e+00  0.00e+00  0.00e+00  0.00e+00  0.00e+00  0.00e+00  0.00e+00  0.00e+00  0.00e+00  0.00e+00 
7.65e+11 1.31e+12 8.83e+11 1.51e+12   27   29     -1        0  7.75e+07  2.03e+06  1.36e+08  0.00e+00  0.00e+00  0.00e+00  0.00e+00  0.00e+00  0.00e+00  0.00e+00  0.00e+00  0.00e+00  0.00e+00  0.00e+00  0.00e+00  0.00e+00  0.00e+00  0.00e+00  0.00e+00  0.00e+00  0.00e+00 
1.00e+12 0.00e+00 1.15e+12 3.63e+08   28    0     -1        0  2.83e+05  1.03e+07  1.13e+04  0.00e+00  0.00e+00  0.00e+00  0.00e+00  0.00e+00  0.00e+00  0.00e+00  0.00e+00  0.00e+00  0.00e+00  0.00e+00  0.00e+00  0.00e+00  0.00e+00  0.00e+00  0.00e+00  0.00e+00  0.00e+00 
1.00e+12 7.25e+08 1.15e+12 8.37e+08   28    1     -1        0  3.04e+05  1.02e+07  1.24e+04  0.00e+00  0.00e+00  0.00e+00  0.00e+00  0.00e+00  0.00e+00  0.00e+00  0.00e+00  0.00e+00  0.00e+00  0.00e+00  0.00e+00  0.00e+00  0.00e+00  0.00e+00  0.00e+00  0.00e+00  0.00e+00 
1.00e+12 9.48e+08 1.15e+12 1.09e+09   28    2     -1        0  3.35e+05  1.02e+07  1.37e+04  0.00e+00  0.00e+00  0.00e+00  0.00e+00  0.00e+00  0.00e+00  0.00e+00  0.00e+00  0.00e+00  0.00e+00  0.00e+00  0.00e+00  0.00e+00  0.00e+00  0.00e+00  0.00e+00  0.00e+00  0.00e+00 
1.00e+12 1.24e+09 1.15e+12 1.43e+09   28    3     -1        0  4.04e+05  1.01e+07  1.66e+04  0.00e+00  0.00e+00  0.00e+00  0.00e+00  0.00e+00  0.00e+00  0.00e+00  0.00e+00  0.00e+00  0.00e+00  0.00e+00  0.00e+00  0.00e+00  0.00e+00  0.00e+00  0.00e+00  0.00e+00  0.00e+00 
1.00e+12 1.62e+09 1.15e+12 1.87e+09   28    4     -1        0  5.48e+05  1.01e+07  2.27e+04  0.00e+00  0.00e+00  0.00e+00  0.00e+00  0.00e+00  0.00e+00  0.00e+00  0.00e+00  0.00e+00  0.00e+00  0.00e+00  0.00e+00  0.00e+00  0.00e+00  0.00e+00  0.00e+00  0.00e+00  0.00e+00 
1.00e+12 2.12e+09 1.15e+12 2.44e+09   28    5     -1        0  8.25e+05  1.00e+07  3.46e+04  0.00e+00  0.00e+00  0.00e+00  0.00e+00  0.00e+00  0.00e+00  0.00e+00  0.00e+00  0.00e+00  0.00e+00  0.00e+00  0.00e+00  0.00e+00  0.00e+00  0.00e+00  0.00e+00  0.00e+00  0.00e+00 
1.00e+12 2.77e+09 1.15e+12 3.19e+09   28    6     -1        0  1.31e+06  9.96e+06  5.59e+04  0.00e+00  0.00e+00  0.00e+00  0.00e+00  0.00e+00  0.00e+00  0.00e+00  0.00e+00  0.00e+00  0.00e+00  0.00e+00  0.00e+00  0.00e+00  0.00e+00  0.00e+00  0.00e+00  0.00e+00  0.00e+00 
1.00e+12 3.62e+09 1.15e+12 4.17e+09   28    7     -1        0  2.08e+06  9.86e+06  9.07e+04  0.00e+00  0.00e+00  0.00e+00  0.00e+00  0.00e+00  0.00e+00  0.00e+00  0.00e+00  0.00e+00  0.00e+00  0.00e+00  0.00e+00  0.00e+00  0.00e+00  0.00e+00  0.00e+00  0.00e+00  0.00e+00 
1.00e+12 4.73e+09 1.15e+12 5.45e+09   28    8     -1        0  3.22e+06  9.74e+06  1.43e+05  0.00e+00  0.00e+00  0.00e+00  0.00e+00  0.00e+00  0.00e+00  0.00e+00  0.00e+00  0.00e+00  0.00e+00  0.00e+00  0.00e+00  0.00e+00  0.00e+00  0.00e+00  0.00e+00  0.00e+00  0.00e+00 
1.00e+12 6.18e+09 1.15e+12 7.12e+09   28    9     -1        0  4.73e+06  9.59e+06  2.18e+05  0.00e+00  0.00e+00  0.00e+00  0.00e+00  0.00e+00  0.00e+00  0.00e+00  0.00e+00  0.00e+00  0.00e+00  0.00e+00  0.00e+00  0.00e+00  0.00e+00  0.00e+00  0.00e+00  0.00e+00  0.00e+00 
1.00e+12 8.07e+09 1.15e+12 9.31e+09   28   10     -1        0  6.62e+06  9.40e+06  3.17e+05  0.00e+00  0.00e+00  0.00e+00  0.00e+00  0.00e+00  0.00e+00  0.00e+00  0.00e+00  0.00e+00  0.00e+00  0.00e+00  0.00e+00  0.00e+00  0.00e+00  0.00e+00  0.00e+00  0.00e+00  0.00e+00 
1.00e+12 1.05e+10 1.15e+12 1.22e+10   28   11     -1        0  8.81e+06  9.16e+06  4.45e+05  0.00e+00  0.00e+00  0.00e+00  0.00e+00  0.00e+00  0.00e+00  0.00e+00  0.00e+00  0.00e+00  0.00e+00  0.00e+00  0.00e+00  0.00e+00  0.00e+00  0.00e+00  0.00e+00  0.00e+00  0.00e+00 
1.00e+12 1.38e+10 1.15e+12 1.59e+10   28   12     -1        0  1.13e+07  8.88e+06  6.04e+05  0.00e+00  0.00e+00  0.00e+00  0.00e+00  0.00e+00  0.00e+00  0.00e+00  0.00e+00  0.00e+00  0.00e+00  0.00e+00  0.00e+00  0.00e+00  0.00e+00  0.00e+00  0.00e+00  0.00e+00  0.00e+00 
1.00e+12 1.80e+10 1.15e+12 2.08e+10   28   13     -1        0  1.39e+07  8.55e+06  8.03e+05  0.00e+00  0.00e+00  0.00e+00  0.00e+00  0.00e+00  0.00e+00  0.00e+00  0.00e+00  0.00e+00  0.00e+00  0.00e+00  0.00e+00  0.00e+00  0.00e+00  0.00e+00  0.00e+00  0.00e+00  0.00e+00 
1.00e+12 2.36e+10 1.15e+12 2.72e+10   28   14     -1        0  1.66e+07  8.17e+06  1.06e+06  0.00e+00  0.00e+00  0.00e+00  0.00e+00  0.00e+00  0.00e+00  0.00e+00  0.00e+00  0.00e+00  0.00e+00  0.00e+00  0.00e+00  0.00e+00  0.00e+00  0.00e+00  0.00e+00  0.00e+00  0.00e+00 
1.00e+12 3.08e+10 1.15e+12 3.55e+10   28   15     -1        0  1.96e+07  7.74e+06  1.38e+06  0.00e+00  0.00e+00  0.00e+00  0.00e+00  0.00e+00  0.00e+00  0.00e+00  0.00e+00  0.00e+00  0.00e+00  0.00e+00  0.00e+00  0.00e+00  0.00e+00  0.00e+00  0.00e+00  0.00e+00  0.00e+00 
1.00e+12 4.02e+10 1.15e+12 4.64e+10   28   16     -1        0  2.26e+07  7.27e+06  1.81e+06  0.00e+00  0.00e+00  0.00e+00  0.00e+00  0.00e+00  0.00e+00  0.00e+00  0.00e+00  0.00e+00  0.00e+00  0.00e+00  0.00e+00  0.00e+00  0.00e+00  0.00e+00  0.00e+00  0.00e+00  0.00e+00 
1.00e+12 5.26e+10 1.15e+12 6.07e+10   28   17     -1        0  2.60e+07  6.77e+06  2.40e+06  0.00e+00  0.00e+00  0.00e+00  0.00e+00  0.00e+00  0.00e+00  0.00e+00  0.00e+00  0.00e+00  0.00e+00  0.00e+00  0.00e+00  0.00e+00  0.00e+00  0.00e+00  0.00e+00  0.00e+00  0.00e+00 
1.00e+12 6.87e+10 1.15e+12 7.93e+10   28   18     -1        0  2.96e+07  6.24e+06  3.21e+06  0.00e+00  0.00e+00  0.00e+00  0.00e+00  0.00e+00  0.00e+00  0.00e+00  0.00e+00  0.00e+00  0.00e+00  0.00e+00  0.00e+00  0.00e+00  0.00e+00  0.00e+00  0.00e+00  0.00e+00  0.00e+00 
1.00e+12 8.98e+10 1.15e+12 1.04e+11   28   19     -1        0  3.36e+07  5.71e+06  4.35e+06  0.00e+00  0.00e+00  0.00e+00  0.00e+00  0.00e+00  0.00e+00  0.00e+00  0.00e+00  0.00e+00  0.00e+00  0.00e+00  0.00e+00  0.00e+00  0.00e+00  0.00e+00  0.00e+00  0.00e+00  0.00e+00 
1.00e+12 1.17e+11 1.15e+12 1.35e+11   28   20     -1        0  3.80e+07  5.19e+06  5.98e+06  0.00e+00  0.00e+00  0.00e+00  0.00e+00  0.00e+00  0.00e+00  0.00e+00  0.00e+00  0.00e+00  0.00e+00  0.00e+00  0.00e+00  0.00e+00  0.00e+00  0.00e+00  0.00e+00  0.00e+00  0.00e+00 
1.00e+12 1.53e+11 1.15e+12 1.77e+11   28   21     -1        0  4.30e+07  4.68e+06  8.31e+06  0.00e+00  0.00e+00  0.00e+00  0.00e+00  0.00e+00  0.00e+00  0.00e+00  0.00e+00  0.00e+00  0.00e+00  0.00e+00  0.00e+00  0.00e+00  0.00e+00  0.00e+00  0.00e+00  0.00e+00  0.00e+00 
1.00e+12 2.01e+11 1.15e+12 2.31e+11   28   22     -1        0  4.84e+07  4.20e+06  1.17e+07  0.00e+00  0.00e+00  0.00e+00  0.00e+00  0.00e+00  0.00e+00  0.00e+00  0.00e+00  0.00e+00  0.00e+00  0.00e+00  0.00e+00  0.00e+00  0.00e+00  0.00e+00  0.00e+00  0.00e+00  0.00e+00 
1.00e+12 2.62e+11 1.15e+12 3.02e+11   28   23     -1        0  5.45e+07  3.74e+06  1.65e+07  0.00e+00  0.00e+00  0.00e+00  0.00e+00  0.00e+00  0.00e+00  0.00e+00  0.00e+00  0.00e+00  0.00e+00  0.00e+00  0.00e+00  0.00e+00  0.00e+00  0.00e+00  0.00e+00  0.00e+00  0.00e+00 
1.00e+12 3.43e+11 1.15e+12 3.95e+11   28   24     -1        0  6.09e+07  3.33e+06  2.33e+07  0.00e+00  0.00e+00  0.00e+00  0.00e+00  0.00e+00  0.00e+00  0.00e+00  0.00e+00  0.00e+00  0.00e+00  0.00e+00  0.00e+00  0.00e+00  0.00e+00  0.00e+00  0.00e+00  0.00e+00  0.00e+00 
1.00e+12 4.48e+11 1.15e+12 5.17e+11   28   25     -1        0  6.74e+07  2.95e+06  3.29e+07  0.00e+00  0.00e+00  0.00e+00  0.00e+00  0.00e+00  0.00e+00  0.00e+00  0.00e+00  0.00e+00  0.00e+00  0.00e+00  0.00e+00  0.00e+00  0.00e+00  0.00e+00  0.00e+00  0.00e+00  0.00e+00 
1.00e+12 5.85e+11 1.15e+12 6.75e+11   28   26     -1        0  7.36e+07  2.60e+06  4.60e+07  0.00e+00  0.00e+00  0.00e+00  0.00e+00  0.00e+00  0.00e+00  0.00e+00  0.00e+00  0.00e+00  0.00e+00  0.00e+00  0.00e+00  0.00e+00  0.00e+00  0.00e+00  0.00e+00  0.00e+00  0.00e+00 
1.00e+12 7.65e+11 1.15e+12 8.83e+11   28   27     -1        0  7.88e+07  2.29e+06  6.34e+07  0.00e+00  0.00e+00  0.00e+00  0.00e+00  0.00e+00  0.00e+00  0.00e+00  0.00e+00  0.00e+00  0.00e+00  0.00e+00  0.00e+00  0.00e+00  0.00e+00  0.00e+00  0.00e+00  0.00e+00  0.00e+00 
1.00e+12 1.00e+12 1.15e+12 1.15e+12   28   28     -1        0  8.21e+07  2.02e+06  8.54e+07  0.00e+00  0.00e+00  0.00e+00  0.00e+00  0.00e+00  0.00e+00  0.00e+00  0.00e+00  0.00e+00  0.00e+00  0.00e+00  0.00e+00  0.00e+00  0.00e+00  0.00e+00  0.00e+00  0.00e+00  0.00e+00 
1.00e+12 1.31e+12 1.15e+12 1.51e+12   28   29     -1        0  8.31e+07  1.77e+06  1.12e+08  0.00e+00  0.00e+00  0.00e+00  0.00e+00  0.00e+00  0.00e+00  0.00e+00  0.00e+00  0.00e+00  0.00e+00  0.00e+00  0.00e+00  0.00e+00  0.00e+00  0.00e+00  0.00e+00  0.00e+00  0.00e+00 
1.31e+12 0.00e+00 1.51e+12 3.63e+08   29    0     -1        0  2.56e+05  9.01e+06  7.81e+03  0.00e+00  0.00e+00  0.00e+00  0.00e+00  0.00e+00  0.00e+00  0.00e+00  0.00e+00  0.00e+00  0.00e+00  0.00e+00  0.00e+00  0.00e+00  0.00e+00  0.00e+00  0.00e+00  0.00e+00  0.00e+00 
1.31e+12 7.25e+08 1.51e+12 8.37e+08   29    1     -1        0  3.02e+05  8.93e+06  9.38e+03  0.00e+00  0.00e+00  0.00e+00  0.00e+00  0.00e+00  0.00e+00  0.00e+00  0.00e+00  0.00e+00  0.00e+00  0.00e+00  0.00e+00  0.00e+00  0.00e+00  0.00e+00  0.00e+00  0.00e+00  0.00e+00 
1.31e+12 9.48e+08 1.51e+12 1.09e+09   29    2     -1        0  3.63e+05  8.91e+06  1.13e+04  0.00e+00  0.00e+00  0.00e+00  0.00e+00  0.00e+00  0.00e+00  0.00e+00  0.00e+00  0.00e+00  0.00e+00  0.00e+00  0.00e+00  0.00e+00  0.00e+00  0.00e+00  0.00e+00  0.00e+00  0.00e+00 
1.31e+12 1.24e+09 1.51e+12 1.43e+09   29    3     -1        0  4.92e+05  8.87e+06  1.55e+04  0.00e+00  0.00e+00  0.00e+00  0.00e+00  0.00e+00  0.00e+00  0.00e+00  0.00e+00  0.00e+00  0.00e+00  0.00e+00  0.00e+00  0.00e+00  0.00e+00  0.00e+00  0.00e+00  0.00e+00  0.00e+00 
1.31e+12 1.62e+09 1.51e+12 1.87e+09   29    4     -1        0  7.41e+05  8.83e+06  2.35e+04  0.00e+00  0.00e+00  0.00e+00  0.00e+00  0.00e+00  0.00e+00  0.00e+00  0.00e+00  0.00e+00  0.00e+00  0.00e+00  0.00e+00  0.00e+00  0.00e+00  0.00e+00  0.00e+00  0.00e+00  0.00e+00 
1.31e+12 2.12e+09 1.51e+12 2.44e+09   29    5     -1        0  1.18e+06  8.78e+06  3.79e+04  0.00e+00  0.00e+00  0.00e+00  0.00e+00  0.00e+00  0.00e+00  0.00e+00  0.00e+00  0.00e+00  0.00e+00  0.00e+00  0.00e+00  0.00e+00  0.00e+00  0.00e+00  0.00e+00  0.00e+00  0.00e+00 
1.31e+12 2.77e+09 1.51e+12 3.19e+09   29    6     -1        0  1.88e+06  8.71e+06  6.13e+04  0.00e+00  0.00e+00  0.00e+00  0.00e+00  0.00e+00  0.00e+00  0.00e+00  0.00e+00  0.00e+00  0.00e+00  0.00e+00  0.00e+00  0.00e+00  0.00e+00  0.00e+00  0.00e+00  0.00e+00  0.00e+00 
1.31e+12 3.62e+09 1.51e+12 4.17e+09   29    7     -1        0  2.90e+06  8.63e+06  9.67e+04  0.00e+00  0.00e+00  0.00e+00  0.00e+00  0.00e+00  0.00e+00  0.00e+00  0.00e+00  0.00e+00  0.00e+00  0.00e+00  0.00e+00  0.00e+00  0.00e+00  0.00e+00  0.00e+00  0.00e+00  0.00e+00 
1.31e+12 4.73e+09 1.51e+12 5.45e+09   29    8     -1        0  4.28e+06  8.52e+06  1.46e+05  0.00e+00  0.00e+00  0.00e+00  0.00e+00  0.00e+00  0.00e+00  0.00e+00  0.00e+00  0.00e+00  0.00e+00  0.00e+00  0.00e+00  0.00e+00  0.00e+00  0.00e+00  0.00e+00  0.00e+00  0.00e+00 
1.31e+12 6.18e+09 1.51e+12 7.12e+09   29    9     -1        0  5.98e+06  8.39e+06  2.11e+05  0.00e+00  0.00e+00  0.00e+00  0.00e+00  0.00e+00  0.00e+00  0.00e+00  0.00e+00  0.00e+00  0.00e+00  0.00e+00  0.00e+00  0.00e+00  0.00e+00  0.00e+00  0.00e+00  0.00e+00  0.00e+00 
1.31e+12 8.07e+09 1.51e+12 9.31e+09   29   10     -1        0  7.95e+06  8.22e+06  2.92e+05  0.00e+00  0.00e+00  0.00e+00  0.00e+00  0.00e+00  0.00e+00  0.00e+00  0.00e+00  0.00e+00  0.00e+00  0.00e+00  0.00e+00  0.00e+00  0.00e+00  0.00e+00  0.00e+00  0.00e+00  0.00e+00 
1.31e+12 1.05e+10 1.51e+12 1.22e+10   29   11     -1        0  1.01e+07  8.01e+06  3.91e+05  0.00e+00  0.00e+00  0.00e+00  0.00e+00  0.00e+00  0.00e+00  0.00e+00  0.00e+00  0.00e+00  0.00e+00  0.00e+00  0.00e+00  0.00e+00  0.00e+00  0.00e+00  0.00e+00  0.00e+00  0.00e+00 
1.31e+12 1.38e+10 1.51e+12 1.59e+10   29   12     -1        0  1.24e+07  7.77e+06  5.10e+05  0.00e+00  0.00e+00  0.00e+00  0.00e+00  0.00e+00  0.00e+00  0.00e+00  0.00e+00  0.00e+00  0.00e+00  0.00e+00  0.00e+00  0.00e+00  0.00e+00  0.00e+00  0.00e+00  0.00e+00  0.00e+00 
1.31e+12 1.80e+10 1.51e+12 2.08e+10   29   13     -1        0  1.48e+07  7.48e+06  6.57e+05  0.00e+00  0.00e+00  0.00e+00  0.00e+00  0.00e+00  0.00e+00  0.00e+00  0.00e+00  0.00e+00  0.00e+00  0.00e+00  0.00e+00  0.00e+00  0.00e+00  0.00e+00  0.00e+00  0.00e+00  0.00e+00 
1.31e+12 2.36e+10 1.51e+12 2.72e+10   29   14     -1        0  1.73e+07  7.15e+06  8.40e+05  0.00e+00  0.00e+00  0.00e+00  0.00e+00  0.00e+00  0.00e+00  0.00e+00  0.00e+00  0.00e+00  0.00e+00  0.00e+00  0.00e+00  0.00e+00  0.00e+00  0.00e+00  0.00e+00  0.00e+00  0.00e+00 
1.31e+12 3.08e+10 1.51e+12 3.55e+10   29   15     -1        0  1.99e+07  6.77e+06  1.08e+06  0.00e+00  0.00e+00  0.00e+00  0.00e+00  0.00e+00  0.00e+00  0.00e+00  0.00e+00  0.00e+00  0.00e+00  0.00e+00  0.00e+00  0.00e+00  0.00e+00  0.00e+00  0.00e+00  0.00e+00  0.00e+00 
1.31e+12 4.02e+10 1.51e+12 4.64e+10   29   16     -1        0  2.26e+07  6.36e+06  1.39e+06  0.00e+00  0.00e+00  0.00e+00  0.00e+00  0.00e+00  0.00e+00  0.00e+00  0.00e+00  0.00e+00  0.00e+00  0.00e+00  0.00e+00  0.00e+00  0.00e+00  0.00e+00  0.00e+00  0.00e+00  0.00e+00 
1.31e+12 5.26e+10 1.51e+12 6.07e+10   29   17     -1        0  2.56e+07  5.92e+06  1.81e+06  0.00e+00  0.00e+00  0.00e+00  0.00e+00  0.00e+00  0.00e+00  0.00e+00  0.00e+00  0.00e+00  0.00e+00  0.00e+00  0.00e+00  0.00e+00  0.00e+00  0.00e+00  0.00e+00  0.00e+00  0.00e+00 
1.31e+12 6.87e+10 1.51e+12 7.93e+10   29   18     -1        0  2.89e+07  5.46e+06  2.40e+06  0.00e+00  0.00e+00  0.00e+00  0.00e+00  0.00e+00  0.00e+00  0.00e+00  0.00e+00  0.00e+00  0.00e+00  0.00e+00  0.00e+00  0.00e+00  0.00e+00  0.00e+00  0.00e+00  0.00e+00  0.00e+00 
1.31e+12 8.98e+10 1.51e+12 1.04e+11   29   19     -1        0  3.25e+07  5.00e+06  3.23e+06  0.00e+00  0.00e+00  0.00e+00  0.00e+00  0.00e+00  0.00e+00  0.00e+00  0.00e+00  0.00e+00  0.00e+00  0.00e+00  0.00e+00  0.00e+00  0.00e+00  0.00e+00  0.00e+00  0.00e+00  0.00e+00 
1.31e+12 1.17e+11 1.51e+12 1.35e+11   29   20     -1        0  3.66e+07  4.54e+06  4.40e+06  0.00e+00  0.00e+00  0.00e+00  0.00e+00  0.00e+00  0.00e+00  0.00e+00  0.00e+00  0.00e+00  0.00e+00  0.00e+00  0.00e+00  0.00e+00  0.00e+00  0.00e+00  0.00e+00  0.00e+00  0.00e+00 
1.31e+12 1.53e+11 1.51e+12 1.77e+11   29   21     -1        0  4.12e+07  4.09e+06  6.10e+06  0.00e+00  0.00e+00  0.00e+00  0.00e+00  0.00e+00  0.00e+00  0.00e+00  0.00e+00  0.00e+00  0.00e+00  0.00e+00  0.00e+00  0.00e+00  0.00e+00  0.00e+00  0.00e+00  0.00e+00  0.00e+00 
1.31e+12 2.01e+11 1.51e+12 2.31e+11   29   22     -1        0  4.64e+07  3.67e+06  8.54e+06  0.00e+00  0.00e+00  0.00e+00  0.00e+00  0.00e+00  0.00e+00  0.00e+00  0.00e+00  0.00e+00  0.00e+00  0.00e+00  0.00e+00  0.00e+00  0.00e+00  0.00e+00  0.00e+00  0.00e+00  0.00e+00 
1.31e+12 2.62e+11 1.51e+12 3.02e+11   29   23     -1        0  5.22e+07  3.27e+06  1.21e+07  0.00e+00  0.00e+00  0.00e+00  0.00e+00  0.00e+00  0.00e+00  0.00e+00  0.00e+00  0.00e+00  0.00e+00  0.00e+00  0.00e+00  0.00e+00  0.00e+00  0.00e+00  0.00e+00  0.00e+00  0.00e+00 
1.31e+12 3.43e+11 1.51e+12 3.95e+11   29   24     -1        0  5.86e+07  2.91e+06  1.71e+07  0.00e+00  0.00e+00  0.00e+00  0.00e+00  0.00e+00  0.00e+00  0.00e+00  0.00e+00  0.00e+00  0.00e+00  0.00e+00  0.00e+00  0.00e+00  0.00e+00  0.00e+00  0.00e+00  0.00e+00  0.00e+00 
1.31e+12 4.48e+11 1.51e+12 5.17e+11   29   25     -1        0  6.53e+07  2.58e+06  2.44e+07  0.00e+00  0.00e+00  0.00e+00  0.00e+00  0.00e+00  0.00e+00  0.00e+00  0.00e+00  0.00e+00  0.00e+00  0.00e+00  0.00e+00  0.00e+00  0.00e+00  0.00e+00  0.00e+00  0.00e+00  0.00e+00 
1.31e+12 5.85e+11 1.51e+12 6.75e+11   29   26     -1        0  7.21e+07  2.28e+06  3.45e+07  0.00e+00  0.00e+00  0.00e+00  0.00e+00  0.00e+00  0.00e+00  0.00e+00  0.00e+00  0.00e+00  0.00e+00  0.00e+00  0.00e+00  0.00e+00  0.00e+00  0.00e+00  0.00e+00  0.00e+00  0.00e+00 
1.31e+12 7.65e+11 1.51e+12 8.83e+11   29   27     -1        0  7.85e+07  2.01e+06  4.84e+07  0.00e+00  0.00e+00  0.00e+00  0.00e+00  0.00e+00  0.00e+00  0.00e+00  0.00e+00  0.00e+00  0.00e+00  0.00e+00  0.00e+00  0.00e+00  0.00e+00  0.00e+00  0.00e+00  0.00e+00  0.00e+00 
1.31e+12 1.00e+12 1.51e+12 1.15e+12   29   28     -1        0  8.36e+07  1.76e+06  6.65e+07  0.00e+00  0.00e+00  0.00e+00  0.00e+00  0.00e+00  0.00e+00  0.00e+00  0.00e+00  0.00e+00  0.00e+00  0.00e+00  0.00e+00  0.00e+00  0.00e+00  0.00e+00  0.00e+00  0.00e+00  0.00e+00 
1.31e+12 1.31e+12 1.51e+12 1.51e+12   29   29     -1        0  8.66e+07  1.55e+06  8.93e+07  0.00e+00  0.00e+00  0.00e+00  0.00e+00  0.00e+00  0.00e+00  0.00e+00  0.00e+00  0.00e+00  0.00e+00  0.00e+00  0.00e+00  0.00e+00  0.00e+00  0.00e+00  0.00e+00  0.00e+00  0.00e+00 
