# model name run652
# Line luminosities from upper level 2 from 6385.00 to 6735.00 Angstroms
# Lower Levels:                0           1
# Line Wavelengths:      1025.44      6562.84
       nwind            x            z    i    j       inwind     wind_vol   plasma_vol  LowerLev000    LowerLev001  
           0   3.6259e+08   3.6259e+08    0    0           -2   0.0000e+00    0.0000e+00    0.0000e+00    0.0000e+00
           1   3.6259e+08   8.3650e+08    0    1           -1   0.0000e+00    0.0000e+00    0.0000e+00    0.0000e+00
           2   3.6259e+08   1.0933e+09    0    2           -1   0.0000e+00    0.0000e+00    0.0000e+00    0.0000e+00
           3   3.6259e+08   1.4290e+09    0    3           -1   0.0000e+00    0.0000e+00    0.0000e+00    0.0000e+00
           4   3.6259e+08   1.8677e+09    0    4           -1   0.0000e+00    0.0000e+00    0.0000e+00    0.0000e+00
           5   3.6259e+08   2.4411e+09    0    5           -1   0.0000e+00    0.0000e+00    0.0000e+00    0.0000e+00
           6   3.6259e+08   3.1906e+09    0    6           -1   0.0000e+00    0.0000e+00    0.0000e+00    0.0000e+00
           7   3.6259e+08   4.1701e+09    0    7           -1   0.0000e+00    0.0000e+00    0.0000e+00    0.0000e+00
           8   3.6259e+08   5.4504e+09    0    8           -1   0.0000e+00    0.0000e+00    0.0000e+00    0.0000e+00
           9   3.6259e+08   7.1237e+09    0    9           -1   0.0000e+00    0.0000e+00    0.0000e+00    0.0000e+00
          10   3.6259e+08   9.3107e+09    0   10           -1   0.0000e+00    0.0000e+00    0.0000e+00    0.0000e+00
          11   3.6259e+08   1.2169e+10    0   11           -1   0.0000e+00    0.0000e+00    0.0000e+00    0.0000e+00
          12   3.6259e+08   1.5905e+10    0   12           -1   0.0000e+00    0.0000e+00    0.0000e+00    0.0000e+00
          13   3.6259e+08   2.0789e+10    0   13           -1   0.0000e+00    0.0000e+00    0.0000e+00    0.0000e+00
          14   3.6259e+08   2.7171e+10    0   14           -1   0.0000e+00    0.0000e+00    0.0000e+00    0.0000e+00
          15   3.6259e+08   3.5513e+10    0   15           -1   0.0000e+00    0.0000e+00    0.0000e+00    0.0000e+00
          16   3.6259e+08   4.6416e+10    0   16           -1   0.0000e+00    0.0000e+00    0.0000e+00    0.0000e+00
          17   3.6259e+08   6.0666e+10    0   17           -1   0.0000e+00    0.0000e+00    0.0000e+00    0.0000e+00
          18   3.6259e+08   7.9291e+10    0   18           -1   0.0000e+00    0.0000e+00    0.0000e+00    0.0000e+00
          19   3.6259e+08   1.0363e+11    0   19           -1   0.0000e+00    0.0000e+00    0.0000e+00    0.0000e+00
          20   3.6259e+08   1.3545e+11    0   20           -1   0.0000e+00    0.0000e+00    0.0000e+00    0.0000e+00
          21   3.6259e+08   1.7704e+11    0   21           -1   0.0000e+00    0.0000e+00    0.0000e+00    0.0000e+00
          22   3.6259e+08   2.3139e+11    0   22           -1   0.0000e+00    0.0000e+00    0.0000e+00    0.0000e+00
          23   3.6259e+08   3.0243e+11    0   23           -1   0.0000e+00    0.0000e+00    0.0000e+00    0.0000e+00
          24   3.6259e+08   3.9528e+11    0   24           -1   0.0000e+00    0.0000e+00    0.0000e+00    0.0000e+00
          25   3.6259e+08   5.1663e+11    0   25           -1   0.0000e+00    0.0000e+00    0.0000e+00    0.0000e+00
          26   3.6259e+08   6.7524e+11    0   26           -1   0.0000e+00    0.0000e+00    0.0000e+00    0.0000e+00
          27   3.6259e+08   8.8255e+11    0   27           -1   0.0000e+00    0.0000e+00    0.0000e+00    0.0000e+00
          28   3.6259e+08   1.1535e+12    0   28           -1   0.0000e+00    0.0000e+00    0.0000e+00    0.0000e+00
          29   3.6259e+08   1.5076e+12    0   29           -1   0.0000e+00    0.0000e+00    0.0000e+00    0.0000e+00
          30   8.3650e+08   3.6259e+08    1    0            1   1.5594e+26    1.5594e+26    0.0000e+00    6.4579e-19
          31   8.3650e+08   8.3650e+08    1    1           -1   0.0000e+00    0.0000e+00    0.0000e+00    0.0000e+00
          32   8.3650e+08   1.0933e+09    1    2           -1   0.0000e+00    0.0000e+00    0.0000e+00    0.0000e+00
          33   8.3650e+08   1.4290e+09    1    3           -1   0.0000e+00    0.0000e+00    0.0000e+00    0.0000e+00
          34   8.3650e+08   1.8677e+09    1    4           -1   0.0000e+00    0.0000e+00    0.0000e+00    0.0000e+00
          35   8.3650e+08   2.4411e+09    1    5           -1   0.0000e+00    0.0000e+00    0.0000e+00    0.0000e+00
          36   8.3650e+08   3.1906e+09    1    6           -1   0.0000e+00    0.0000e+00    0.0000e+00    0.0000e+00
          37   8.3650e+08   4.1701e+09    1    7           -1   0.0000e+00    0.0000e+00    0.0000e+00    0.0000e+00
          38   8.3650e+08   5.4504e+09    1    8           -1   0.0000e+00    0.0000e+00    0.0000e+00    0.0000e+00
          39   8.3650e+08   7.1237e+09    1    9           -1   0.0000e+00    0.0000e+00    0.0000e+00    0.0000e+00
          40   8.3650e+08   9.3107e+09    1   10           -1   0.0000e+00    0.0000e+00    0.0000e+00    0.0000e+00
          41   8.3650e+08   1.2169e+10    1   11           -1   0.0000e+00    0.0000e+00    0.0000e+00    0.0000e+00
          42   8.3650e+08   1.5905e+10    1   12           -1   0.0000e+00    0.0000e+00    0.0000e+00    0.0000e+00
          43   8.3650e+08   2.0789e+10    1   13           -1   0.0000e+00    0.0000e+00    0.0000e+00    0.0000e+00
          44   8.3650e+08   2.7171e+10    1   14           -1   0.0000e+00    0.0000e+00    0.0000e+00    0.0000e+00
          45   8.3650e+08   3.5513e+10    1   15           -1   0.0000e+00    0.0000e+00    0.0000e+00    0.0000e+00
          46   8.3650e+08   4.6416e+10    1   16           -1   0.0000e+00    0.0000e+00    0.0000e+00    0.0000e+00
          47   8.3650e+08   6.0666e+10    1   17           -1   0.0000e+00    0.0000e+00    0.0000e+00    0.0000e+00
          48   8.3650e+08   7.9291e+10    1   18           -1   0.0000e+00    0.0000e+00    0.0000e+00    0.0000e+00
          49   8.3650e+08   1.0363e+11    1   19           -1   0.0000e+00    0.0000e+00    0.0000e+00    0.0000e+00
          50   8.3650e+08   1.3545e+11    1   20           -1   0.0000e+00    0.0000e+00    0.0000e+00    0.0000e+00
          51   8.3650e+08   1.7704e+11    1   21           -1   0.0000e+00    0.0000e+00    0.0000e+00    0.0000e+00
          52   8.3650e+08   2.3139e+11    1   22           -1   0.0000e+00    0.0000e+00    0.0000e+00    0.0000e+00
          53   8.3650e+08   3.0243e+11    1   23           -1   0.0000e+00    0.0000e+00    0.0000e+00    0.0000e+00
          54   8.3650e+08   3.9528e+11    1   24           -1   0.0000e+00    0.0000e+00    0.0000e+00    0.0000e+00
          55   8.3650e+08   5.1663e+11    1   25           -1   0.0000e+00    0.0000e+00    0.0000e+00    0.0000e+00
          56   8.3650e+08   6.7524e+11    1   26           -1   0.0000e+00    0.0000e+00    0.0000e+00    0.0000e+00
          57   8.3650e+08   8.8255e+11    1   27           -1   0.0000e+00    0.0000e+00    0.0000e+00    0.0000e+00
          58   8.3650e+08   1.1535e+12    1   28           -1   0.0000e+00    0.0000e+00    0.0000e+00    0.0000e+00
          59   8.3650e+08   1.5076e+12    1   29           -1   0.0000e+00    0.0000e+00    0.0000e+00    0.0000e+00
          60   1.0933e+09   3.6259e+08    2    0            1   8.3773e+26    8.3773e+26    0.0000e+00    3.4893e-18
          61   1.0933e+09   8.3650e+08    2    1           -1   0.0000e+00    0.0000e+00    0.0000e+00    0.0000e+00
          62   1.0933e+09   1.0933e+09    2    2           -1   0.0000e+00    0.0000e+00    0.0000e+00    0.0000e+00
          63   1.0933e+09   1.4290e+09    2    3           -1   0.0000e+00    0.0000e+00    0.0000e+00    0.0000e+00
          64   1.0933e+09   1.8677e+09    2    4           -1   0.0000e+00    0.0000e+00    0.0000e+00    0.0000e+00
          65   1.0933e+09   2.4411e+09    2    5           -1   0.0000e+00    0.0000e+00    0.0000e+00    0.0000e+00
          66   1.0933e+09   3.1906e+09    2    6           -1   0.0000e+00    0.0000e+00    0.0000e+00    0.0000e+00
          67   1.0933e+09   4.1701e+09    2    7           -1   0.0000e+00    0.0000e+00    0.0000e+00    0.0000e+00
          68   1.0933e+09   5.4504e+09    2    8           -1   0.0000e+00    0.0000e+00    0.0000e+00    0.0000e+00
          69   1.0933e+09   7.1237e+09    2    9           -1   0.0000e+00    0.0000e+00    0.0000e+00    0.0000e+00
          70   1.0933e+09   9.3107e+09    2   10           -1   0.0000e+00    0.0000e+00    0.0000e+00    0.0000e+00
          71   1.0933e+09   1.2169e+10    2   11           -1   0.0000e+00    0.0000e+00    0.0000e+00    0.0000e+00
          72   1.0933e+09   1.5905e+10    2   12           -1   0.0000e+00    0.0000e+00    0.0000e+00    0.0000e+00
          73   1.0933e+09   2.0789e+10    2   13           -1   0.0000e+00    0.0000e+00    0.0000e+00    0.0000e+00
          74   1.0933e+09   2.7171e+10    2   14           -1   0.0000e+00    0.0000e+00    0.0000e+00    0.0000e+00
          75   1.0933e+09   3.5513e+10    2   15           -1   0.0000e+00    0.0000e+00    0.0000e+00    0.0000e+00
          76   1.0933e+09   4.6416e+10    2   16           -1   0.0000e+00    0.0000e+00    0.0000e+00    0.0000e+00
          77   1.0933e+09   6.0666e+10    2   17           -1   0.0000e+00    0.0000e+00    0.0000e+00    0.0000e+00
          78   1.0933e+09   7.9291e+10    2   18           -1   0.0000e+00    0.0000e+00    0.0000e+00    0.0000e+00
          79   1.0933e+09   1.0363e+11    2   19           -1   0.0000e+00    0.0000e+00    0.0000e+00    0.0000e+00
          80   1.0933e+09   1.3545e+11    2   20           -1   0.0000e+00    0.0000e+00    0.0000e+00    0.0000e+00
          81   1.0933e+09   1.7704e+11    2   21           -1   0.0000e+00    0.0000e+00    0.0000e+00    0.0000e+00
          82   1.0933e+09   2.3139e+11    2   22           -1   0.0000e+00    0.0000e+00    0.0000e+00    0.0000e+00
          83   1.0933e+09   3.0243e+11    2   23           -1   0.0000e+00    0.0000e+00    0.0000e+00    0.0000e+00
          84   1.0933e+09   3.9528e+11    2   24           -1   0.0000e+00    0.0000e+00    0.0000e+00    0.0000e+00
          85   1.0933e+09   5.1663e+11    2   25           -1   0.0000e+00    0.0000e+00    0.0000e+00    0.0000e+00
          86   1.0933e+09   6.7524e+11    2   26           -1   0.0000e+00    0.0000e+00    0.0000e+00    0.0000e+00
          87   1.0933e+09   8.8255e+11    2   27           -1   0.0000e+00    0.0000e+00    0.0000e+00    0.0000e+00
          88   1.0933e+09   1.1535e+12    2   28           -1   0.0000e+00    0.0000e+00    0.0000e+00    0.0000e+00
          89   1.0933e+09   1.5076e+12    2   29           -1   0.0000e+00    0.0000e+00    0.0000e+00    0.0000e+00
          90   1.4290e+09   3.6259e+08    3    0            1   2.7068e+27    2.7068e+27    0.0000e+00    9.5557e-18
          91   1.4290e+09   8.3650e+08    3    1           -1   0.0000e+00    0.0000e+00    0.0000e+00    0.0000e+00
          92   1.4290e+09   1.0933e+09    3    2           -1   0.0000e+00    0.0000e+00    0.0000e+00    0.0000e+00
          93   1.4290e+09   1.4290e+09    3    3           -1   0.0000e+00    0.0000e+00    0.0000e+00    0.0000e+00
          94   1.4290e+09   1.8677e+09    3    4           -1   0.0000e+00    0.0000e+00    0.0000e+00    0.0000e+00
          95   1.4290e+09   2.4411e+09    3    5           -1   0.0000e+00    0.0000e+00    0.0000e+00    0.0000e+00
          96   1.4290e+09   3.1906e+09    3    6           -1   0.0000e+00    0.0000e+00    0.0000e+00    0.0000e+00
          97   1.4290e+09   4.1701e+09    3    7           -1   0.0000e+00    0.0000e+00    0.0000e+00    0.0000e+00
          98   1.4290e+09   5.4504e+09    3    8           -1   0.0000e+00    0.0000e+00    0.0000e+00    0.0000e+00
          99   1.4290e+09   7.1237e+09    3    9           -1   0.0000e+00    0.0000e+00    0.0000e+00    0.0000e+00
         100   1.4290e+09   9.3107e+09    3   10           -1   0.0000e+00    0.0000e+00    0.0000e+00    0.0000e+00
         101   1.4290e+09   1.2169e+10    3   11           -1   0.0000e+00    0.0000e+00    0.0000e+00    0.0000e+00
         102   1.4290e+09   1.5905e+10    3   12           -1   0.0000e+00    0.0000e+00    0.0000e+00    0.0000e+00
         103   1.4290e+09   2.0789e+10    3   13           -1   0.0000e+00    0.0000e+00    0.0000e+00    0.0000e+00
         104   1.4290e+09   2.7171e+10    3   14           -1   0.0000e+00    0.0000e+00    0.0000e+00    0.0000e+00
         105   1.4290e+09   3.5513e+10    3   15           -1   0.0000e+00    0.0000e+00    0.0000e+00    0.0000e+00
         106   1.4290e+09   4.6416e+10    3   16           -1   0.0000e+00    0.0000e+00    0.0000e+00    0.0000e+00
         107   1.4290e+09   6.0666e+10    3   17           -1   0.0000e+00    0.0000e+00    0.0000e+00    0.0000e+00
         108   1.4290e+09   7.9291e+10    3   18           -1   0.0000e+00    0.0000e+00    0.0000e+00    0.0000e+00
         109   1.4290e+09   1.0363e+11    3   19           -1   0.0000e+00    0.0000e+00    0.0000e+00    0.0000e+00
         110   1.4290e+09   1.3545e+11    3   20           -1   0.0000e+00    0.0000e+00    0.0000e+00    0.0000e+00
         111   1.4290e+09   1.7704e+11    3   21           -1   0.0000e+00    0.0000e+00    0.0000e+00    0.0000e+00
         112   1.4290e+09   2.3139e+11    3   22           -1   0.0000e+00    0.0000e+00    0.0000e+00    0.0000e+00
         113   1.4290e+09   3.0243e+11    3   23           -1   0.0000e+00    0.0000e+00    0.0000e+00    0.0000e+00
         114   1.4290e+09   3.9528e+11    3   24           -1   0.0000e+00    0.0000e+00    0.0000e+00    0.0000e+00
         115   1.4290e+09   5.1663e+11    3   25           -1   0.0000e+00    0.0000e+00    0.0000e+00    0.0000e+00
         116   1.4290e+09   6.7524e+11    3   26           -1   0.0000e+00    0.0000e+00    0.0000e+00    0.0000e+00
         117   1.4290e+09   8.8255e+11    3   27           -1   0.0000e+00    0.0000e+00    0.0000e+00    0.0000e+00
         118   1.4290e+09   1.1535e+12    3   28           -1   0.0000e+00    0.0000e+00    0.0000e+00    0.0000e+00
         119   1.4290e+09   1.5076e+12    3   29           -1   0.0000e+00    0.0000e+00    0.0000e+00    0.0000e+00
         120   1.8677e+09   3.6259e+08    4    0            1   7.4297e+27    7.4297e+27    0.0000e+00    1.6066e-17
         121   1.8677e+09   8.3650e+08    4    1            1   4.2379e+25    4.2379e+25    0.0000e+00    6.3182e-20
         122   1.8677e+09   1.0933e+09    4    2           -1   0.0000e+00    0.0000e+00    0.0000e+00    0.0000e+00
         123   1.8677e+09   1.4290e+09    4    3           -1   0.0000e+00    0.0000e+00    0.0000e+00    0.0000e+00
         124   1.8677e+09   1.8677e+09    4    4           -1   0.0000e+00    0.0000e+00    0.0000e+00    0.0000e+00
         125   1.8677e+09   2.4411e+09    4    5           -1   0.0000e+00    0.0000e+00    0.0000e+00    0.0000e+00
         126   1.8677e+09   3.1906e+09    4    6           -1   0.0000e+00    0.0000e+00    0.0000e+00    0.0000e+00
         127   1.8677e+09   4.1701e+09    4    7           -1   0.0000e+00    0.0000e+00    0.0000e+00    0.0000e+00
         128   1.8677e+09   5.4504e+09    4    8           -1   0.0000e+00    0.0000e+00    0.0000e+00    0.0000e+00
         129   1.8677e+09   7.1237e+09    4    9           -1   0.0000e+00    0.0000e+00    0.0000e+00    0.0000e+00
         130   1.8677e+09   9.3107e+09    4   10           -1   0.0000e+00    0.0000e+00    0.0000e+00    0.0000e+00
         131   1.8677e+09   1.2169e+10    4   11           -1   0.0000e+00    0.0000e+00    0.0000e+00    0.0000e+00
         132   1.8677e+09   1.5905e+10    4   12           -1   0.0000e+00    0.0000e+00    0.0000e+00    0.0000e+00
         133   1.8677e+09   2.0789e+10    4   13           -1   0.0000e+00    0.0000e+00    0.0000e+00    0.0000e+00
         134   1.8677e+09   2.7171e+10    4   14           -1   0.0000e+00    0.0000e+00    0.0000e+00    0.0000e+00
         135   1.8677e+09   3.5513e+10    4   15           -1   0.0000e+00    0.0000e+00    0.0000e+00    0.0000e+00
         136   1.8677e+09   4.6416e+10    4   16           -1   0.0000e+00    0.0000e+00    0.0000e+00    0.0000e+00
         137   1.8677e+09   6.0666e+10    4   17           -1   0.0000e+00    0.0000e+00    0.0000e+00    0.0000e+00
         138   1.8677e+09   7.9291e+10    4   18           -1   0.0000e+00    0.0000e+00    0.0000e+00    0.0000e+00
         139   1.8677e+09   1.0363e+11    4   19           -1   0.0000e+00    0.0000e+00    0.0000e+00    0.0000e+00
         140   1.8677e+09   1.3545e+11    4   20           -1   0.0000e+00    0.0000e+00    0.0000e+00    0.0000e+00
         141   1.8677e+09   1.7704e+11    4   21           -1   0.0000e+00    0.0000e+00    0.0000e+00    0.0000e+00
         142   1.8677e+09   2.3139e+11    4   22           -1   0.0000e+00    0.0000e+00    0.0000e+00    0.0000e+00
         143   1.8677e+09   3.0243e+11    4   23           -1   0.0000e+00    0.0000e+00    0.0000e+00    0.0000e+00
         144   1.8677e+09   3.9528e+11    4   24           -1   0.0000e+00    0.0000e+00    0.0000e+00    0.0000e+00
         145   1.8677e+09   5.1663e+11    4   25           -1   0.0000e+00    0.0000e+00    0.0000e+00    0.0000e+00
         146   1.8677e+09   6.7524e+11    4   26           -1   0.0000e+00    0.0000e+00    0.0000e+00    0.0000e+00
         147   1.8677e+09   8.8255e+11    4   27           -1   0.0000e+00    0.0000e+00    0.0000e+00    0.0000e+00
         148   1.8677e+09   1.1535e+12    4   28           -1   0.0000e+00    0.0000e+00    0.0000e+00    0.0000e+00
         149   1.8677e+09   1.5076e+12    4   29           -1   0.0000e+00    0.0000e+00    0.0000e+00    0.0000e+00
         150   2.4411e+09   3.6259e+08    5    0            0   1.4453e+28    1.4453e+28    0.0000e+00    2.4261e+27
         151   2.4411e+09   8.3650e+08    5    1            1   3.6659e+27    3.6659e+27    0.0000e+00    5.1479e-18
         152   2.4411e+09   1.0933e+09    5    2            1   1.0045e+27    1.0045e+27    0.0000e+00    1.4188e-18
         153   2.4411e+09   1.4290e+09    5    3           -1   0.0000e+00    0.0000e+00    0.0000e+00    0.0000e+00
         154   2.4411e+09   1.8677e+09    5    4           -1   0.0000e+00    0.0000e+00    0.0000e+00    0.0000e+00
         155   2.4411e+09   2.4411e+09    5    5           -1   0.0000e+00    0.0000e+00    0.0000e+00    0.0000e+00
         156   2.4411e+09   3.1906e+09    5    6           -1   0.0000e+00    0.0000e+00    0.0000e+00    0.0000e+00
         157   2.4411e+09   4.1701e+09    5    7           -1   0.0000e+00    0.0000e+00    0.0000e+00    0.0000e+00
         158   2.4411e+09   5.4504e+09    5    8           -1   0.0000e+00    0.0000e+00    0.0000e+00    0.0000e+00
         159   2.4411e+09   7.1237e+09    5    9           -1   0.0000e+00    0.0000e+00    0.0000e+00    0.0000e+00
         160   2.4411e+09   9.3107e+09    5   10           -1   0.0000e+00    0.0000e+00    0.0000e+00    0.0000e+00
         161   2.4411e+09   1.2169e+10    5   11           -1   0.0000e+00    0.0000e+00    0.0000e+00    0.0000e+00
         162   2.4411e+09   1.5905e+10    5   12           -1   0.0000e+00    0.0000e+00    0.0000e+00    0.0000e+00
         163   2.4411e+09   2.0789e+10    5   13           -1   0.0000e+00    0.0000e+00    0.0000e+00    0.0000e+00
         164   2.4411e+09   2.7171e+10    5   14           -1   0.0000e+00    0.0000e+00    0.0000e+00    0.0000e+00
         165   2.4411e+09   3.5513e+10    5   15           -1   0.0000e+00    0.0000e+00    0.0000e+00    0.0000e+00
         166   2.4411e+09   4.6416e+10    5   16           -1   0.0000e+00    0.0000e+00    0.0000e+00    0.0000e+00
         167   2.4411e+09   6.0666e+10    5   17           -1   0.0000e+00    0.0000e+00    0.0000e+00    0.0000e+00
         168   2.4411e+09   7.9291e+10    5   18           -1   0.0000e+00    0.0000e+00    0.0000e+00    0.0000e+00
         169   2.4411e+09   1.0363e+11    5   19           -1   0.0000e+00    0.0000e+00    0.0000e+00    0.0000e+00
         170   2.4411e+09   1.3545e+11    5   20           -1   0.0000e+00    0.0000e+00    0.0000e+00    0.0000e+00
         171   2.4411e+09   1.7704e+11    5   21           -1   0.0000e+00    0.0000e+00    0.0000e+00    0.0000e+00
         172   2.4411e+09   2.3139e+11    5   22           -1   0.0000e+00    0.0000e+00    0.0000e+00    0.0000e+00
         173   2.4411e+09   3.0243e+11    5   23           -1   0.0000e+00    0.0000e+00    0.0000e+00    0.0000e+00
         174   2.4411e+09   3.9528e+11    5   24           -1   0.0000e+00    0.0000e+00    0.0000e+00    0.0000e+00
         175   2.4411e+09   5.1663e+11    5   25           -1   0.0000e+00    0.0000e+00    0.0000e+00    0.0000e+00
         176   2.4411e+09   6.7524e+11    5   26           -1   0.0000e+00    0.0000e+00    0.0000e+00    0.0000e+00
         177   2.4411e+09   8.8255e+11    5   27           -1   0.0000e+00    0.0000e+00    0.0000e+00    0.0000e+00
         178   2.4411e+09   1.1535e+12    5   28           -1   0.0000e+00    0.0000e+00    0.0000e+00    0.0000e+00
         179   2.4411e+09   1.5076e+12    5   29           -1   0.0000e+00    0.0000e+00    0.0000e+00    0.0000e+00
         180   3.1906e+09   3.6259e+08    6    0            0   2.4690e+28    2.4690e+28    0.0000e+00    8.7200e+27
         181   3.1906e+09   8.3650e+08    6    1            0   7.5803e+27    7.5803e+27    0.0000e+00    3.3069e+25
         182   3.1906e+09   1.0933e+09    6    2            1   9.5195e+27    9.5195e+27    0.0000e+00    1.0633e-17
         183   3.1906e+09   1.4290e+09    6    3            1   5.0776e+27    5.0776e+27    0.0000e+00    5.1970e-18
         184   3.1906e+09   1.8677e+09    6    4           -1   0.0000e+00    0.0000e+00    0.0000e+00    0.0000e+00
         185   3.1906e+09   2.4411e+09    6    5           -1   0.0000e+00    0.0000e+00    0.0000e+00    0.0000e+00
         186   3.1906e+09   3.1906e+09    6    6           -1   0.0000e+00    0.0000e+00    0.0000e+00    0.0000e+00
         187   3.1906e+09   4.1701e+09    6    7           -1   0.0000e+00    0.0000e+00    0.0000e+00    0.0000e+00
         188   3.1906e+09   5.4504e+09    6    8           -1   0.0000e+00    0.0000e+00    0.0000e+00    0.0000e+00
         189   3.1906e+09   7.1237e+09    6    9           -1   0.0000e+00    0.0000e+00    0.0000e+00    0.0000e+00
         190   3.1906e+09   9.3107e+09    6   10           -1   0.0000e+00    0.0000e+00    0.0000e+00    0.0000e+00
         191   3.1906e+09   1.2169e+10    6   11           -1   0.0000e+00    0.0000e+00    0.0000e+00    0.0000e+00
         192   3.1906e+09   1.5905e+10    6   12           -1   0.0000e+00    0.0000e+00    0.0000e+00    0.0000e+00
         193   3.1906e+09   2.0789e+10    6   13           -1   0.0000e+00    0.0000e+00    0.0000e+00    0.0000e+00
         194   3.1906e+09   2.7171e+10    6   14           -1   0.0000e+00    0.0000e+00    0.0000e+00    0.0000e+00
         195   3.1906e+09   3.5513e+10    6   15           -1   0.0000e+00    0.0000e+00    0.0000e+00    0.0000e+00
         196   3.1906e+09   4.6416e+10    6   16           -1   0.0000e+00    0.0000e+00    0.0000e+00    0.0000e+00
         197   3.1906e+09   6.0666e+10    6   17           -1   0.0000e+00    0.0000e+00    0.0000e+00    0.0000e+00
         198   3.1906e+09   7.9291e+10    6   18           -1   0.0000e+00    0.0000e+00    0.0000e+00    0.0000e+00
         199   3.1906e+09   1.0363e+11    6   19           -1   0.0000e+00    0.0000e+00    0.0000e+00    0.0000e+00
         200   3.1906e+09   1.3545e+11    6   20           -1   0.0000e+00    0.0000e+00    0.0000e+00    0.0000e+00
         201   3.1906e+09   1.7704e+11    6   21           -1   0.0000e+00    0.0000e+00    0.0000e+00    0.0000e+00
         202   3.1906e+09   2.3139e+11    6   22           -1   0.0000e+00    0.0000e+00    0.0000e+00    0.0000e+00
         203   3.1906e+09   3.0243e+11    6   23           -1   0.0000e+00    0.0000e+00    0.0000e+00    0.0000e+00
         204   3.1906e+09   3.9528e+11    6   24           -1   0.0000e+00    0.0000e+00    0.0000e+00    0.0000e+00
         205   3.1906e+09   5.1663e+11    6   25           -1   0.0000e+00    0.0000e+00    0.0000e+00    0.0000e+00
         206   3.1906e+09   6.7524e+11    6   26           -1   0.0000e+00    0.0000e+00    0.0000e+00    0.0000e+00
         207   3.1906e+09   8.8255e+11    6   27           -1   0.0000e+00    0.0000e+00    0.0000e+00    0.0000e+00
         208   3.1906e+09   1.1535e+12    6   28           -1   0.0000e+00    0.0000e+00    0.0000e+00    0.0000e+00
         209   3.1906e+09   1.5076e+12    6   29           -1   0.0000e+00    0.0000e+00    0.0000e+00    0.0000e+00
         210   4.1701e+09   3.6259e+08    7    0            0   4.2178e+28    4.2178e+28    0.0000e+00    2.4900e+28
         211   4.1701e+09   8.3650e+08    7    1            0   1.2949e+28    1.2949e+28    0.0000e+00    8.3154e+25
         212   4.1701e+09   1.0933e+09    7    2            0   1.6925e+28    1.6925e+28    0.0000e+00    3.2238e+25
         213   4.1701e+09   1.4290e+09    7    3            1   2.2090e+28    2.2090e+28    0.0000e+00    1.6335e-17
         214   4.1701e+09   1.8677e+09    7    4            1   1.7208e+28    1.7208e+28    0.0000e+00    1.2481e-17
         215   4.1701e+09   2.4411e+09    7    5            1   4.1659e+26    4.1659e+26    0.0000e+00    2.3093e-19
         216   4.1701e+09   3.1906e+09    7    6           -1   0.0000e+00    0.0000e+00    0.0000e+00    0.0000e+00
         217   4.1701e+09   4.1701e+09    7    7           -1   0.0000e+00    0.0000e+00    0.0000e+00    0.0000e+00
         218   4.1701e+09   5.4504e+09    7    8           -1   0.0000e+00    0.0000e+00    0.0000e+00    0.0000e+00
         219   4.1701e+09   7.1237e+09    7    9           -1   0.0000e+00    0.0000e+00    0.0000e+00    0.0000e+00
         220   4.1701e+09   9.3107e+09    7   10           -1   0.0000e+00    0.0000e+00    0.0000e+00    0.0000e+00
         221   4.1701e+09   1.2169e+10    7   11           -1   0.0000e+00    0.0000e+00    0.0000e+00    0.0000e+00
         222   4.1701e+09   1.5905e+10    7   12           -1   0.0000e+00    0.0000e+00    0.0000e+00    0.0000e+00
         223   4.1701e+09   2.0789e+10    7   13           -1   0.0000e+00    0.0000e+00    0.0000e+00    0.0000e+00
         224   4.1701e+09   2.7171e+10    7   14           -1   0.0000e+00    0.0000e+00    0.0000e+00    0.0000e+00
         225   4.1701e+09   3.5513e+10    7   15           -1   0.0000e+00    0.0000e+00    0.0000e+00    0.0000e+00
         226   4.1701e+09   4.6416e+10    7   16           -1   0.0000e+00    0.0000e+00    0.0000e+00    0.0000e+00
         227   4.1701e+09   6.0666e+10    7   17           -1   0.0000e+00    0.0000e+00    0.0000e+00    0.0000e+00
         228   4.1701e+09   7.9291e+10    7   18           -1   0.0000e+00    0.0000e+00    0.0000e+00    0.0000e+00
         229   4.1701e+09   1.0363e+11    7   19           -1   0.0000e+00    0.0000e+00    0.0000e+00    0.0000e+00
         230   4.1701e+09   1.3545e+11    7   20           -1   0.0000e+00    0.0000e+00    0.0000e+00    0.0000e+00
         231   4.1701e+09   1.7704e+11    7   21           -1   0.0000e+00    0.0000e+00    0.0000e+00    0.0000e+00
         232   4.1701e+09   2.3139e+11    7   22           -1   0.0000e+00    0.0000e+00    0.0000e+00    0.0000e+00
         233   4.1701e+09   3.0243e+11    7   23           -1   0.0000e+00    0.0000e+00    0.0000e+00    0.0000e+00
         234   4.1701e+09   3.9528e+11    7   24           -1   0.0000e+00    0.0000e+00    0.0000e+00    0.0000e+00
         235   4.1701e+09   5.1663e+11    7   25           -1   0.0000e+00    0.0000e+00    0.0000e+00    0.0000e+00
         236   4.1701e+09   6.7524e+11    7   26           -1   0.0000e+00    0.0000e+00    0.0000e+00    0.0000e+00
         237   4.1701e+09   8.8255e+11    7   27           -1   0.0000e+00    0.0000e+00    0.0000e+00    0.0000e+00
         238   4.1701e+09   1.1535e+12    7   28           -1   0.0000e+00    0.0000e+00    0.0000e+00    0.0000e+00
         239   4.1701e+09   1.5076e+12    7   29           -1   0.0000e+00    0.0000e+00    0.0000e+00    0.0000e+00
         240   5.4504e+09   3.6259e+08    8    0            0   7.2052e+28    7.2052e+28    0.0000e+00    7.1626e+28
         241   5.4504e+09   8.3650e+08    8    1            0   2.2121e+28    2.2121e+28    0.0000e+00    2.7479e+26
         242   5.4504e+09   1.0933e+09    8    2            0   2.8913e+28    2.8913e+28    0.0000e+00    1.7949e+26
         243   5.4504e+09   1.4290e+09    8    3            0   3.7789e+28    3.7789e+28    0.0000e+00    6.2387e+25
         244   5.4504e+09   1.8677e+09    8    4            0   4.9392e+28    4.9392e+28    0.0000e+00    1.7983e+25
         245   5.4504e+09   2.4411e+09    8    5            1   4.7368e+28    4.7368e+28    0.0000e+00    2.1176e-17
         246   5.4504e+09   3.1906e+09    8    6            1   4.0802e+27    4.0802e+27    0.0000e+00    1.3183e-18
         247   5.4504e+09   4.1701e+09    8    7           -1   0.0000e+00    0.0000e+00    0.0000e+00    0.0000e+00
         248   5.4504e+09   5.4504e+09    8    8           -1   0.0000e+00    0.0000e+00    0.0000e+00    0.0000e+00
         249   5.4504e+09   7.1237e+09    8    9           -1   0.0000e+00    0.0000e+00    0.0000e+00    0.0000e+00
         250   5.4504e+09   9.3107e+09    8   10           -1   0.0000e+00    0.0000e+00    0.0000e+00    0.0000e+00
         251   5.4504e+09   1.2169e+10    8   11           -1   0.0000e+00    0.0000e+00    0.0000e+00    0.0000e+00
         252   5.4504e+09   1.5905e+10    8   12           -1   0.0000e+00    0.0000e+00    0.0000e+00    0.0000e+00
         253   5.4504e+09   2.0789e+10    8   13           -1   0.0000e+00    0.0000e+00    0.0000e+00    0.0000e+00
         254   5.4504e+09   2.7171e+10    8   14           -1   0.0000e+00    0.0000e+00    0.0000e+00    0.0000e+00
         255   5.4504e+09   3.5513e+10    8   15           -1   0.0000e+00    0.0000e+00    0.0000e+00    0.0000e+00
         256   5.4504e+09   4.6416e+10    8   16           -1   0.0000e+00    0.0000e+00    0.0000e+00    0.0000e+00
         257   5.4504e+09   6.0666e+10    8   17           -1   0.0000e+00    0.0000e+00    0.0000e+00    0.0000e+00
         258   5.4504e+09   7.9291e+10    8   18           -1   0.0000e+00    0.0000e+00    0.0000e+00    0.0000e+00
         259   5.4504e+09   1.0363e+11    8   19           -1   0.0000e+00    0.0000e+00    0.0000e+00    0.0000e+00
         260   5.4504e+09   1.3545e+11    8   20           -1   0.0000e+00    0.0000e+00    0.0000e+00    0.0000e+00
         261   5.4504e+09   1.7704e+11    8   21           -1   0.0000e+00    0.0000e+00    0.0000e+00    0.0000e+00
         262   5.4504e+09   2.3139e+11    8   22           -1   0.0000e+00    0.0000e+00    0.0000e+00    0.0000e+00
         263   5.4504e+09   3.0243e+11    8   23           -1   0.0000e+00    0.0000e+00    0.0000e+00    0.0000e+00
         264   5.4504e+09   3.9528e+11    8   24           -1   0.0000e+00    0.0000e+00    0.0000e+00    0.0000e+00
         265   5.4504e+09   5.1663e+11    8   25           -1   0.0000e+00    0.0000e+00    0.0000e+00    0.0000e+00
         266   5.4504e+09   6.7524e+11    8   26           -1   0.0000e+00    0.0000e+00    0.0000e+00    0.0000e+00
         267   5.4504e+09   8.8255e+11    8   27           -1   0.0000e+00    0.0000e+00    0.0000e+00    0.0000e+00
         268   5.4504e+09   1.1535e+12    8   28           -1   0.0000e+00    0.0000e+00    0.0000e+00    0.0000e+00
         269   5.4504e+09   1.5076e+12    8   29           -1   0.0000e+00    0.0000e+00    0.0000e+00    0.0000e+00
         270   7.1237e+09   3.6259e+08    9    0            0   1.2309e+29    1.2309e+29    0.0000e+00    2.1164e+29
         271   7.1237e+09   8.3650e+08    9    1            0   3.7789e+28    3.7789e+28    0.0000e+00    1.0838e+27
         272   7.1237e+09   1.0933e+09    9    2            0   4.9391e+28    4.9391e+28    0.0000e+00    2.8203e+26
         273   7.1237e+09   1.4290e+09    9    3            0   6.4555e+28    6.4555e+28    0.0000e+00    1.3213e+26
         274   7.1237e+09   1.8677e+09    9    4            0   8.4375e+28    8.4375e+28    0.0000e+00    4.5187e+25
         275   7.1237e+09   2.4411e+09    9    5            0   1.1028e+29    1.1028e+29    0.0000e+00    1.8345e+25
         276   7.1237e+09   3.1906e+09    9    6            1   1.1803e+29    1.1803e+29    0.0000e+00    3.3117e-17
         277   7.1237e+09   4.1701e+09    9    7            1   1.7629e+28    1.7629e+28    0.0000e+00    4.0893e-18
         278   7.1237e+09   5.4504e+09    9    8           -1   0.0000e+00    0.0000e+00    0.0000e+00    0.0000e+00
         279   7.1237e+09   7.1237e+09    9    9           -1   0.0000e+00    0.0000e+00    0.0000e+00    0.0000e+00
         280   7.1237e+09   9.3107e+09    9   10           -1   0.0000e+00    0.0000e+00    0.0000e+00    0.0000e+00
         281   7.1237e+09   1.2169e+10    9   11           -1   0.0000e+00    0.0000e+00    0.0000e+00    0.0000e+00
         282   7.1237e+09   1.5905e+10    9   12           -1   0.0000e+00    0.0000e+00    0.0000e+00    0.0000e+00
         283   7.1237e+09   2.0789e+10    9   13           -1   0.0000e+00    0.0000e+00    0.0000e+00    0.0000e+00
         284   7.1237e+09   2.7171e+10    9   14           -1   0.0000e+00    0.0000e+00    0.0000e+00    0.0000e+00
         285   7.1237e+09   3.5513e+10    9   15           -1   0.0000e+00    0.0000e+00    0.0000e+00    0.0000e+00
         286   7.1237e+09   4.6416e+10    9   16           -1   0.0000e+00    0.0000e+00    0.0000e+00    0.0000e+00
         287   7.1237e+09   6.0666e+10    9   17           -1   0.0000e+00    0.0000e+00    0.0000e+00    0.0000e+00
         288   7.1237e+09   7.9291e+10    9   18           -1   0.0000e+00    0.0000e+00    0.0000e+00    0.0000e+00
         289   7.1237e+09   1.0363e+11    9   19           -1   0.0000e+00    0.0000e+00    0.0000e+00    0.0000e+00
         290   7.1237e+09   1.3545e+11    9   20           -1   0.0000e+00    0.0000e+00    0.0000e+00    0.0000e+00
         291   7.1237e+09   1.7704e+11    9   21           -1   0.0000e+00    0.0000e+00    0.0000e+00    0.0000e+00
         292   7.1237e+09   2.3139e+11    9   22           -1   0.0000e+00    0.0000e+00    0.0000e+00    0.0000e+00
         293   7.1237e+09   3.0243e+11    9   23           -1   0.0000e+00    0.0000e+00    0.0000e+00    0.0000e+00
         294   7.1237e+09   3.9528e+11    9   24           -1   0.0000e+00    0.0000e+00    0.0000e+00    0.0000e+00
         295   7.1237e+09   5.1663e+11    9   25           -1   0.0000e+00    0.0000e+00    0.0000e+00    0.0000e+00
         296   7.1237e+09   6.7524e+11    9   26           -1   0.0000e+00    0.0000e+00    0.0000e+00    0.0000e+00
         297   7.1237e+09   8.8255e+11    9   27           -1   0.0000e+00    0.0000e+00    0.0000e+00    0.0000e+00
         298   7.1237e+09   1.1535e+12    9   28           -1   0.0000e+00    0.0000e+00    0.0000e+00    0.0000e+00
         299   7.1237e+09   1.5076e+12    9   29           -1   0.0000e+00    0.0000e+00    0.0000e+00    0.0000e+00
         300   9.3107e+09   3.6259e+08   10    0            0   2.1026e+29    2.1026e+29    0.0000e+00    5.6951e+29
         301   9.3107e+09   8.3650e+08   10    1            0   6.4554e+28    6.4554e+28    0.0000e+00    3.0863e+27
         302   9.3107e+09   1.0933e+09   10    2            0   8.4374e+28    8.4374e+28    0.0000e+00    1.1970e+27
         303   9.3107e+09   1.4290e+09   10    3            0   1.1028e+29    1.1028e+29    0.0000e+00    4.5985e+26
         304   9.3107e+09   1.8677e+09   10    4            0   1.4414e+29    1.4414e+29    0.0000e+00    1.4285e+26
         305   9.3107e+09   2.4411e+09   10    5            0   1.8839e+29    1.8839e+29    0.0000e+00    5.3058e+25
         306   9.3107e+09   3.1906e+09   10    6            0   2.4624e+29    2.4624e+29    0.0000e+00    1.9598e+25
         307   9.3107e+09   4.1701e+09   10    7            1   2.8063e+29    2.8063e+29    0.0000e+00    4.8832e-17
         308   9.3107e+09   5.4504e+09   10    8            1   5.7776e+28    5.7776e+28    0.0000e+00    8.5141e-18
         309   9.3107e+09   7.1237e+09   10    9           -1   0.0000e+00    0.0000e+00    0.0000e+00    0.0000e+00
         310   9.3107e+09   9.3107e+09   10   10           -1   0.0000e+00    0.0000e+00    0.0000e+00    0.0000e+00
         311   9.3107e+09   1.2169e+10   10   11           -1   0.0000e+00    0.0000e+00    0.0000e+00    0.0000e+00
         312   9.3107e+09   1.5905e+10   10   12           -1   0.0000e+00    0.0000e+00    0.0000e+00    0.0000e+00
         313   9.3107e+09   2.0789e+10   10   13           -1   0.0000e+00    0.0000e+00    0.0000e+00    0.0000e+00
         314   9.3107e+09   2.7171e+10   10   14           -1   0.0000e+00    0.0000e+00    0.0000e+00    0.0000e+00
         315   9.3107e+09   3.5513e+10   10   15           -1   0.0000e+00    0.0000e+00    0.0000e+00    0.0000e+00
         316   9.3107e+09   4.6416e+10   10   16           -1   0.0000e+00    0.0000e+00    0.0000e+00    0.0000e+00
         317   9.3107e+09   6.0666e+10   10   17           -1   0.0000e+00    0.0000e+00    0.0000e+00    0.0000e+00
         318   9.3107e+09   7.9291e+10   10   18           -1   0.0000e+00    0.0000e+00    0.0000e+00    0.0000e+00
         319   9.3107e+09   1.0363e+11   10   19           -1   0.0000e+00    0.0000e+00    0.0000e+00    0.0000e+00
         320   9.3107e+09   1.3545e+11   10   20           -1   0.0000e+00    0.0000e+00    0.0000e+00    0.0000e+00
         321   9.3107e+09   1.7704e+11   10   21           -1   0.0000e+00    0.0000e+00    0.0000e+00    0.0000e+00
         322   9.3107e+09   2.3139e+11   10   22           -1   0.0000e+00    0.0000e+00    0.0000e+00    0.0000e+00
         323   9.3107e+09   3.0243e+11   10   23           -1   0.0000e+00    0.0000e+00    0.0000e+00    0.0000e+00
         324   9.3107e+09   3.9528e+11   10   24           -1   0.0000e+00    0.0000e+00    0.0000e+00    0.0000e+00
         325   9.3107e+09   5.1663e+11   10   25           -1   0.0000e+00    0.0000e+00    0.0000e+00    0.0000e+00
         326   9.3107e+09   6.7524e+11   10   26           -1   0.0000e+00    0.0000e+00    0.0000e+00    0.0000e+00
         327   9.3107e+09   8.8255e+11   10   27           -1   0.0000e+00    0.0000e+00    0.0000e+00    0.0000e+00
         328   9.3107e+09   1.1535e+12   10   28           -1   0.0000e+00    0.0000e+00    0.0000e+00    0.0000e+00
         329   9.3107e+09   1.5076e+12   10   29           -1   0.0000e+00    0.0000e+00    0.0000e+00    0.0000e+00
         330   1.2169e+10   3.6259e+08   11    0            0   3.5919e+29    3.5919e+29    0.0000e+00    1.4379e+30
         331   1.2169e+10   8.3650e+08   11    1            0   1.1028e+29    1.1028e+29    0.0000e+00    1.2378e+28
         332   1.2169e+10   1.0933e+09   11    2            0   1.4413e+29    1.4413e+29    0.0000e+00    3.9907e+27
         333   1.2169e+10   1.4290e+09   11    3            0   1.8839e+29    1.8839e+29    0.0000e+00    1.1256e+27
         334   1.2169e+10   1.8677e+09   11    4            0   2.4623e+29    2.4623e+29    0.0000e+00    3.8551e+26
         335   1.2169e+10   2.4411e+09   11    5            0   3.2183e+29    3.2183e+29    0.0000e+00    1.3892e+26
         336   1.2169e+10   3.1906e+09   11    6            0   4.2064e+29    4.2064e+29    0.0000e+00    4.7929e+25
         337   1.2169e+10   4.1701e+09   11    7            0   5.4980e+29    5.4980e+29    0.0000e+00    1.6073e+25
         338   1.2169e+10   5.4504e+09   11    8            1   6.5101e+29    6.5101e+29    0.0000e+00    6.9274e-17
         339   1.2169e+10   7.1237e+09   11    9            1   1.6527e+29    1.6527e+29    0.0000e+00    1.4782e-17
         340   1.2169e+10   9.3107e+09   11   10           -1   0.0000e+00    0.0000e+00    0.0000e+00    0.0000e+00
         341   1.2169e+10   1.2169e+10   11   11           -1   0.0000e+00    0.0000e+00    0.0000e+00    0.0000e+00
         342   1.2169e+10   1.5905e+10   11   12           -1   0.0000e+00    0.0000e+00    0.0000e+00    0.0000e+00
         343   1.2169e+10   2.0789e+10   11   13           -1   0.0000e+00    0.0000e+00    0.0000e+00    0.0000e+00
         344   1.2169e+10   2.7171e+10   11   14           -1   0.0000e+00    0.0000e+00    0.0000e+00    0.0000e+00
         345   1.2169e+10   3.5513e+10   11   15           -1   0.0000e+00    0.0000e+00    0.0000e+00    0.0000e+00
         346   1.2169e+10   4.6416e+10   11   16           -1   0.0000e+00    0.0000e+00    0.0000e+00    0.0000e+00
         347   1.2169e+10   6.0666e+10   11   17           -1   0.0000e+00    0.0000e+00    0.0000e+00    0.0000e+00
         348   1.2169e+10   7.9291e+10   11   18           -1   0.0000e+00    0.0000e+00    0.0000e+00    0.0000e+00
         349   1.2169e+10   1.0363e+11   11   19           -1   0.0000e+00    0.0000e+00    0.0000e+00    0.0000e+00
         350   1.2169e+10   1.3545e+11   11   20           -1   0.0000e+00    0.0000e+00    0.0000e+00    0.0000e+00
         351   1.2169e+10   1.7704e+11   11   21           -1   0.0000e+00    0.0000e+00    0.0000e+00    0.0000e+00
         352   1.2169e+10   2.3139e+11   11   22           -1   0.0000e+00    0.0000e+00    0.0000e+00    0.0000e+00
         353   1.2169e+10   3.0243e+11   11   23           -1   0.0000e+00    0.0000e+00    0.0000e+00    0.0000e+00
         354   1.2169e+10   3.9528e+11   11   24           -1   0.0000e+00    0.0000e+00    0.0000e+00    0.0000e+00
         355   1.2169e+10   5.1663e+11   11   25           -1   0.0000e+00    0.0000e+00    0.0000e+00    0.0000e+00
         356   1.2169e+10   6.7524e+11   11   26           -1   0.0000e+00    0.0000e+00    0.0000e+00    0.0000e+00
         357   1.2169e+10   8.8255e+11   11   27           -1   0.0000e+00    0.0000e+00    0.0000e+00    0.0000e+00
         358   1.2169e+10   1.1535e+12   11   28           -1   0.0000e+00    0.0000e+00    0.0000e+00    0.0000e+00
         359   1.2169e+10   1.5076e+12   11   29           -1   0.0000e+00    0.0000e+00    0.0000e+00    0.0000e+00
         360   1.5905e+10   3.6259e+08   12    0            0   6.1360e+29    6.1360e+29    0.0000e+00    3.4676e+30
         361   1.5905e+10   8.3650e+08   12    1            0   1.8839e+29    1.8839e+29    0.0000e+00    2.9306e+28
         362   1.5905e+10   1.0933e+09   12    2            0   2.4622e+29    2.4622e+29    0.0000e+00    1.0736e+28
         363   1.5905e+10   1.4290e+09   12    3            0   3.2182e+29    3.2182e+29    0.0000e+00    3.1701e+27
         364   1.5905e+10   1.8677e+09   12    4            0   4.2063e+29    4.2063e+29    0.0000e+00    9.6231e+26
         365   1.5905e+10   2.4411e+09   12    5            0   5.4977e+29    5.4977e+29    0.0000e+00    3.0312e+26
         366   1.5905e+10   3.1906e+09   12    6            0   7.1857e+29    7.1857e+29    0.0000e+00    1.1632e+26
         367   1.5905e+10   4.1701e+09   12    7            0   9.3921e+29    9.3921e+29    0.0000e+00    3.7546e+25
         368   1.5905e+10   5.4504e+09   12    8            0   1.2276e+30    1.2276e+30    0.0000e+00    1.2701e+25
         369   1.5905e+10   7.1237e+09   12    9            1   1.4892e+30    1.4892e+30    0.0000e+00    9.4267e-17
         370   1.5905e+10   9.3107e+09   12   10            1   4.3702e+29    4.3702e+29    0.0000e+00    2.3464e-17
         371   1.5905e+10   1.2169e+10   12   11           -1   0.0000e+00    0.0000e+00    0.0000e+00    0.0000e+00
         372   1.5905e+10   1.5905e+10   12   12           -1   0.0000e+00    0.0000e+00    0.0000e+00    0.0000e+00
         373   1.5905e+10   2.0789e+10   12   13           -1   0.0000e+00    0.0000e+00    0.0000e+00    0.0000e+00
         374   1.5905e+10   2.7171e+10   12   14           -1   0.0000e+00    0.0000e+00    0.0000e+00    0.0000e+00
         375   1.5905e+10   3.5513e+10   12   15           -1   0.0000e+00    0.0000e+00    0.0000e+00    0.0000e+00
         376   1.5905e+10   4.6416e+10   12   16           -1   0.0000e+00    0.0000e+00    0.0000e+00    0.0000e+00
         377   1.5905e+10   6.0666e+10   12   17           -1   0.0000e+00    0.0000e+00    0.0000e+00    0.0000e+00
         378   1.5905e+10   7.9291e+10   12   18           -1   0.0000e+00    0.0000e+00    0.0000e+00    0.0000e+00
         379   1.5905e+10   1.0363e+11   12   19           -1   0.0000e+00    0.0000e+00    0.0000e+00    0.0000e+00
         380   1.5905e+10   1.3545e+11   12   20           -1   0.0000e+00    0.0000e+00    0.0000e+00    0.0000e+00
         381   1.5905e+10   1.7704e+11   12   21           -1   0.0000e+00    0.0000e+00    0.0000e+00    0.0000e+00
         382   1.5905e+10   2.3139e+11   12   22           -1   0.0000e+00    0.0000e+00    0.0000e+00    0.0000e+00
         383   1.5905e+10   3.0243e+11   12   23           -1   0.0000e+00    0.0000e+00    0.0000e+00    0.0000e+00
         384   1.5905e+10   3.9528e+11   12   24           -1   0.0000e+00    0.0000e+00    0.0000e+00    0.0000e+00
         385   1.5905e+10   5.1663e+11   12   25           -1   0.0000e+00    0.0000e+00    0.0000e+00    0.0000e+00
         386   1.5905e+10   6.7524e+11   12   26           -1   0.0000e+00    0.0000e+00    0.0000e+00    0.0000e+00
         387   1.5905e+10   8.8255e+11   12   27           -1   0.0000e+00    0.0000e+00    0.0000e+00    0.0000e+00
         388   1.5905e+10   1.1535e+12   12   28           -1   0.0000e+00    0.0000e+00    0.0000e+00    0.0000e+00
         389   1.5905e+10   1.5076e+12   12   29           -1   0.0000e+00    0.0000e+00    0.0000e+00    0.0000e+00
         390   2.0789e+10   3.6259e+08   13    0            1   1.0388e+30    1.0388e+30    0.0000e+00    1.7691e-17
         391   2.0789e+10   8.3650e+08   13    1            0   3.2181e+29    3.2181e+29    0.0000e+00    5.9097e+28
         392   2.0789e+10   1.0933e+09   13    2            0   4.2062e+29    4.2062e+29    0.0000e+00    1.7430e+28
         393   2.0789e+10   1.4290e+09   13    3            0   5.4976e+29    5.4976e+29    0.0000e+00    5.7797e+27
         394   2.0789e+10   1.8677e+09   13    4            0   7.1855e+29    7.1855e+29    0.0000e+00    2.0316e+27
         395   2.0789e+10   2.4411e+09   13    5            0   9.3916e+29    9.3916e+29    0.0000e+00    6.9789e+26
         396   2.0789e+10   3.1906e+09   13    6            0   1.2275e+30    1.2275e+30    0.0000e+00    2.3502e+26
         397   2.0789e+10   4.1701e+09   13    7            0   1.6044e+30    1.6044e+30    0.0000e+00    9.0962e+25
         398   2.0789e+10   5.4504e+09   13    8            0   2.0971e+30    2.0971e+30    0.0000e+00    3.2156e+25
         399   2.0789e+10   7.1237e+09   13    9            0   2.7410e+30    2.7410e+30    0.0000e+00    9.6417e+24
         400   2.0789e+10   9.3107e+09   13   10            1   3.3784e+30    3.3784e+30    0.0000e+00    1.1842e-16
         401   2.0789e+10   1.2169e+10   13   11            1   1.0997e+30    1.0997e+30    0.0000e+00    3.2637e-17
         402   2.0789e+10   1.5905e+10   13   12           -1   0.0000e+00    0.0000e+00    0.0000e+00    0.0000e+00
         403   2.0789e+10   2.0789e+10   13   13           -1   0.0000e+00    0.0000e+00    0.0000e+00    0.0000e+00
         404   2.0789e+10   2.7171e+10   13   14           -1   0.0000e+00    0.0000e+00    0.0000e+00    0.0000e+00
         405   2.0789e+10   3.5513e+10   13   15           -1   0.0000e+00    0.0000e+00    0.0000e+00    0.0000e+00
         406   2.0789e+10   4.6416e+10   13   16           -1   0.0000e+00    0.0000e+00    0.0000e+00    0.0000e+00
         407   2.0789e+10   6.0666e+10   13   17           -1   0.0000e+00    0.0000e+00    0.0000e+00    0.0000e+00
         408   2.0789e+10   7.9291e+10   13   18           -1   0.0000e+00    0.0000e+00    0.0000e+00    0.0000e+00
         409   2.0789e+10   1.0363e+11   13   19           -1   0.0000e+00    0.0000e+00    0.0000e+00    0.0000e+00
         410   2.0789e+10   1.3545e+11   13   20           -1   0.0000e+00    0.0000e+00    0.0000e+00    0.0000e+00
         411   2.0789e+10   1.7704e+11   13   21           -1   0.0000e+00    0.0000e+00    0.0000e+00    0.0000e+00
         412   2.0789e+10   2.3139e+11   13   22           -1   0.0000e+00    0.0000e+00    0.0000e+00    0.0000e+00
         413   2.0789e+10   3.0243e+11   13   23           -1   0.0000e+00    0.0000e+00    0.0000e+00    0.0000e+00
         414   2.0789e+10   3.9528e+11   13   24           -1   0.0000e+00    0.0000e+00    0.0000e+00    0.0000e+00
         415   2.0789e+10   5.1663e+11   13   25           -1   0.0000e+00    0.0000e+00    0.0000e+00    0.0000e+00
         416   2.0789e+10   6.7524e+11   13   26           -1   0.0000e+00    0.0000e+00    0.0000e+00    0.0000e+00
         417   2.0789e+10   8.8255e+11   13   27           -1   0.0000e+00    0.0000e+00    0.0000e+00    0.0000e+00
         418   2.0789e+10   1.1535e+12   13   28           -1   0.0000e+00    0.0000e+00    0.0000e+00    0.0000e+00
         419   2.0789e+10   1.5076e+12   13   29           -1   0.0000e+00    0.0000e+00    0.0000e+00    0.0000e+00
         420   2.7171e+10   3.6259e+08   14    0            1   1.5310e+30    1.5310e+30    0.0000e+00    1.4254e-18
         421   2.7171e+10   8.3650e+08   14    1            0   5.4975e+29    5.4975e+29    0.0000e+00    1.6807e+29
         422   2.7171e+10   1.0933e+09   14    2            0   7.1853e+29    7.1853e+29    0.0000e+00    3.9863e+28
         423   2.7171e+10   1.4290e+09   14    3            0   9.3914e+29    9.3914e+29    0.0000e+00    1.5113e+28
         424   2.7171e+10   1.8677e+09   14    4            0   1.2275e+30    1.2275e+30    0.0000e+00    4.5664e+27
         425   2.7171e+10   2.4411e+09   14    5            0   1.6044e+30    1.6044e+30    0.0000e+00    1.0019e+27
         426   2.7171e+10   3.1906e+09   14    6            0   2.0969e+30    2.0969e+30    0.0000e+00    4.9884e+26
         427   2.7171e+10   4.1701e+09   14    7            0   2.7408e+30    2.7408e+30    0.0000e+00    1.9923e+26
         428   2.7171e+10   5.4504e+09   14    8            0   3.5823e+30    3.5823e+30    0.0000e+00    6.2864e+25
         429   2.7171e+10   7.1237e+09   14    9            0   4.6823e+30    4.6823e+30    0.0000e+00    2.1447e+25
         430   2.7171e+10   9.3107e+09   14   10            0   6.1202e+30    6.1202e+30    0.0000e+00    6.9350e+24
         431   2.7171e+10   1.2169e+10   14   11            1   7.6246e+30    7.6246e+30    0.0000e+00    1.4159e-16
         432   2.7171e+10   1.5905e+10   14   12            1   2.6767e+30    2.6767e+30    0.0000e+00    4.3752e-17
         433   2.7171e+10   2.0789e+10   14   13           -1   0.0000e+00    0.0000e+00    0.0000e+00    0.0000e+00
         434   2.7171e+10   2.7171e+10   14   14           -1   0.0000e+00    0.0000e+00    0.0000e+00    0.0000e+00
         435   2.7171e+10   3.5513e+10   14   15           -1   0.0000e+00    0.0000e+00    0.0000e+00    0.0000e+00
         436   2.7171e+10   4.6416e+10   14   16           -1   0.0000e+00    0.0000e+00    0.0000e+00    0.0000e+00
         437   2.7171e+10   6.0666e+10   14   17           -1   0.0000e+00    0.0000e+00    0.0000e+00    0.0000e+00
         438   2.7171e+10   7.9291e+10   14   18           -1   0.0000e+00    0.0000e+00    0.0000e+00    0.0000e+00
         439   2.7171e+10   1.0363e+11   14   19           -1   0.0000e+00    0.0000e+00    0.0000e+00    0.0000e+00
         440   2.7171e+10   1.3545e+11   14   20           -1   0.0000e+00    0.0000e+00    0.0000e+00    0.0000e+00
         441   2.7171e+10   1.7704e+11   14   21           -1   0.0000e+00    0.0000e+00    0.0000e+00    0.0000e+00
         442   2.7171e+10   2.3139e+11   14   22           -1   0.0000e+00    0.0000e+00    0.0000e+00    0.0000e+00
         443   2.7171e+10   3.0243e+11   14   23           -1   0.0000e+00    0.0000e+00    0.0000e+00    0.0000e+00
         444   2.7171e+10   3.9528e+11   14   24           -1   0.0000e+00    0.0000e+00    0.0000e+00    0.0000e+00
         445   2.7171e+10   5.1663e+11   14   25           -1   0.0000e+00    0.0000e+00    0.0000e+00    0.0000e+00
         446   2.7171e+10   6.7524e+11   14   26           -1   0.0000e+00    0.0000e+00    0.0000e+00    0.0000e+00
         447   2.7171e+10   8.8255e+11   14   27           -1   0.0000e+00    0.0000e+00    0.0000e+00    0.0000e+00
         448   2.7171e+10   1.1535e+12   14   28           -1   0.0000e+00    0.0000e+00    0.0000e+00    0.0000e+00
         449   2.7171e+10   1.5076e+12   14   29           -1   0.0000e+00    0.0000e+00    0.0000e+00    0.0000e+00
         450   3.5513e+10   3.6259e+08   15    0            1   1.9628e+30    1.9628e+30    0.0000e+00    9.0206e-19
         451   3.5513e+10   8.3650e+08   15    1            0   9.3913e+29    9.3913e+29    0.0000e+00    4.7135e+29
         452   3.5513e+10   1.0933e+09   15    2            0   1.2275e+30    1.2275e+30    0.0000e+00    1.8426e+29
         453   3.5513e+10   1.4290e+09   15    3            0   1.6043e+30    1.6043e+30    0.0000e+00    3.6141e+28
         454   3.5513e+10   1.8677e+09   15    4            0   2.0969e+30    2.0969e+30    0.0000e+00    6.0350e+27
         455   3.5513e+10   2.4411e+09   15    5            0   2.7407e+30    2.7407e+30    0.0000e+00    3.5153e+27
         456   3.5513e+10   3.1906e+09   15    6            0   3.5821e+30    3.5821e+30    0.0000e+00    1.3883e+27
         457   3.5513e+10   4.1701e+09   15    7            0   4.6820e+30    4.6820e+30    0.0000e+00    5.8350e+26
         458   3.5513e+10   5.4504e+09   15    8            0   6.1196e+30    6.1196e+30    0.0000e+00    1.6474e+26
         459   3.5513e+10   7.1237e+09   15    9            0   7.9986e+30    7.9986e+30    0.0000e+00    5.6279e+25
         460   3.5513e+10   9.3107e+09   15   10            0   1.0455e+31    1.0455e+31    0.0000e+00    1.7014e+25
         461   3.5513e+10   1.2169e+10   15   11            0   1.3665e+31    1.3665e+31    0.0000e+00    5.1172e+24
         462   3.5513e+10   1.5905e+10   15   12            1   1.7150e+31    1.7150e+31    0.0000e+00    1.7312e-16
         463   3.5513e+10   2.0789e+10   15   13            1   6.3676e+30    6.3676e+30    0.0000e+00    5.7918e-17
         464   3.5513e+10   2.7171e+10   15   14           -1   0.0000e+00    0.0000e+00    0.0000e+00    0.0000e+00
         465   3.5513e+10   3.5513e+10   15   15           -1   0.0000e+00    0.0000e+00    0.0000e+00    0.0000e+00
         466   3.5513e+10   4.6416e+10   15   16           -1   0.0000e+00    0.0000e+00    0.0000e+00    0.0000e+00
         467   3.5513e+10   6.0666e+10   15   17           -1   0.0000e+00    0.0000e+00    0.0000e+00    0.0000e+00
         468   3.5513e+10   7.9291e+10   15   18           -1   0.0000e+00    0.0000e+00    0.0000e+00    0.0000e+00
         469   3.5513e+10   1.0363e+11   15   19           -1   0.0000e+00    0.0000e+00    0.0000e+00    0.0000e+00
         470   3.5513e+10   1.3545e+11   15   20           -1   0.0000e+00    0.0000e+00    0.0000e+00    0.0000e+00
         471   3.5513e+10   1.7704e+11   15   21           -1   0.0000e+00    0.0000e+00    0.0000e+00    0.0000e+00
         472   3.5513e+10   2.3139e+11   15   22           -1   0.0000e+00    0.0000e+00    0.0000e+00    0.0000e+00
         473   3.5513e+10   3.0243e+11   15   23           -1   0.0000e+00    0.0000e+00    0.0000e+00    0.0000e+00
         474   3.5513e+10   3.9528e+11   15   24           -1   0.0000e+00    0.0000e+00    0.0000e+00    0.0000e+00
         475   3.5513e+10   5.1663e+11   15   25           -1   0.0000e+00    0.0000e+00    0.0000e+00    0.0000e+00
         476   3.5513e+10   6.7524e+11   15   26           -1   0.0000e+00    0.0000e+00    0.0000e+00    0.0000e+00
         477   3.5513e+10   8.8255e+11   15   27           -1   0.0000e+00    0.0000e+00    0.0000e+00    0.0000e+00
         478   3.5513e+10   1.1535e+12   15   28           -1   0.0000e+00    0.0000e+00    0.0000e+00    0.0000e+00
         479   3.5513e+10   1.5076e+12   15   29           -1   0.0000e+00    0.0000e+00    0.0000e+00    0.0000e+00
         480   4.6416e+10   3.6259e+08   16    0            1   1.8958e+30    1.8958e+30    0.0000e+00    5.1118e-19
         481   4.6416e+10   8.3650e+08   16    1            0   1.6043e+30    1.6043e+30    0.0000e+00    4.3383e+29
         482   4.6416e+10   1.0933e+09   16    2            0   2.0968e+30    2.0968e+30    0.0000e+00    5.6773e+29
         483   4.6416e+10   1.4290e+09   16    3            0   2.7406e+30    2.7406e+30    0.0000e+00    2.0384e+29
         484   4.6416e+10   1.8677e+09   16    4            0   3.5820e+30    3.5820e+30    0.0000e+00    3.8306e+28
         485   4.6416e+10   2.4411e+09   16    5            0   4.6818e+30    4.6818e+30    0.0000e+00    8.5404e+27
         486   4.6416e+10   3.1906e+09   16    6            0   6.1193e+30    6.1193e+30    0.0000e+00    5.3000e+27
         487   4.6416e+10   4.1701e+09   16    7            0   7.9981e+30    7.9981e+30    0.0000e+00    1.4262e+27
         488   4.6416e+10   5.4504e+09   16    8            0   1.0454e+31    1.0454e+31    0.0000e+00    4.3141e+26
         489   4.6416e+10   7.1237e+09   16    9            0   1.3664e+31    1.3664e+31    0.0000e+00    1.3914e+26
         490   4.6416e+10   9.3107e+09   16   10            0   1.7859e+31    1.7859e+31    0.0000e+00    5.1936e+25
         491   4.6416e+10   1.2169e+10   16   11            0   2.3343e+31    2.3343e+31    0.0000e+00    1.2422e+25
         492   4.6416e+10   1.5905e+10   16   12            0   3.0512e+31    3.0512e+31    0.0000e+00    3.9722e+24
         493   4.6416e+10   2.0789e+10   16   13            1   3.8493e+31    3.8493e+31    0.0000e+00    2.1817e-16
         494   4.6416e+10   2.7171e+10   16   14            1   1.4902e+31    1.4902e+31    0.0000e+00    7.7137e-17
         495   4.6416e+10   3.5513e+10   16   15           -1   0.0000e+00    0.0000e+00    0.0000e+00    0.0000e+00
         496   4.6416e+10   4.6416e+10   16   16           -1   0.0000e+00    0.0000e+00    0.0000e+00    0.0000e+00
         497   4.6416e+10   6.0666e+10   16   17           -1   0.0000e+00    0.0000e+00    0.0000e+00    0.0000e+00
         498   4.6416e+10   7.9291e+10   16   18           -1   0.0000e+00    0.0000e+00    0.0000e+00    0.0000e+00
         499   4.6416e+10   1.0363e+11   16   19           -1   0.0000e+00    0.0000e+00    0.0000e+00    0.0000e+00
         500   4.6416e+10   1.3545e+11   16   20           -1   0.0000e+00    0.0000e+00    0.0000e+00    0.0000e+00
         501   4.6416e+10   1.7704e+11   16   21           -1   0.0000e+00    0.0000e+00    0.0000e+00    0.0000e+00
         502   4.6416e+10   2.3139e+11   16   22           -1   0.0000e+00    0.0000e+00    0.0000e+00    0.0000e+00
         503   4.6416e+10   3.0243e+11   16   23           -1   0.0000e+00    0.0000e+00    0.0000e+00    0.0000e+00
         504   4.6416e+10   3.9528e+11   16   24           -1   0.0000e+00    0.0000e+00    0.0000e+00    0.0000e+00
         505   4.6416e+10   5.1663e+11   16   25           -1   0.0000e+00    0.0000e+00    0.0000e+00    0.0000e+00
         506   4.6416e+10   6.7524e+11   16   26           -1   0.0000e+00    0.0000e+00    0.0000e+00    0.0000e+00
         507   4.6416e+10   8.8255e+11   16   27           -1   0.0000e+00    0.0000e+00    0.0000e+00    0.0000e+00
         508   4.6416e+10   1.1535e+12   16   28           -1   0.0000e+00    0.0000e+00    0.0000e+00    0.0000e+00
         509   4.6416e+10   1.5076e+12   16   29           -1   0.0000e+00    0.0000e+00    0.0000e+00    0.0000e+00
         510   6.0666e+10   3.6259e+08   17    0            1   4.4255e+29    4.4255e+29    0.0000e+00    7.1408e-20
         511   6.0666e+10   8.3650e+08   17    1            1   2.2829e+30    2.2829e+30    0.0000e+00    2.1972e-19
         512   6.0666e+10   1.0933e+09   17    2            0   3.5820e+30    3.5820e+30    0.0000e+00    3.7284e+29
         513   6.0666e+10   1.4290e+09   17    3            0   4.6817e+30    4.6817e+30    0.0000e+00    7.0956e+29
         514   6.0666e+10   1.8677e+09   17    4            0   6.1191e+30    6.1191e+30    0.0000e+00    2.0951e+29
         515   6.0666e+10   2.4411e+09   17    5            0   7.9978e+30    7.9978e+30    0.0000e+00    3.2053e+28
         516   6.0666e+10   3.1906e+09   17    6            0   1.0453e+31    1.0453e+31    0.0000e+00    5.0952e+27
         517   6.0666e+10   4.1701e+09   17    7            0   1.3663e+31    1.3663e+31    0.0000e+00    3.2416e+27
         518   6.0666e+10   5.4504e+09   17    8            0   1.7858e+31    1.7858e+31    0.0000e+00    1.1229e+27
         519   6.0666e+10   7.1237e+09   17    9            0   2.3341e+31    2.3341e+31    0.0000e+00    3.5998e+26
         520   6.0666e+10   9.3107e+09   17   10            0   3.0508e+31    3.0508e+31    0.0000e+00    1.2230e+26
         521   6.0666e+10   1.2169e+10   17   11            0   3.9876e+31    3.9876e+31    0.0000e+00    3.4405e+25
         522   6.0666e+10   1.5905e+10   17   12            0   5.2121e+31    5.2121e+31    0.0000e+00    9.4775e+24
         523   6.0666e+10   2.0789e+10   17   13            0   6.8127e+31    6.8127e+31    0.0000e+00    3.3043e+24
         524   6.0666e+10   2.7171e+10   17   14            1   8.6266e+31    8.6266e+31    0.0000e+00    2.7967e-16
         525   6.0666e+10   3.5513e+10   17   15            1   3.4463e+31    3.4463e+31    0.0000e+00    1.0313e-16
         526   6.0666e+10   4.6416e+10   17   16           -1   0.0000e+00    0.0000e+00    0.0000e+00    0.0000e+00
         527   6.0666e+10   6.0666e+10   17   17           -1   0.0000e+00    0.0000e+00    0.0000e+00    0.0000e+00
         528   6.0666e+10   7.9291e+10   17   18           -1   0.0000e+00    0.0000e+00    0.0000e+00    0.0000e+00
         529   6.0666e+10   1.0363e+11   17   19           -1   0.0000e+00    0.0000e+00    0.0000e+00    0.0000e+00
         530   6.0666e+10   1.3545e+11   17   20           -1   0.0000e+00    0.0000e+00    0.0000e+00    0.0000e+00
         531   6.0666e+10   1.7704e+11   17   21           -1   0.0000e+00    0.0000e+00    0.0000e+00    0.0000e+00
         532   6.0666e+10   2.3139e+11   17   22           -1   0.0000e+00    0.0000e+00    0.0000e+00    0.0000e+00
         533   6.0666e+10   3.0243e+11   17   23           -1   0.0000e+00    0.0000e+00    0.0000e+00    0.0000e+00
         534   6.0666e+10   3.9528e+11   17   24           -1   0.0000e+00    0.0000e+00    0.0000e+00    0.0000e+00
         535   6.0666e+10   5.1663e+11   17   25           -1   0.0000e+00    0.0000e+00    0.0000e+00    0.0000e+00
         536   6.0666e+10   6.7524e+11   17   26           -1   0.0000e+00    0.0000e+00    0.0000e+00    0.0000e+00
         537   6.0666e+10   8.8255e+11   17   27           -1   0.0000e+00    0.0000e+00    0.0000e+00    0.0000e+00
         538   6.0666e+10   1.1535e+12   17   28           -1   0.0000e+00    0.0000e+00    0.0000e+00    0.0000e+00
         539   6.0666e+10   1.5076e+12   17   29           -1   0.0000e+00    0.0000e+00    0.0000e+00    0.0000e+00
         540   7.9291e+10   3.6259e+08   18    0           -1   0.0000e+00    0.0000e+00    0.0000e+00    0.0000e+00
         541   7.9291e+10   8.3650e+08   18    1            1   1.5883e+29    1.5883e+29    0.0000e+00    1.2288e-20
         542   7.9291e+10   1.0933e+09   18    2            1   3.3546e+30    3.3546e+30    0.0000e+00    1.4965e-19
         543   7.9291e+10   1.4290e+09   18    3            1   7.9946e+30    7.9946e+30    0.0000e+00    2.8358e-19
         544   7.9291e+10   1.8677e+09   18    4            0   1.0453e+31    1.0453e+31    0.0000e+00    8.2314e+29
         545   7.9291e+10   2.4411e+09   18    5            0   1.3662e+31    1.3662e+31    0.0000e+00    1.8193e+29
         546   7.9291e+10   3.1906e+09   18    6            0   1.7857e+31    1.7857e+31    0.0000e+00    2.1662e+28
         547   7.9291e+10   4.1701e+09   18    7            0   2.3340e+31    2.3340e+31    0.0000e+00    3.6004e+27
         548   7.9291e+10   5.4504e+09   18    8            0   3.0506e+31    3.0506e+31    0.0000e+00    2.6523e+27
         549   7.9291e+10   7.1237e+09   18    9            0   3.9872e+31    3.9872e+31    0.0000e+00    6.1535e+26
         550   7.9291e+10   9.3107e+09   18   10            0   5.2115e+31    5.2115e+31    0.0000e+00    3.8345e+26
         551   7.9291e+10   1.2169e+10   18   11            0   6.8117e+31    6.8117e+31    0.0000e+00    1.0957e+26
         552   7.9291e+10   1.5905e+10   18   12            0   8.9033e+31    8.9033e+31    0.0000e+00    3.3577e+25
         553   7.9291e+10   2.0789e+10   18   13            0   1.1637e+32    1.1637e+32    0.0000e+00    9.2006e+24
         554   7.9291e+10   2.7171e+10   18   14            0   1.5211e+32    1.5211e+32    0.0000e+00    2.9940e+24
         555   7.9291e+10   3.5513e+10   18   15            1   1.9313e+32    1.9313e+32    0.0000e+00    3.6132e-16
         556   7.9291e+10   4.6416e+10   18   16            1   7.9008e+31    7.9008e+31    0.0000e+00    1.3711e-16
         557   7.9291e+10   6.0666e+10   18   17           -1   0.0000e+00    0.0000e+00    0.0000e+00    0.0000e+00
         558   7.9291e+10   7.9291e+10   18   18           -1   0.0000e+00    0.0000e+00    0.0000e+00    0.0000e+00
         559   7.9291e+10   1.0363e+11   18   19           -1   0.0000e+00    0.0000e+00    0.0000e+00    0.0000e+00
         560   7.9291e+10   1.3545e+11   18   20           -1   0.0000e+00    0.0000e+00    0.0000e+00    0.0000e+00
         561   7.9291e+10   1.7704e+11   18   21           -1   0.0000e+00    0.0000e+00    0.0000e+00    0.0000e+00
         562   7.9291e+10   2.3139e+11   18   22           -1   0.0000e+00    0.0000e+00    0.0000e+00    0.0000e+00
         563   7.9291e+10   3.0243e+11   18   23           -1   0.0000e+00    0.0000e+00    0.0000e+00    0.0000e+00
         564   7.9291e+10   3.9528e+11   18   24           -1   0.0000e+00    0.0000e+00    0.0000e+00    0.0000e+00
         565   7.9291e+10   5.1663e+11   18   25           -1   0.0000e+00    0.0000e+00    0.0000e+00    0.0000e+00
         566   7.9291e+10   6.7524e+11   18   26           -1   0.0000e+00    0.0000e+00    0.0000e+00    0.0000e+00
         567   7.9291e+10   8.8255e+11   18   27           -1   0.0000e+00    0.0000e+00    0.0000e+00    0.0000e+00
         568   7.9291e+10   1.1535e+12   18   28           -1   0.0000e+00    0.0000e+00    0.0000e+00    0.0000e+00
         569   7.9291e+10   1.5076e+12   18   29           -1   0.0000e+00    0.0000e+00    0.0000e+00    0.0000e+00
         570   1.0363e+11   3.6259e+08   19    0           -1   0.0000e+00    0.0000e+00    0.0000e+00    0.0000e+00
         571   1.0363e+11   8.3650e+08   19    1           -1   0.0000e+00    0.0000e+00    0.0000e+00    0.0000e+00
         572   1.0363e+11   1.0933e+09   19    2           -1   0.0000e+00    0.0000e+00    0.0000e+00    0.0000e+00
         573   1.0363e+11   1.4290e+09   19    3            1   4.2291e+30    4.2291e+30    0.0000e+00    1.1105e-19
         574   1.0363e+11   1.8677e+09   19    4            1   1.7067e+31    1.7067e+31    0.0000e+00    3.6354e-19
         575   1.0363e+11   2.4411e+09   19    5            0   2.3339e+31    2.3339e+31    0.0000e+00    1.0105e+30
         576   1.0363e+11   3.1906e+09   19    6            0   3.0505e+31    3.0505e+31    0.0000e+00    1.6088e+29
         577   1.0363e+11   4.1701e+09   19    7            0   3.9870e+31    3.9870e+31    0.0000e+00    1.6254e+28
         578   1.0363e+11   5.4504e+09   19    8            0   5.2112e+31    5.2112e+31    0.0000e+00    4.9386e+27
         579   1.0363e+11   7.1237e+09   19    9            0   6.8112e+31    6.8112e+31    0.0000e+00    8.8854e+26
         580   1.0363e+11   9.3107e+09   19   10            0   8.9025e+31    8.9025e+31    0.0000e+00    1.0591e+27
         581   1.0363e+11   1.2169e+10   19   11            0   1.1636e+32    1.1636e+32    0.0000e+00    2.5563e+26
         582   1.0363e+11   1.5905e+10   19   12            0   1.5209e+32    1.5209e+32    0.0000e+00    6.9868e+25
         583   1.0363e+11   2.0789e+10   19   13            0   1.9879e+32    1.9879e+32    0.0000e+00    2.6720e+25
         584   1.0363e+11   2.7171e+10   19   14            0   2.5984e+32    2.5984e+32    0.0000e+00    6.5772e+24
         585   1.0363e+11   3.5513e+10   19   15            0   3.3964e+32    3.3964e+32    0.0000e+00    2.4203e+24
         586   1.0363e+11   4.6416e+10   19   16            1   4.3207e+32    4.3207e+32    0.0000e+00    4.6931e-16
         587   1.0363e+11   6.0666e+10   19   17            1   1.7996e+32    1.7996e+32    0.0000e+00    1.8205e-16
         588   1.0363e+11   7.9291e+10   19   18           -1   0.0000e+00    0.0000e+00    0.0000e+00    0.0000e+00
         589   1.0363e+11   1.0363e+11   19   19           -1   0.0000e+00    0.0000e+00    0.0000e+00    0.0000e+00
         590   1.0363e+11   1.3545e+11   19   20           -1   0.0000e+00    0.0000e+00    0.0000e+00    0.0000e+00
         591   1.0363e+11   1.7704e+11   19   21           -1   0.0000e+00    0.0000e+00    0.0000e+00    0.0000e+00
         592   1.0363e+11   2.3139e+11   19   22           -1   0.0000e+00    0.0000e+00    0.0000e+00    0.0000e+00
         593   1.0363e+11   3.0243e+11   19   23           -1   0.0000e+00    0.0000e+00    0.0000e+00    0.0000e+00
         594   1.0363e+11   3.9528e+11   19   24           -1   0.0000e+00    0.0000e+00    0.0000e+00    0.0000e+00
         595   1.0363e+11   5.1663e+11   19   25           -1   0.0000e+00    0.0000e+00    0.0000e+00    0.0000e+00
         596   1.0363e+11   6.7524e+11   19   26           -1   0.0000e+00    0.0000e+00    0.0000e+00    0.0000e+00
         597   1.0363e+11   8.8255e+11   19   27           -1   0.0000e+00    0.0000e+00    0.0000e+00    0.0000e+00
         598   1.0363e+11   1.1535e+12   19   28           -1   0.0000e+00    0.0000e+00    0.0000e+00    0.0000e+00
         599   1.0363e+11   1.5076e+12   19   29           -1   0.0000e+00    0.0000e+00    0.0000e+00    0.0000e+00
         600   1.3545e+11   3.6259e+08   20    0           -1   0.0000e+00    0.0000e+00    0.0000e+00    0.0000e+00
         601   1.3545e+11   8.3650e+08   20    1           -1   0.0000e+00    0.0000e+00    0.0000e+00    0.0000e+00
         602   1.3545e+11   1.0933e+09   20    2           -1   0.0000e+00    0.0000e+00    0.0000e+00    0.0000e+00
         603   1.3545e+11   1.4290e+09   20    3           -1   0.0000e+00    0.0000e+00    0.0000e+00    0.0000e+00
         604   1.3545e+11   1.8677e+09   20    4            1   5.0849e+30    5.0849e+30    0.0000e+00    7.4453e-20
         605   1.3545e+11   2.4411e+09   20    5            1   3.4949e+31    3.4949e+31    0.0000e+00    4.2666e-19
         606   1.3545e+11   3.1906e+09   20    6            0   5.2110e+31    5.2110e+31    0.0000e+00    1.1436e+30
         607   1.3545e+11   4.1701e+09   20    7            0   6.8109e+31    6.8109e+31    0.0000e+00    1.1809e+29
         608   1.3545e+11   5.4504e+09   20    8            0   8.9021e+31    8.9021e+31    0.0000e+00    1.7187e+28
         609   1.3545e+11   7.1237e+09   20    9            0   1.1635e+32    1.1635e+32    0.0000e+00    2.4191e+27
         610   1.3545e+11   9.3107e+09   20   10            0   1.5208e+32    1.5208e+32    0.0000e+00    9.1980e+26
         611   1.3545e+11   1.2169e+10   20   11            0   1.9877e+32    1.9877e+32    0.0000e+00    7.4589e+26
         612   1.3545e+11   1.5905e+10   20   12            0   2.5980e+32    2.5980e+32    0.0000e+00    1.8027e+26
         613   1.3545e+11   2.0789e+10   20   13            0   3.3958e+32    3.3958e+32    0.0000e+00    6.3742e+25
         614   1.3545e+11   2.7171e+10   20   14            0   4.4385e+32    4.4385e+32    0.0000e+00    2.0969e+25
         615   1.3545e+11   3.5513e+10   20   15            0   5.8016e+32    5.8016e+32    0.0000e+00    6.3232e+24
         616   1.3545e+11   4.6416e+10   20   16            0   7.5834e+32    7.5834e+32    0.0000e+00    2.1940e+24
         617   1.3545e+11   6.0666e+10   20   17            1   9.6613e+32    9.6613e+32    0.0000e+00    6.1153e-16
         618   1.3545e+11   7.9291e+10   20   18            1   4.0793e+32    4.0793e+32    0.0000e+00    2.4096e-16
         619   1.3545e+11   1.0363e+11   20   19           -1   0.0000e+00    0.0000e+00    0.0000e+00    0.0000e+00
         620   1.3545e+11   1.3545e+11   20   20           -1   0.0000e+00    0.0000e+00    0.0000e+00    0.0000e+00
         621   1.3545e+11   1.7704e+11   20   21           -1   0.0000e+00    0.0000e+00    0.0000e+00    0.0000e+00
         622   1.3545e+11   2.3139e+11   20   22           -1   0.0000e+00    0.0000e+00    0.0000e+00    0.0000e+00
         623   1.3545e+11   3.0243e+11   20   23           -1   0.0000e+00    0.0000e+00    0.0000e+00    0.0000e+00
         624   1.3545e+11   3.9528e+11   20   24           -1   0.0000e+00    0.0000e+00    0.0000e+00    0.0000e+00
         625   1.3545e+11   5.1663e+11   20   25           -1   0.0000e+00    0.0000e+00    0.0000e+00    0.0000e+00
         626   1.3545e+11   6.7524e+11   20   26           -1   0.0000e+00    0.0000e+00    0.0000e+00    0.0000e+00
         627   1.3545e+11   8.8255e+11   20   27           -1   0.0000e+00    0.0000e+00    0.0000e+00    0.0000e+00
         628   1.3545e+11   1.1535e+12   20   28           -1   0.0000e+00    0.0000e+00    0.0000e+00    0.0000e+00
         629   1.3545e+11   1.5076e+12   20   29           -1   0.0000e+00    0.0000e+00    0.0000e+00    0.0000e+00
         630   1.7704e+11   3.6259e+08   21    0           -1   0.0000e+00    0.0000e+00    0.0000e+00    0.0000e+00
         631   1.7704e+11   8.3650e+08   21    1           -1   0.0000e+00    0.0000e+00    0.0000e+00    0.0000e+00
         632   1.7704e+11   1.0933e+09   21    2           -1   0.0000e+00    0.0000e+00    0.0000e+00    0.0000e+00
         633   1.7704e+11   1.4290e+09   21    3           -1   0.0000e+00    0.0000e+00    0.0000e+00    0.0000e+00
         634   1.7704e+11   1.8677e+09   21    4           -1   0.0000e+00    0.0000e+00    0.0000e+00    0.0000e+00
         635   1.7704e+11   2.4411e+09   21    5            1   6.0665e+30    6.0665e+30    0.0000e+00    5.7804e-20
         636   1.7704e+11   3.1906e+09   21    6            1   7.0483e+31    7.0483e+31    0.0000e+00    4.6630e-19
         637   1.7704e+11   4.1701e+09   21    7            0   1.1635e+32    1.1635e+32    0.0000e+00    9.1663e+29
         638   1.7704e+11   5.4504e+09   21    8            0   1.5207e+32    1.5207e+32    0.0000e+00    8.5582e+28
         639   1.7704e+11   7.1237e+09   21    9            0   1.9876e+32    1.9876e+32    0.0000e+00    1.1845e+28
         640   1.7704e+11   9.3107e+09   21   10            0   2.5979e+32    2.5979e+32    0.0000e+00    1.9030e+27
         641   1.7704e+11   1.2169e+10   21   11            0   3.3955e+32    3.3955e+32    0.0000e+00    1.7635e+27
         642   1.7704e+11   1.5905e+10   21   12            0   4.4380e+32    4.4380e+32    0.0000e+00    5.0442e+26
         643   1.7704e+11   2.0789e+10   21   13            0   5.8007e+32    5.8007e+32    0.0000e+00    2.0612e+26
         644   1.7704e+11   2.7171e+10   21   14            0   7.5819e+32    7.5819e+32    0.0000e+00    4.9345e+25
         645   1.7704e+11   3.5513e+10   21   15            0   9.9102e+32    9.9102e+32    0.0000e+00    2.5157e+25
         646   1.7704e+11   4.6416e+10   21   16            0   1.2954e+33    1.2954e+33    0.0000e+00    6.1706e+24
         647   1.7704e+11   6.0666e+10   21   17            0   1.6932e+33    1.6932e+33    0.0000e+00    1.7893e+24
         648   1.7704e+11   7.9291e+10   21   18            1   2.1595e+33    2.1595e+33    0.0000e+00    7.9791e-16
         649   1.7704e+11   1.0363e+11   21   19            1   9.2133e+32    9.2133e+32    0.0000e+00    3.1803e-16
         650   1.7704e+11   1.3545e+11   21   20           -1   0.0000e+00    0.0000e+00    0.0000e+00    0.0000e+00
         651   1.7704e+11   1.7704e+11   21   21           -1   0.0000e+00    0.0000e+00    0.0000e+00    0.0000e+00
         652   1.7704e+11   2.3139e+11   21   22           -1   0.0000e+00    0.0000e+00    0.0000e+00    0.0000e+00
         653   1.7704e+11   3.0243e+11   21   23           -1   0.0000e+00    0.0000e+00    0.0000e+00    0.0000e+00
         654   1.7704e+11   3.9528e+11   21   24           -1   0.0000e+00    0.0000e+00    0.0000e+00    0.0000e+00
         655   1.7704e+11   5.1663e+11   21   25           -1   0.0000e+00    0.0000e+00    0.0000e+00    0.0000e+00
         656   1.7704e+11   6.7524e+11   21   26           -1   0.0000e+00    0.0000e+00    0.0000e+00    0.0000e+00
         657   1.7704e+11   8.8255e+11   21   27           -1   0.0000e+00    0.0000e+00    0.0000e+00    0.0000e+00
         658   1.7704e+11   1.1535e+12   21   28           -1   0.0000e+00    0.0000e+00    0.0000e+00    0.0000e+00
         659   1.7704e+11   1.5076e+12   21   29           -1   0.0000e+00    0.0000e+00    0.0000e+00    0.0000e+00
         660   2.3139e+11   3.6259e+08   22    0           -1   0.0000e+00    0.0000e+00    0.0000e+00    0.0000e+00
         661   2.3139e+11   8.3650e+08   22    1           -1   0.0000e+00    0.0000e+00    0.0000e+00    0.0000e+00
         662   2.3139e+11   1.0933e+09   22    2           -1   0.0000e+00    0.0000e+00    0.0000e+00    0.0000e+00
         663   2.3139e+11   1.4290e+09   22    3           -1   0.0000e+00    0.0000e+00    0.0000e+00    0.0000e+00
         664   2.3139e+11   1.8677e+09   22    4           -1   0.0000e+00    0.0000e+00    0.0000e+00    0.0000e+00
         665   2.3139e+11   2.4411e+09   22    5           -1   0.0000e+00    0.0000e+00    0.0000e+00    0.0000e+00
         666   2.3139e+11   3.1906e+09   22    6            1   7.1238e+30    7.1238e+30    0.0000e+00    3.1928e-20
         667   2.3139e+11   4.1701e+09   22    7            1   1.4186e+32    1.4186e+32    0.0000e+00    5.0683e-19
         668   2.3139e+11   5.4504e+09   22    8            0   2.5978e+32    2.5978e+32    0.0000e+00    5.2703e+29
         669   2.3139e+11   7.1237e+09   22    9            0   3.3954e+32    3.3954e+32    0.0000e+00    6.6934e+28
         670   2.3139e+11   9.3107e+09   22   10            0   4.4378e+32    4.4378e+32    0.0000e+00    8.7432e+27
         671   2.3139e+11   1.2169e+10   22   11            0   5.8004e+32    5.8004e+32    0.0000e+00    3.2574e+27
         672   2.3139e+11   1.5905e+10   22   12            0   7.5813e+32    7.5813e+32    0.0000e+00    1.5123e+27
         673   2.3139e+11   2.0789e+10   22   13            0   9.9090e+32    9.9090e+32    0.0000e+00    6.9359e+26
         674   2.3139e+11   2.7171e+10   22   14            0   1.2952e+33    1.2952e+33    0.0000e+00    9.8035e+25
         675   2.3139e+11   3.5513e+10   22   15            0   1.6929e+33    1.6929e+33    0.0000e+00    6.6953e+25
         676   2.3139e+11   4.6416e+10   22   16            0   2.2127e+33    2.2127e+33    0.0000e+00    1.3807e+25
         677   2.3139e+11   6.0666e+10   22   17            0   2.8922e+33    2.8922e+33    0.0000e+00    5.5411e+24
         678   2.3139e+11   7.9291e+10   22   18            0   3.7805e+33    3.7805e+33    0.0000e+00    1.7891e+24
         679   2.3139e+11   1.0363e+11   22   19            1   4.8256e+33    4.8256e+33    0.0000e+00    1.0421e-15
         680   2.3139e+11   1.3545e+11   22   20            1   2.0752e+33    2.0752e+33    0.0000e+00    4.1901e-16
         681   2.3139e+11   1.7704e+11   22   21           -1   0.0000e+00    0.0000e+00    0.0000e+00    0.0000e+00
         682   2.3139e+11   2.3139e+11   22   22           -1   0.0000e+00    0.0000e+00    0.0000e+00    0.0000e+00
         683   2.3139e+11   3.0243e+11   22   23           -1   0.0000e+00    0.0000e+00    0.0000e+00    0.0000e+00
         684   2.3139e+11   3.9528e+11   22   24           -1   0.0000e+00    0.0000e+00    0.0000e+00    0.0000e+00
         685   2.3139e+11   5.1663e+11   22   25           -1   0.0000e+00    0.0000e+00    0.0000e+00    0.0000e+00
         686   2.3139e+11   6.7524e+11   22   26           -1   0.0000e+00    0.0000e+00    0.0000e+00    0.0000e+00
         687   2.3139e+11   8.8255e+11   22   27           -1   0.0000e+00    0.0000e+00    0.0000e+00    0.0000e+00
         688   2.3139e+11   1.1535e+12   22   28           -1   0.0000e+00    0.0000e+00    0.0000e+00    0.0000e+00
         689   2.3139e+11   1.5076e+12   22   29           -1   0.0000e+00    0.0000e+00    0.0000e+00    0.0000e+00
         690   3.0243e+11   3.6259e+08   23    0           -1   0.0000e+00    0.0000e+00    0.0000e+00    0.0000e+00
         691   3.0243e+11   8.3650e+08   23    1           -1   0.0000e+00    0.0000e+00    0.0000e+00    0.0000e+00
         692   3.0243e+11   1.0933e+09   23    2           -1   0.0000e+00    0.0000e+00    0.0000e+00    0.0000e+00
         693   3.0243e+11   1.4290e+09   23    3           -1   0.0000e+00    0.0000e+00    0.0000e+00    0.0000e+00
         694   3.0243e+11   1.8677e+09   23    4           -1   0.0000e+00    0.0000e+00    0.0000e+00    0.0000e+00
         695   3.0243e+11   2.4411e+09   23    5           -1   0.0000e+00    0.0000e+00    0.0000e+00    0.0000e+00
         696   3.0243e+11   3.1906e+09   23    6           -1   0.0000e+00    0.0000e+00    0.0000e+00    0.0000e+00
         697   3.0243e+11   4.1701e+09   23    7            1   8.1431e+30    8.1431e+30    0.0000e+00    2.1097e-20
         698   3.0243e+11   5.4504e+09   23    8            1   2.8705e+32    2.8705e+32    0.0000e+00    6.0669e-19
         699   3.0243e+11   7.1237e+09   23    9            0   5.8002e+32    5.8002e+32    0.0000e+00    2.0730e+29
         700   3.0243e+11   9.3107e+09   23   10            0   7.5810e+32    7.5810e+32    0.0000e+00    5.0289e+28
         701   3.0243e+11   1.2169e+10   23   11            0   9.9085e+32    9.9085e+32    0.0000e+00    6.7934e+27
         702   3.0243e+11   1.5905e+10   23   12            0   1.2951e+33    1.2951e+33    0.0000e+00    1.3271e+27
         703   3.0243e+11   2.0789e+10   23   13            0   1.6927e+33    1.6927e+33    0.0000e+00    3.7622e+26
         704   3.0243e+11   2.7171e+10   23   14            0   2.2124e+33    2.2124e+33    0.0000e+00    7.4653e+26
         705   3.0243e+11   3.5513e+10   23   15            0   2.8918e+33    2.8918e+33    0.0000e+00    2.1370e+26
         706   3.0243e+11   4.6416e+10   23   16            0   3.7797e+33    3.7797e+33    0.0000e+00    7.6871e+25
         707   3.0243e+11   6.0666e+10   23   17            0   4.9404e+33    4.9404e+33    0.0000e+00    1.6370e+25
         708   3.0243e+11   7.9291e+10   23   18            0   6.4576e+33    6.4576e+33    0.0000e+00    5.9657e+24
         709   3.0243e+11   1.0363e+11   23   19            0   8.4410e+33    8.4410e+33    0.0000e+00    1.4981e+24
         710   3.0243e+11   1.3545e+11   23   20            1   1.0781e+34    1.0781e+34    0.0000e+00    1.3621e-15
         711   3.0243e+11   1.7704e+11   23   21            1   4.6643e+33    4.6643e+33    0.0000e+00    5.5218e-16
         712   3.0243e+11   2.3139e+11   23   22           -1   0.0000e+00    0.0000e+00    0.0000e+00    0.0000e+00
         713   3.0243e+11   3.0243e+11   23   23           -1   0.0000e+00    0.0000e+00    0.0000e+00    0.0000e+00
         714   3.0243e+11   3.9528e+11   23   24           -1   0.0000e+00    0.0000e+00    0.0000e+00    0.0000e+00
         715   3.0243e+11   5.1663e+11   23   25           -1   0.0000e+00    0.0000e+00    0.0000e+00    0.0000e+00
         716   3.0243e+11   6.7524e+11   23   26           -1   0.0000e+00    0.0000e+00    0.0000e+00    0.0000e+00
         717   3.0243e+11   8.8255e+11   23   27           -1   0.0000e+00    0.0000e+00    0.0000e+00    0.0000e+00
         718   3.0243e+11   1.1535e+12   23   28           -1   0.0000e+00    0.0000e+00    0.0000e+00    0.0000e+00
         719   3.0243e+11   1.5076e+12   23   29           -1   0.0000e+00    0.0000e+00    0.0000e+00    0.0000e+00
         720   3.9528e+11   3.6259e+08   24    0           -1   0.0000e+00    0.0000e+00    0.0000e+00    0.0000e+00
         721   3.9528e+11   8.3650e+08   24    1           -1   0.0000e+00    0.0000e+00    0.0000e+00    0.0000e+00
         722   3.9528e+11   1.0933e+09   24    2           -1   0.0000e+00    0.0000e+00    0.0000e+00    0.0000e+00
         723   3.9528e+11   1.4290e+09   24    3           -1   0.0000e+00    0.0000e+00    0.0000e+00    0.0000e+00
         724   3.9528e+11   1.8677e+09   24    4           -1   0.0000e+00    0.0000e+00    0.0000e+00    0.0000e+00
         725   3.9528e+11   2.4411e+09   24    5           -1   0.0000e+00    0.0000e+00    0.0000e+00    0.0000e+00
         726   3.9528e+11   3.1906e+09   24    6           -1   0.0000e+00    0.0000e+00    0.0000e+00    0.0000e+00
         727   3.9528e+11   4.1701e+09   24    7           -1   0.0000e+00    0.0000e+00    0.0000e+00    0.0000e+00
         728   3.9528e+11   5.4504e+09   24    8            1   8.9120e+30    8.9120e+30    0.0000e+00    2.0054e-20
         729   3.9528e+11   7.1237e+09   24    9            1   5.8619e+32    5.8619e+32    0.0000e+00    6.8771e-19
         730   3.9528e+11   9.3107e+09   24   10            0   1.2950e+33    1.2950e+33    0.0000e+00    1.2230e+29
         731   3.9528e+11   1.2169e+10   24   11            0   1.6926e+33    1.6926e+33    0.0000e+00    4.2594e+28
         732   3.9528e+11   1.5905e+10   24   12            0   2.2123e+33    2.2123e+33    0.0000e+00    5.3877e+27
         733   3.9528e+11   2.0789e+10   24   13            0   2.8916e+33    2.8916e+33    0.0000e+00    9.9187e+26
         734   3.9528e+11   2.7171e+10   24   14            0   3.7794e+33    3.7794e+33    0.0000e+00    4.0988e+26
         735   3.9528e+11   3.5513e+10   24   15            0   4.9398e+33    4.9398e+33    0.0000e+00    4.8033e+26
         736   3.9528e+11   4.6416e+10   24   16            0   6.4566e+33    6.4566e+33    0.0000e+00    4.0117e+26
         737   3.9528e+11   6.0666e+10   24   17            0   8.4392e+33    8.4392e+33    0.0000e+00    8.3990e+25
         738   3.9528e+11   7.9291e+10   24   18            0   1.1031e+34    1.1031e+34    0.0000e+00    2.0446e+25
         739   3.9528e+11   1.0363e+11   24   19            0   1.4418e+34    1.4418e+34    0.0000e+00    5.8747e+24
         740   3.9528e+11   1.3545e+11   24   20            0   1.8847e+34    1.8847e+34    0.0000e+00    1.5762e+24
         741   3.9528e+11   1.7704e+11   24   21            1   2.4082e+34    2.4082e+34    0.0000e+00    1.7797e-15
         742   3.9528e+11   2.3139e+11   24   22            1   1.0467e+34    1.0467e+34    0.0000e+00    7.2595e-16
         743   3.9528e+11   3.0243e+11   24   23           -1   0.0000e+00    0.0000e+00    0.0000e+00    0.0000e+00
         744   3.9528e+11   3.9528e+11   24   24           -1   0.0000e+00    0.0000e+00    0.0000e+00    0.0000e+00
         745   3.9528e+11   5.1663e+11   24   25           -1   0.0000e+00    0.0000e+00    0.0000e+00    0.0000e+00
         746   3.9528e+11   6.7524e+11   24   26           -1   0.0000e+00    0.0000e+00    0.0000e+00    0.0000e+00
         747   3.9528e+11   8.8255e+11   24   27           -1   0.0000e+00    0.0000e+00    0.0000e+00    0.0000e+00
         748   3.9528e+11   1.1535e+12   24   28           -1   0.0000e+00    0.0000e+00    0.0000e+00    0.0000e+00
         749   3.9528e+11   1.5076e+12   24   29           -1   0.0000e+00    0.0000e+00    0.0000e+00    0.0000e+00
         750   5.1663e+11   3.6259e+08   25    0           -1   0.0000e+00    0.0000e+00    0.0000e+00    0.0000e+00
         751   5.1663e+11   8.3650e+08   25    1           -1   0.0000e+00    0.0000e+00    0.0000e+00    0.0000e+00
         752   5.1663e+11   1.0933e+09   25    2           -1   0.0000e+00    0.0000e+00    0.0000e+00    0.0000e+00
         753   5.1663e+11   1.4290e+09   25    3           -1   0.0000e+00    0.0000e+00    0.0000e+00    0.0000e+00
         754   5.1663e+11   1.8677e+09   25    4           -1   0.0000e+00    0.0000e+00    0.0000e+00    0.0000e+00
         755   5.1663e+11   2.4411e+09   25    5           -1   0.0000e+00    0.0000e+00    0.0000e+00    0.0000e+00
         756   5.1663e+11   3.1906e+09   25    6           -1   0.0000e+00    0.0000e+00    0.0000e+00    0.0000e+00
         757   5.1663e+11   4.1701e+09   25    7           -1   0.0000e+00    0.0000e+00    0.0000e+00    0.0000e+00
         758   5.1663e+11   5.4504e+09   25    8           -1   0.0000e+00    0.0000e+00    0.0000e+00    0.0000e+00
         759   5.1663e+11   7.1237e+09   25    9            1   9.0957e+30    9.0957e+30    0.0000e+00    8.3516e-21
         760   5.1663e+11   9.3107e+09   25   10            1   1.2103e+33    1.2103e+33    0.0000e+00    8.1991e-19
         761   5.1663e+11   1.2169e+10   25   11            0   2.8915e+33    2.8915e+33    0.0000e+00    1.1329e+29
         762   5.1663e+11   1.5905e+10   25   12            0   3.7792e+33    3.7792e+33    0.0000e+00    4.0277e+28
         763   5.1663e+11   2.0789e+10   25   13            0   4.9396e+33    4.9396e+33    0.0000e+00    3.7404e+27
         764   5.1663e+11   2.7171e+10   25   14            0   6.4561e+33    6.4561e+33    0.0000e+00    8.5141e+26
         765   5.1663e+11   3.5513e+10   25   15            0   8.4384e+33    8.4384e+33    0.0000e+00    4.3664e+26
         766   5.1663e+11   4.6416e+10   25   16            0   1.1029e+34    1.1029e+34    0.0000e+00    7.8393e+26
         767   5.1663e+11   6.0666e+10   25   17            0   1.4416e+34    1.4416e+34    0.0000e+00    2.1665e+26
         768   5.1663e+11   7.9291e+10   25   18            0   1.8843e+34    1.8843e+34    0.0000e+00    4.5259e+25
         769   5.1663e+11   1.0363e+11   25   19            0   2.4629e+34    2.4629e+34    0.0000e+00    1.4281e+25
         770   5.1663e+11   1.3545e+11   25   20            0   3.2193e+34    3.2193e+34    0.0000e+00    5.9856e+24
         771   5.1663e+11   1.7704e+11   25   21            0   4.2080e+34    4.2080e+34    0.0000e+00    1.6643e+24
         772   5.1663e+11   2.3139e+11   25   22            1   5.3789e+34    5.3789e+34    0.0000e+00    2.3260e-15
         773   5.1663e+11   3.0243e+11   25   23            1   2.3461e+34    2.3461e+34    0.0000e+00    9.5316e-16
         774   5.1663e+11   3.9528e+11   25   24           -1   0.0000e+00    0.0000e+00    0.0000e+00    0.0000e+00
         775   5.1663e+11   5.1663e+11   25   25           -1   0.0000e+00    0.0000e+00    0.0000e+00    0.0000e+00
         776   5.1663e+11   6.7524e+11   25   26           -1   0.0000e+00    0.0000e+00    0.0000e+00    0.0000e+00
         777   5.1663e+11   8.8255e+11   25   27           -1   0.0000e+00    0.0000e+00    0.0000e+00    0.0000e+00
         778   5.1663e+11   1.1535e+12   25   28           -1   0.0000e+00    0.0000e+00    0.0000e+00    0.0000e+00
         779   5.1663e+11   1.5076e+12   25   29           -1   0.0000e+00    0.0000e+00    0.0000e+00    0.0000e+00
         780   6.7524e+11   3.6259e+08   26    0           -1   0.0000e+00    0.0000e+00    0.0000e+00    0.0000e+00
         781   6.7524e+11   8.3650e+08   26    1           -1   0.0000e+00    0.0000e+00    0.0000e+00    0.0000e+00
         782   6.7524e+11   1.0933e+09   26    2           -1   0.0000e+00    0.0000e+00    0.0000e+00    0.0000e+00
         783   6.7524e+11   1.4290e+09   26    3           -1   0.0000e+00    0.0000e+00    0.0000e+00    0.0000e+00
         784   6.7524e+11   1.8677e+09   26    4           -1   0.0000e+00    0.0000e+00    0.0000e+00    0.0000e+00
         785   6.7524e+11   2.4411e+09   26    5           -1   0.0000e+00    0.0000e+00    0.0000e+00    0.0000e+00
         786   6.7524e+11   3.1906e+09   26    6           -1   0.0000e+00    0.0000e+00    0.0000e+00    0.0000e+00
         787   6.7524e+11   4.1701e+09   26    7           -1   0.0000e+00    0.0000e+00    0.0000e+00    0.0000e+00
         788   6.7524e+11   5.4504e+09   26    8           -1   0.0000e+00    0.0000e+00    0.0000e+00    0.0000e+00
         789   6.7524e+11   7.1237e+09   26    9           -1   0.0000e+00    0.0000e+00    0.0000e+00    0.0000e+00
         790   6.7524e+11   9.3107e+09   26   10            1   8.2248e+30    8.2248e+30    0.0000e+00    3.2542e-21
         791   6.7524e+11   1.2169e+10   26   11            1   2.5276e+33    2.5276e+33    0.0000e+00    9.6124e-19
         792   6.7524e+11   1.5905e+10   26   12            0   6.4559e+33    6.4559e+33    0.0000e+00    5.0562e+28
         793   6.7524e+11   2.0789e+10   26   13            0   8.4381e+33    8.4381e+33    0.0000e+00    2.4540e+28
         794   6.7524e+11   2.7171e+10   26   14            0   1.1029e+34    1.1029e+34    0.0000e+00    3.1091e+27
         795   6.7524e+11   3.5513e+10   26   15            0   1.4415e+34    1.4415e+34    0.0000e+00    7.1654e+26
         796   6.7524e+11   4.6416e+10   26   16            0   1.8841e+34    1.8841e+34    0.0000e+00    1.9700e+27
         797   6.7524e+11   6.0666e+10   26   17            0   2.4626e+34    2.4626e+34    0.0000e+00    1.0990e+27
         798   6.7524e+11   7.9291e+10   26   18            0   3.2187e+34    3.2187e+34    0.0000e+00    5.9364e+26
         799   6.7524e+11   1.0363e+11   26   19            0   4.2071e+34    4.2071e+34    0.0000e+00    1.0544e+26
         800   6.7524e+11   1.3545e+11   26   20            0   5.4990e+34    5.4990e+34    0.0000e+00    1.9588e+25
         801   6.7524e+11   1.7704e+11   26   21            0   7.1878e+34    7.1878e+34    0.0000e+00    7.2254e+24
         802   6.7524e+11   2.3139e+11   26   22            0   9.3954e+34    9.3954e+34    0.0000e+00    1.6900e+24
         803   6.7524e+11   3.0243e+11   26   23            1   1.2013e+35    1.2013e+35    0.0000e+00    3.0394e-15
         804   6.7524e+11   3.9528e+11   26   24            1   5.2538e+34    5.2538e+34    0.0000e+00    1.2484e-15
         805   6.7524e+11   5.1663e+11   26   25           -1   0.0000e+00    0.0000e+00    0.0000e+00    0.0000e+00
         806   6.7524e+11   6.7524e+11   26   26           -1   0.0000e+00    0.0000e+00    0.0000e+00    0.0000e+00
         807   6.7524e+11   8.8255e+11   26   27           -1   0.0000e+00    0.0000e+00    0.0000e+00    0.0000e+00
         808   6.7524e+11   1.1535e+12   26   28           -1   0.0000e+00    0.0000e+00    0.0000e+00    0.0000e+00
         809   6.7524e+11   1.5076e+12   26   29           -1   0.0000e+00    0.0000e+00    0.0000e+00    0.0000e+00
         810   8.8255e+11   3.6259e+08   27    0           -1   0.0000e+00    0.0000e+00    0.0000e+00    0.0000e+00
         811   8.8255e+11   8.3650e+08   27    1           -1   0.0000e+00    0.0000e+00    0.0000e+00    0.0000e+00
         812   8.8255e+11   1.0933e+09   27    2           -1   0.0000e+00    0.0000e+00    0.0000e+00    0.0000e+00
         813   8.8255e+11   1.4290e+09   27    3           -1   0.0000e+00    0.0000e+00    0.0000e+00    0.0000e+00
         814   8.8255e+11   1.8677e+09   27    4           -1   0.0000e+00    0.0000e+00    0.0000e+00    0.0000e+00
         815   8.8255e+11   2.4411e+09   27    5           -1   0.0000e+00    0.0000e+00    0.0000e+00    0.0000e+00
         816   8.8255e+11   3.1906e+09   27    6           -1   0.0000e+00    0.0000e+00    0.0000e+00    0.0000e+00
         817   8.8255e+11   4.1701e+09   27    7           -1   0.0000e+00    0.0000e+00    0.0000e+00    0.0000e+00
         818   8.8255e+11   5.4504e+09   27    8           -1   0.0000e+00    0.0000e+00    0.0000e+00    0.0000e+00
         819   8.8255e+11   7.1237e+09   27    9           -1   0.0000e+00    0.0000e+00    0.0000e+00    0.0000e+00
         820   8.8255e+11   9.3107e+09   27   10           -1   0.0000e+00    0.0000e+00    0.0000e+00    0.0000e+00
         821   8.8255e+11   1.2169e+10   27   11            1   5.8761e+30    5.8761e+30    0.0000e+00    4.9148e-22
         822   8.8255e+11   1.5905e+10   27   12            1   5.3367e+33    5.3367e+33    0.0000e+00    1.1756e-18
         823   8.8255e+11   2.0789e+10   27   13            1   1.4396e+34    1.4396e+34    0.0000e+00    3.1534e-18
         824   8.8255e+11   2.7171e+10   27   14            1   1.8802e+34    1.8802e+34    0.0000e+00    7.9139e-18
         825   8.8255e+11   3.5513e+10   27   15            1   2.4542e+34    2.4542e+34    0.0000e+00    1.7591e-17
         826   8.8255e+11   4.6416e+10   27   16            1   3.1994e+34    3.1994e+34    0.0000e+00    3.9527e-17
         827   8.8255e+11   6.0666e+10   27   17            1   4.1644e+34    4.1644e+34    0.0000e+00    7.5377e-17
         828   8.8255e+11   7.9291e+10   27   18            1   5.4040e+34    5.4040e+34    0.0000e+00    1.3809e-16
         829   8.8255e+11   1.0363e+11   27   19            1   6.9763e+34    6.9763e+34    0.0000e+00    2.4608e-16
         830   8.8255e+11   1.3545e+11   27   20            1   8.9246e+34    8.9246e+34    0.0000e+00    4.3148e-16
         831   8.8255e+11   1.7704e+11   27   21            1   1.1235e+35    1.1235e+35    0.0000e+00    7.7029e-16
         832   8.8255e+11   2.3139e+11   27   22            1   1.3733e+35    1.3733e+35    0.0000e+00    1.2983e-15
         833   8.8255e+11   3.0243e+11   27   23            1   1.5860e+35    1.5860e+35    0.0000e+00    2.0562e-15
         834   8.8255e+11   3.9528e+11   27   24            1   1.5603e+35    1.5603e+35    0.0000e+00    2.7389e-15
         835   8.8255e+11   5.1663e+11   27   25            1   1.4083e+34    1.4083e+34    0.0000e+00    2.5950e-16
         836   8.8255e+11   6.7524e+11   27   26           -1   0.0000e+00    0.0000e+00    0.0000e+00    0.0000e+00
         837   8.8255e+11   8.8255e+11   27   27           -1   0.0000e+00    0.0000e+00    0.0000e+00    0.0000e+00
         838   8.8255e+11   1.1535e+12   27   28           -1   0.0000e+00    0.0000e+00    0.0000e+00    0.0000e+00
         839   8.8255e+11   1.5076e+12   27   29           -1   0.0000e+00    0.0000e+00    0.0000e+00    0.0000e+00
         840   1.1535e+12   3.6259e+08   28    0           -1   0.0000e+00    0.0000e+00    0.0000e+00    0.0000e+00
         841   1.1535e+12   8.3650e+08   28    1           -1   0.0000e+00    0.0000e+00    0.0000e+00    0.0000e+00
         842   1.1535e+12   1.0933e+09   28    2           -1   0.0000e+00    0.0000e+00    0.0000e+00    0.0000e+00
         843   1.1535e+12   1.4290e+09   28    3           -1   0.0000e+00    0.0000e+00    0.0000e+00    0.0000e+00
         844   1.1535e+12   1.8677e+09   28    4           -1   0.0000e+00    0.0000e+00    0.0000e+00    0.0000e+00
         845   1.1535e+12   2.4411e+09   28    5           -1   0.0000e+00    0.0000e+00    0.0000e+00    0.0000e+00
         846   1.1535e+12   3.1906e+09   28    6           -1   0.0000e+00    0.0000e+00    0.0000e+00    0.0000e+00
         847   1.1535e+12   4.1701e+09   28    7           -1   0.0000e+00    0.0000e+00    0.0000e+00    0.0000e+00
         848   1.1535e+12   5.4504e+09   28    8           -1   0.0000e+00    0.0000e+00    0.0000e+00    0.0000e+00
         849   1.1535e+12   7.1237e+09   28    9           -1   0.0000e+00    0.0000e+00    0.0000e+00    0.0000e+00
         850   1.1535e+12   9.3107e+09   28   10           -1   0.0000e+00    0.0000e+00    0.0000e+00    0.0000e+00
         851   1.1535e+12   1.2169e+10   28   11           -1   0.0000e+00    0.0000e+00    0.0000e+00    0.0000e+00
         852   1.1535e+12   1.5905e+10   28   12           -1   0.0000e+00    0.0000e+00    0.0000e+00    0.0000e+00
         853   1.1535e+12   2.0789e+10   28   13           -1   0.0000e+00    0.0000e+00    0.0000e+00    0.0000e+00
         854   1.1535e+12   2.7171e+10   28   14           -1   0.0000e+00    0.0000e+00    0.0000e+00    0.0000e+00
         855   1.1535e+12   3.5513e+10   28   15           -1   0.0000e+00    0.0000e+00    0.0000e+00    0.0000e+00
         856   1.1535e+12   4.6416e+10   28   16           -1   0.0000e+00    0.0000e+00    0.0000e+00    0.0000e+00
         857   1.1535e+12   6.0666e+10   28   17           -1   0.0000e+00    0.0000e+00    0.0000e+00    0.0000e+00
         858   1.1535e+12   7.9291e+10   28   18           -1   0.0000e+00    0.0000e+00    0.0000e+00    0.0000e+00
         859   1.1535e+12   1.0363e+11   28   19           -1   0.0000e+00    0.0000e+00    0.0000e+00    0.0000e+00
         860   1.1535e+12   1.3545e+11   28   20           -1   0.0000e+00    0.0000e+00    0.0000e+00    0.0000e+00
         861   1.1535e+12   1.7704e+11   28   21           -1   0.0000e+00    0.0000e+00    0.0000e+00    0.0000e+00
         862   1.1535e+12   2.3139e+11   28   22           -1   0.0000e+00    0.0000e+00    0.0000e+00    0.0000e+00
         863   1.1535e+12   3.0243e+11   28   23           -1   0.0000e+00    0.0000e+00    0.0000e+00    0.0000e+00
         864   1.1535e+12   3.9528e+11   28   24           -1   0.0000e+00    0.0000e+00    0.0000e+00    0.0000e+00
         865   1.1535e+12   5.1663e+11   28   25           -1   0.0000e+00    0.0000e+00    0.0000e+00    0.0000e+00
         866   1.1535e+12   6.7524e+11   28   26           -1   0.0000e+00    0.0000e+00    0.0000e+00    0.0000e+00
         867   1.1535e+12   8.8255e+11   28   27           -1   0.0000e+00    0.0000e+00    0.0000e+00    0.0000e+00
         868   1.1535e+12   1.1535e+12   28   28           -1   0.0000e+00    0.0000e+00    0.0000e+00    0.0000e+00
         869   1.1535e+12   1.5076e+12   28   29           -1   0.0000e+00    0.0000e+00    0.0000e+00    0.0000e+00
         870   1.5076e+12   3.6259e+08   29    0           -1   0.0000e+00    0.0000e+00    0.0000e+00    0.0000e+00
         871   1.5076e+12   8.3650e+08   29    1           -1   0.0000e+00    0.0000e+00    0.0000e+00    0.0000e+00
         872   1.5076e+12   1.0933e+09   29    2           -1   0.0000e+00    0.0000e+00    0.0000e+00    0.0000e+00
         873   1.5076e+12   1.4290e+09   29    3           -1   0.0000e+00    0.0000e+00    0.0000e+00    0.0000e+00
         874   1.5076e+12   1.8677e+09   29    4           -1   0.0000e+00    0.0000e+00    0.0000e+00    0.0000e+00
         875   1.5076e+12   2.4411e+09   29    5           -1   0.0000e+00    0.0000e+00    0.0000e+00    0.0000e+00
         876   1.5076e+12   3.1906e+09   29    6           -1   0.0000e+00    0.0000e+00    0.0000e+00    0.0000e+00
         877   1.5076e+12   4.1701e+09   29    7           -1   0.0000e+00    0.0000e+00    0.0000e+00    0.0000e+00
         878   1.5076e+12   5.4504e+09   29    8           -1   0.0000e+00    0.0000e+00    0.0000e+00    0.0000e+00
         879   1.5076e+12   7.1237e+09   29    9           -1   0.0000e+00    0.0000e+00    0.0000e+00    0.0000e+00
         880   1.5076e+12   9.3107e+09   29   10           -1   0.0000e+00    0.0000e+00    0.0000e+00    0.0000e+00
         881   1.5076e+12   1.2169e+10   29   11           -1   0.0000e+00    0.0000e+00    0.0000e+00    0.0000e+00
         882   1.5076e+12   1.5905e+10   29   12           -1   0.0000e+00    0.0000e+00    0.0000e+00    0.0000e+00
         883   1.5076e+12   2.0789e+10   29   13           -1   0.0000e+00    0.0000e+00    0.0000e+00    0.0000e+00
         884   1.5076e+12   2.7171e+10   29   14           -1   0.0000e+00    0.0000e+00    0.0000e+00    0.0000e+00
         885   1.5076e+12   3.5513e+10   29   15           -1   0.0000e+00    0.0000e+00    0.0000e+00    0.0000e+00
         886   1.5076e+12   4.6416e+10   29   16           -1   0.0000e+00    0.0000e+00    0.0000e+00    0.0000e+00
         887   1.5076e+12   6.0666e+10   29   17           -1   0.0000e+00    0.0000e+00    0.0000e+00    0.0000e+00
         888   1.5076e+12   7.9291e+10   29   18           -1   0.0000e+00    0.0000e+00    0.0000e+00    0.0000e+00
         889   1.5076e+12   1.0363e+11   29   19           -1   0.0000e+00    0.0000e+00    0.0000e+00    0.0000e+00
         890   1.5076e+12   1.3545e+11   29   20           -1   0.0000e+00    0.0000e+00    0.0000e+00    0.0000e+00
         891   1.5076e+12   1.7704e+11   29   21           -1   0.0000e+00    0.0000e+00    0.0000e+00    0.0000e+00
         892   1.5076e+12   2.3139e+11   29   22           -1   0.0000e+00    0.0000e+00    0.0000e+00    0.0000e+00
         893   1.5076e+12   3.0243e+11   29   23           -1   0.0000e+00    0.0000e+00    0.0000e+00    0.0000e+00
         894   1.5076e+12   3.9528e+11   29   24           -1   0.0000e+00    0.0000e+00    0.0000e+00    0.0000e+00
         895   1.5076e+12   5.1663e+11   29   25           -1   0.0000e+00    0.0000e+00    0.0000e+00    0.0000e+00
         896   1.5076e+12   6.7524e+11   29   26           -1   0.0000e+00    0.0000e+00    0.0000e+00    0.0000e+00
         897   1.5076e+12   8.8255e+11   29   27           -1   0.0000e+00    0.0000e+00    0.0000e+00    0.0000e+00
         898   1.5076e+12   1.1535e+12   29   28           -1   0.0000e+00    0.0000e+00    0.0000e+00    0.0000e+00
         899   1.5076e+12   1.5076e+12   29   29           -1   0.0000e+00    0.0000e+00    0.0000e+00    0.0000e+00
